epoch,train_mse,train_rel_l2,val_mse,val_mae,val_rel_l2,lr
1,0.6618343089550762,0.8657249914482236,0.4307433356530964,0.26551097705960275,1.0779757857322694,0.0009999975326009292
2,0.4431905502488007,0.7477387359365821,0.3603461236227304,0.16479223482310773,0.653684452176094,0.0009999901304280684
3,0.39063596755295293,0.6620301203802228,0.31542238340189216,0.15313426963984966,0.6084246188402176,0.000999977793554475
4,0.33858212149207245,0.6046255772933364,0.2677776350086788,0.1371167765930295,0.558074364066124,0.0009999605221019082
5,0.3097371879619459,0.5792957784608006,0.23279018816538155,0.1303739062510431,0.5403335854411125,0.0009999383162408303
6,0.2732151237749349,0.5593176390975714,0.25634896468545776,0.13594083888456227,0.5538574516773224,0.0009999111761904045
7,0.23391379523382055,0.5288832969032228,0.22196678745094686,0.13348066415637733,0.533135075867176,0.000999879102218492
8,0.19669367685946781,0.49608782585710287,0.19233882339613045,0.12240011971443891,0.4945701062679291,0.00099984209464165
9,0.17864263168212346,0.4758733108639717,0.18095698312972672,0.12230090415105224,0.48403930738568307,0.000999800153825128
10,0.16406296618515626,0.4614545490592718,0.1876215104275616,0.12804996464401483,0.5126679807901382,0.0009997532801828656
11,0.16576290228695142,0.475249610748142,0.18843174311332406,0.1218941648490727,0.49950171560049056,0.0009997014741774863
12,0.14481336649114382,0.4466604391112924,0.1591813075065147,0.1258515888825059,0.49528676420450213,0.0009996447363202945
13,0.1316728542380588,0.43754681004211304,0.16474657229264267,0.1115163279697299,0.4651660591363907,0.00099958306717127
14,0.1263915575338615,0.4214741926640272,0.15203692196810153,0.10868205414153635,0.4682716116309166,0.0009995164673390624
15,0.12118117033314775,0.40668968968093394,0.13880098730442114,0.1082615883089602,0.4360287681221962,0.0009994449374809851
16,0.11181103744202119,0.40024964082986114,0.14610249535180628,0.11052200850099325,0.4387912765145302,0.0009993684783030088
17,0.10730275260320923,0.4041572636924684,0.15533405781607143,0.10832661655731499,0.44301670268177984,0.0009992870905597548
18,0.10213127945280576,0.3870696367695928,0.13162484237836908,0.1019025483634323,0.4290736220777035,0.0009992007750544874
19,0.09984740657782823,0.3855337446555495,0.13384432974853552,0.10464343563653529,0.42808927744627,0.0009991095326391058
20,0.09239285627554636,0.3738194129895419,0.12920285416184923,0.09987780093215406,0.4149501949548721,0.0009990133642141356
21,0.08989048917210311,0.37265866426751015,0.14952864724618847,0.107267701998353,0.4449431270360947,0.0009989122707287207
22,0.09444082054724276,0.3789628735277802,0.14829812999232672,0.10823070388287306,0.44008979499340056,0.0009988062531806124
23,0.09522422789577831,0.373772843927145,0.14470534795691492,0.10468095573596656,0.4276737943291664,0.0009986953126161617
24,0.08676116869319231,0.359051651135087,0.1349695708951913,0.102663044212386,0.40723404809832575,0.0009985794501303066
25,0.07923964146048093,0.33975500129163266,0.13308726583054523,0.09880890105850995,0.40595137029886247,0.0009984586668665637
26,0.08038395375569962,0.34941319273784754,0.13629758202878292,0.09697138788178564,0.39304141253232955,0.0009983329640170144
27,0.07672801789467484,0.33345431853085755,0.1405677344679134,0.09917170740664005,0.39543849378824236,0.0009982023428222956
28,0.07147264086406721,0.33042504945769907,0.12331590241665254,0.09471215293742716,0.3833170384168625,0.0009980668045715857
29,0.07328582146510598,0.3350723632145673,0.1307027043570997,0.0976987959817052,0.37955921366810796,0.0009979263506025922
30,0.07144728545772523,0.33305895924568174,0.13050011598243144,0.09283740865066648,0.3874256990849972,0.0009977809823015393
31,0.07270740575786476,0.3263402730692178,0.15751630964805372,0.10641371328383684,0.43035221099853516,0.0009976307011031536
32,0.0692282509053257,0.3333414772991091,0.12702440271095838,0.09006477170623839,0.3669256307184696,0.0009974755084906496
33,0.06669733379458194,0.3198510095477104,0.11642220239446033,0.09015684071928262,0.3672727108001709,0.0009973154059957155
34,0.07287368134893768,0.32948738704435526,0.1290672357310541,0.10411538407206536,0.4056290090084076,0.0009971503951984987
35,0.0652169586468517,0.3090105309151113,0.1508039776410442,0.10158651806414128,0.4115550652146339,0.0009969804777275892
36,0.062257862563456,0.3065308324526995,0.1286889967872412,0.09272059542126954,0.3732597455382347,0.0009968056552600035
37,0.060736333632121386,0.31546545936726034,0.11875409159401898,0.08848963640630245,0.36196435391902926,0.000996625929521169
38,0.06251545835948491,0.30106830154545605,0.1339886296365876,0.09148001815192401,0.36242795288562774,0.0009964413022849061
39,0.05742375966392501,0.29718299778178336,0.1211158331396291,0.09219523095525801,0.36829822733998296,0.0009962517753734112
40,0.058901479027008465,0.30266794585622847,0.11901761053595691,0.0889814127702266,0.35764417722821235,0.0009960573506572383
41,0.06427948794316762,0.31222522631287575,0.12024247583321994,0.08996127042919397,0.36608488783240317,0.0009958580300552808
42,0.05878518523795719,0.28462875545956196,0.11571882315329277,0.08819742491468788,0.3575033612549305,0.0009956538155347526
43,0.06119583444015007,0.2934139982331544,0.11601449737790973,0.08805481935851275,0.36156768873333933,0.0009954447091111687
44,0.05747348111717656,0.2998414082452655,0.13995726532739355,0.09288762677460909,0.3771755680441856,0.0009952307128483248
45,0.05451515859786014,0.2801983876619488,0.1219741310167592,0.08744946019724012,0.36020858511328696,0.000995011828858278
46,0.056628557477415596,0.2876753381919116,0.11994004838488763,0.08870101938955485,0.364152155816555,0.0009947880593013246
47,0.05180426830766009,0.2817715713288635,0.11536821843474172,0.0889381336979568,0.3562591031193733,0.00099455940638598
48,0.053205006767348094,0.27722669318318366,0.12664663458126596,0.0893236587755382,0.35313242226839064,0.0009943258723689563
49,0.049590902211366486,0.2732225940097123,0.12126854644884588,0.0883186221588403,0.36005185917019844,0.0009940874595551397
50,0.053876091749134505,0.28087654961273073,0.11704241130209994,0.0860546797979623,0.34773922339081764,0.0009938441702975682
51,0.049711529358137344,0.2721148647367954,0.1422319171630079,0.09250043919309973,0.3561937905848026,0.000993596006997409
52,0.0468391834781869,0.2747851792257279,0.10542443480226212,0.08139170501381159,0.3320529989898205,0.0009933429721039333
53,0.05520750873920406,0.2730030712671578,0.1176199234701926,0.0908410799689591,0.3640378937125206,0.0009930850681144938
54,0.051908907680262927,0.26761007569730283,0.11089854245365131,0.08303582528606057,0.347965220361948,0.0009928222975744982
55,0.047087200886198846,0.2644534901715815,0.1275638695107773,0.08954326384700835,0.35101943016052245,0.000992554663077386
56,0.04613808835474629,0.26641739974729717,0.11771536265441682,0.08369640964083373,0.3475635960698128,0.0009922821672646018
57,0.04306813893090293,0.2542442758567631,0.13545161539368564,0.09151472533121705,0.35660978853702546,0.0009920048128255691
58,0.04401932231976389,0.26115278266370295,0.12566744674404617,0.08855099817737937,0.3630416579544544,0.0009917226024976642
59,0.043859744198380214,0.25279106735251844,0.11788870050513651,0.08219822994433343,0.3366107851266861,0.0009914355390661888
60,0.04334665464257341,0.24982240768149494,0.15851059487904423,0.0959042988717556,0.36907766833901406,0.0009911436253643437
61,0.04429286245813273,0.25760489692911503,0.11324460377945797,0.08181455335579813,0.340085194259882,0.0009908468642731987
62,0.047053313451397114,0.2601552384439856,0.14936399871512548,0.09492958001792431,0.3816353172063828,0.0009905452587216663
63,0.049817183226878115,0.26400053994730116,0.12753004833793966,0.08955612052232027,0.35024377405643464,0.0009902388116864716
64,0.043924771377169235,0.25467316145077346,0.11711263194301864,0.08345030779018998,0.3456660181283951,0.0009899275261921227
65,0.04232284187401092,0.25168961090967057,0.10870152398856589,0.08079867665655911,0.33281876146793365,0.0009896114053108821
66,0.03793629168858388,0.23279346050694585,0.11018303594464669,0.08098191148601472,0.3379313975572586,0.0009892904521627353
67,0.0399339626173969,0.24217643584124743,0.13402344939531757,0.08626404008828104,0.34797588288784026,0.0009889646699153601
68,0.039063366178106664,0.2356554170139134,0.1289814069881686,0.0850684467703104,0.3550001263618469,0.0009886340617840958
69,0.04336206058933385,0.2470737835392356,0.11738129574368941,0.08245970639400184,0.3413692317903042,0.0009882986310319113
70,0.039484305963105724,0.23496787426993251,0.11534088807966328,0.0861698726657778,0.3539342015981674,0.0009879583809693727
71,0.0453036522302682,0.25443688724189994,0.14032835113466718,0.09341197013854981,0.3703350074589252,0.0009876133149546106
72,0.043638121841013344,0.24670834396965802,0.12632350825733737,0.08631789297796785,0.3446175493299961,0.0009872634363932876
73,0.04271470657813552,0.24532821797765791,0.129745545523474,0.10138999298214912,0.40075335577130317,0.0009869087487385634
74,0.039600459565917845,0.2376411640550941,0.12424908456887351,0.0842148041818291,0.3485005423426628,0.0009865492554910623
75,0.039336786878448035,0.23303830469958484,0.11946518695476697,0.0812074851244688,0.34018349274992943,0.0009861849601988373
76,0.03604379321996021,0.22840857822448016,0.1191360410870402,0.08119128663092852,0.33779815658926965,0.000985815866457336
77,0.036600212673056375,0.2405989825259894,0.14705990251968615,0.09458420593291521,0.3683265529572964,0.0009854419779093645
78,0.03750327790394294,0.23036725947167724,0.12026646561862435,0.08497663494199514,0.3431798961013556,0.000985063298245052
79,0.03735626802208571,0.23639967255294322,0.14109723849833244,0.08649345375597477,0.36082895249128344,0.0009846798312018136
80,0.03722093925289301,0.23224047236144543,0.1160955123588792,0.08068341463804245,0.33193652927875517,0.0009842915805643145
81,0.037211502426362134,0.23664553374983371,0.11257332341192523,0.08121971338987351,0.3245026901364326,0.0009838985501644318
82,0.038162148977335164,0.2316229786723852,0.11456037996977102,0.08324451679363847,0.346440301835537,0.0009835007438812166
83,0.032961062408412546,0.22039225338958204,0.11498319373058621,0.08239612332545221,0.3274130955338478,0.0009830981656408565
84,0.03687941918051365,0.23418615004047752,0.1279210575623438,0.08537220605649054,0.3491912253201008,0.0009826908194166361
85,0.03268170093651861,0.2197108119726181,0.12207182668935275,0.08326419522054493,0.34492129161953927,0.000982278709228898
86,0.03426348501661778,0.22085098288953303,0.11992112955049379,0.0845891635864973,0.337046654522419,0.000981861839145004
87,0.03635466361311046,0.2362233442720026,0.11795053636451484,0.08219461659900844,0.32533392012119294,0.000981440213279293
88,0.03306153261428335,0.2177224385086447,0.11242737244901946,0.0804133121855557,0.3285234957933426,0.000981013835793042
89,0.03086295719717782,0.2100364399375394,0.12054145919828443,0.0813258245587349,0.32766453102231025,0.000980582710894425
90,0.032908692915680146,0.21708763097412884,0.12271773376560305,0.08846277324482799,0.3499785989522934,0.0009801468428384706
91,0.03528893638995214,0.22819963814690708,0.14630861264740816,0.08727816552855075,0.34772179648280144,0.0009797062359270204
92,0.03407828208710271,0.22013707580044867,0.1650572433907655,0.09310086001642048,0.3612650975584984,0.000979260894508687
93,0.04436375431259876,0.2340090713929385,0.11469693516992266,0.08078663302585483,0.33668334409594536,0.0009788108229788102
94,0.03391750696505369,0.22122711283154786,0.13297682048432763,0.08858545231632889,0.3615694880485535,0.0009783560257794143
95,0.029449027815189766,0.2086915430147201,0.12000109736254672,0.0811215948779136,0.3315767630934715,0.000977896507399164
96,0.029364323820618665,0.21166451571043582,0.11534071069327183,0.07828893968835474,0.32775493487715723,0.0009774322723733204
97,0.02831104445276651,0.2093801389215514,0.12892438703711379,0.08324991334229707,0.3414945125579834,0.0009769633252836956
98,0.029714732087450103,0.2071110795950517,0.12394088565051789,0.0806090650614351,0.3330435946583748,0.0009764896707586083
99,0.029443442216779657,0.21614457257091998,0.11937278308614623,0.08189111119136214,0.334090831130743,0.0009760113134728371
100,0.030249757943329313,0.20324185530189426,0.12142505629453808,0.0811324140522629,0.33201205283403395,0.0009755282581475756
101,0.02759377812144521,0.2003112510545179,0.12126596949383384,0.08605953655205667,0.34229729846119883,0.0009750405095503846
102,0.028483241450066997,0.2130830719601363,0.13555213362851645,0.08531498657539487,0.35376315414905546,0.0009745480724951461
103,0.033937701316426684,0.22061674371361734,0.11324812355596806,0.07989664934575558,0.3226615205407143,0.0009740509518420147
104,0.031879219020265734,0.20425969203934075,0.10389205939864041,0.07900873101316393,0.32836815938353536,0.0009735491524973707
105,0.030146904252887907,0.20356870004907252,0.11194518809643342,0.07838698201812803,0.31007512509822843,0.0009730426794137714
106,0.03016942560680036,0.20403152180369943,0.1025839605499641,0.07690859390422702,0.3104485459625721,0.0009725315375899012
107,0.02714225979402727,0.1954108983045444,0.1145154565514531,0.08118039718829095,0.3160835273563862,0.0009720157320705237
108,0.026076640481278446,0.19159712267573922,0.11261038353986805,0.07758360127918422,0.31555856242775915,0.0009714952679464311
109,0.02576496577848957,0.19087085956707597,0.10363166643655859,0.07578774401918054,0.31110969707369807,0.000970970150354394
110,0.02698467274185532,0.1975623975507915,0.10644990665459772,0.07722737230360507,0.309127027541399,0.0009704403844771115
111,0.02665809691911818,0.19755035559646786,0.14291777510079556,0.08936910452321171,0.3479588650166988,0.0009699059755431586
112,0.030062917944451328,0.21168201256077737,0.12340030234336155,0.08278985037468374,0.3304506458342075,0.0009693669288269359
113,0.027592276424911688,0.19455942548811436,0.1204209742048988,0.07970252092927695,0.32150706723332406,0.0009688232496486166
114,0.0275520824882733,0.19675629616249352,0.10385954290541122,0.07580689606256782,0.3126554869115353,0.0009682749433740951
115,0.0377312898940545,0.20935400498565288,0.11957431265036575,0.08391990764066577,0.3474257715046406,0.0009677220154149325
116,0.03338825571254347,0.21460966104641557,0.1311441213620128,0.08620386994443834,0.3594705618917942,0.0009671644712283048
117,0.036586259864361634,0.22449829252436757,0.12201934724726016,0.08579284576699138,0.3302511751651764,0.000966602316316948
118,0.028732105082008276,0.1996590827591717,0.11225230020936579,0.0780475371517241,0.31573263704776766,0.0009660355562291042
119,0.025301448330355924,0.18727714775595813,0.10656233791232808,0.07828423422761262,0.3130237802863121,0.0009654641965584666
120,0.02474118264944991,0.1889561131130904,0.11343157408409751,0.0771284241694957,0.32275855727493763,0.0009648882429441245
121,0.02392214504820913,0.17668638504110276,0.12147924200980924,0.0793068187776953,0.32265130914747714,0.0009643077010705074
122,0.024579972120227465,0.1840214200085029,0.11642774862848455,0.07950047524645924,0.32965133637189864,0.0009637225766673293
123,0.02680190986538946,0.19725769830401987,0.10828981583908899,0.07695699343457818,0.3157888248562813,0.000963132875509532
124,0.025679722905306335,0.18425659094937147,0.11166442039975663,0.0765960450284183,0.3126130934804678,0.0009625386034172276
125,0.023813872091841402,0.18078565928153695,0.10835750856640516,0.07647461108863354,0.30943155810236933,0.000961939766255642
126,0.02739463150942356,0.20079292100854218,0.11886118670663563,0.08160106185823679,0.3158953167498112,0.0009613363699350561
127,0.027411794503086638,0.19011720404960214,0.10814708730904385,0.07638914459384978,0.30360452085733414,0.0009607284204107479
128,0.024473069941905123,0.1826582216192037,0.10609430705662817,0.07608690485358238,0.3071016471832991,0.0009601159236829338
129,0.024215238489432522,0.18462205068208276,0.10402760766883148,0.07548534022644163,0.304011332988739,0.0009594988857967092
130,0.025160729674826143,0.18259311928413807,0.1445125183920027,0.08831645264290273,0.3492088481783867,0.0009588773128419891
131,0.029397778716884204,0.20411534148734062,0.11390145244367886,0.07835007859393954,0.3217981234192848,0.0009582512109534474
132,0.029086124906825717,0.20539623603690416,0.11177067769167479,0.0776615154929459,0.3164075255393982,0.0009576205863104573
133,0.02557426669227425,0.17535754083655775,0.10805779832880943,0.07595350872725248,0.30765084028244016,0.0009569854451370291
134,0.024833708086725893,0.18457616290543227,0.10737550998601364,0.07664554435759782,0.3204468101263046,0.00095634579370175
135,0.02597012755900323,0.19546712131705135,0.11557703448197572,0.07713455758057534,0.31918538808822633,0.0009557016383177212
136,0.025005017177227272,0.18510047371964902,0.11157656667201081,0.07859583939425648,0.3133746698498726,0.0009550529853424964
137,0.025678024298758827,0.19303150658961385,0.12205471092602238,0.08214624281972646,0.3219944901764393,0.0009543998411780187
138,0.0243300353055929,0.18645166037604213,0.11281657608778914,0.07727178446948528,0.32038046047091484,0.000953742212270557
139,0.024337656822763166,0.18730485143605619,0.11244900400779442,0.08112921887077391,0.32406422197818757,0.0009530801051106435
140,0.02349483661373597,0.17867936014663427,0.1140793765138369,0.0793461081571877,0.3184484846889973,0.0009524135262330084
141,0.02355728365741925,0.17654065652750434,0.11374216455442365,0.0825868921354413,0.3284963026642799,0.0009517424822165161
142,0.02294997801043337,0.1826502756215632,0.10389691453747218,0.07441653572022915,0.30275387577712537,0.0009510669796841
143,0.025182775227767705,0.18353606883902102,0.11199186533631292,0.07836855072528123,0.3250449612736702,0.0009503870253026977
144,0.02500943789946177,0.18578617807943373,0.10416444967413555,0.07551777241751552,0.29952521808445454,0.0009497026257831842
145,0.024113731492798253,0.17745490761008115,0.10565722183819162,0.0745459976606071,0.30973405092954637,0.0009490137878803065
146,0.025493387367987452,0.1778941735625267,0.10230419689469272,0.07601318079978228,0.3056108929216862,0.0009483205183926168
147,0.02408315099351057,0.1759757804684341,0.10333673414133955,0.07463531787507235,0.30168795883655547,0.0009476228241624046
148,0.023683330058656794,0.18156016287393867,0.10595422360784142,0.07429896024987101,0.3072655498981476,0.0009469207120756306
149,0.02267877075701108,0.168439694843255,0.12286797716078582,0.07952413940802217,0.32863318622112275,0.0009462141890618578
150,0.02485851060537243,0.19205776101443917,0.11357080060406588,0.08282122258096933,0.32867792919278144,0.0009455032620941827
151,0.022453169300388254,0.17475195701699703,0.10991621180146467,0.07637942302972078,0.3160131864249706,0.0009447879381891678
152,0.023716454396799237,0.1753254392882809,0.10834121616935591,0.07451618369668722,0.307250551879406,0.000944068224406771
153,0.02374789787663758,0.17173665633890778,0.09805996582290391,0.07159816664643585,0.2943723987787962,0.0009433441278502771
154,0.02525470141954429,0.1841841446235776,0.1142337737546768,0.08016778496094049,0.33103616163134575,0.0009426156556662263
155,0.021721697516204584,0.17306785478722303,0.11063359542022226,0.07605488286353648,0.31015064008533955,0.0009418828150443455
156,0.021648079238639185,0.17449422001373022,0.10378911272637197,0.0763231510296464,0.3087180946022272,0.0009411456132174754
157,0.021797214290836565,0.1702085685217753,0.10584689525858267,0.07618925697170198,0.314168631285429,0.0009404040574615006
158,0.022081086616208268,0.17453957397956402,0.10850003448140341,0.07462835796177388,0.3121087685227394,0.0009396581550952768
159,0.02244172190376048,0.17763325108680875,0.11509844769898336,0.07846225402317941,0.3221333041787148,0.0009389079134805596
160,0.02199963395751183,0.1727616666816175,0.11505091629514937,0.07639649864286184,0.3155109237879515,0.0009381533400219305
161,0.02352133656686419,0.17343522468581796,0.11537743969965959,0.08070546169765294,0.3208873726427555,0.0009373944421667251
162,0.024295199947391665,0.18210367436986416,0.13654948106704978,0.08775628283619881,0.34600416347384455,0.0009366312274049588
163,0.024302323258098113,0.17921077185310424,0.10368892203987343,0.073005813639611,0.30133780315518377,0.0009358637032692533
164,0.022968127984859164,0.17967574999202043,0.10159176268789452,0.0738159064669162,0.3080132357776165,0.0009350918773347616
165,0.022844835112027794,0.16807772244792432,0.10982797498436411,0.07819803771562875,0.30622911974787714,0.0009343157572190944
166,0.022057716186236576,0.16991401733830572,0.10735053638927639,0.07705736784264446,0.30407010987401006,0.0009335353505822438
167,0.02169768003172976,0.16183593685273082,0.11144704866674146,0.07474125679582358,0.30855172462761404,0.0009327506651265082
168,0.020770310780562795,0.16724626757204533,0.10354695531277684,0.07298018434084952,0.3054158605635166,0.0009319617085964164
169,0.02162739304212664,0.1618541468400508,0.10679037166119087,0.07491512033157051,0.30319953709840775,0.0009311684887786508
170,0.02123340647540317,0.17234042047057302,0.1085266225898522,0.0727998725604266,0.30689235739409926,0.0009303710135019706
171,0.022581883485099753,0.16487165831495076,0.12993516993446974,0.08583918302319944,0.3354408986866474,0.000929569290637135
172,0.02125268002118901,0.1683048912556842,0.10400391778384802,0.07197202905081213,0.3042979624122381,0.000928763328096825
173,0.02208879848394645,0.16432743538171052,0.1007019265605777,0.07140307724475861,0.29668726585805416,0.0009279531338355654
174,0.020927489573114143,0.15425047064200043,0.11405939828473492,0.07652421798557044,0.3126448579132557,0.0009271387158496464
175,0.020165970028256198,0.1578961048508063,0.10351782855868805,0.07114009228534997,0.3028373382985592,0.0009263200821770449
176,0.020822674771716267,0.1577621027128771,0.10024320361262654,0.07197506236843765,0.2973991923034191,0.0009254972408973448
177,0.02180080541343159,0.1706688633421436,0.10692042963855783,0.07471571411006153,0.29847671538591386,0.000924670200131657
178,0.021390363708542283,0.15615939470008017,0.10777030196913984,0.07674413565546274,0.2972781591117382,0.0009238389680425404
179,0.020944416592465133,0.16024476995225995,0.10298305536198313,0.07251632232218981,0.2999109663069248,0.0009230035528339198
180,0.02153529654178783,0.16863592891022564,0.10518858342111344,0.0744547002017498,0.30398424714803696,0.0009221639627510063
181,0.02141101996958241,0.17151983093935996,0.12612673645999167,0.07987102386541664,0.3241084095090628,0.000921320206080215
182,0.022822886937092335,0.1652744937920943,0.10661637555676862,0.07322778338566423,0.30026303566992285,0.0009204722911490834
183,0.02252206565699453,0.16958350709173828,0.1211804219899932,0.08101989403367042,0.326901875808835,0.0009196202263261897
184,0.02189735095512333,0.16617261052597315,0.109195187077421,0.07347697159275413,0.3032295987010002,0.0009187640200210698
185,0.020628729615782503,0.15460092159919442,0.111178784645017,0.07564230384305119,0.30279041863977907,0.000917903680684134
186,0.02012803769966922,0.1525954351760447,0.10057912342599593,0.07124105324037373,0.2917841888964176,0.0009170392168065844
187,0.021739758626699766,0.1630207540700212,0.10875604710745393,0.07509557972662151,0.30342347770929334,0.0009161706369203305
188,0.020859171942424835,0.15247112616198139,0.10978100039210403,0.07479751859791577,0.31010415144264697,0.0009152979495979051
189,0.020920479296910342,0.1571733616758138,0.10161540934714139,0.07142051900736987,0.2937803495675325,0.0009144211634523797
190,0.020258017747255507,0.16379841964226216,0.10232910368649754,0.07012493782676757,0.29359638020396234,0.0009135402871372796
191,0.02013417059479252,0.1619241112610325,0.11425066864321706,0.07869833223521709,0.31059770062565806,0.0009126553293464986
192,0.02442889782023485,0.1810575915267691,0.11749721433297963,0.08610720923170448,0.322696591168642,0.0009117662988142125
193,0.02224994329690162,0.17325916974805294,0.12904189059481724,0.08529175170697272,0.3261129938066006,0.0009108732043147939
194,0.021843358284058922,0.16300912883598356,0.09990405284042936,0.0714134514797479,0.2948792014271021,0.000909976054662725
195,0.020875189371872695,0.1539922161027789,0.11051684226331418,0.07673573051579297,0.29951632842421533,0.0009090748587125104
196,0.01969236208442453,0.15978738535195589,0.10540051702555502,0.07432915479876101,0.30478121638298034,0.0009081696253585908
197,0.018713125950807808,0.14953311757417395,0.10736658103996888,0.07506771152839065,0.2964556232094765,0.0009072603635352535
198,0.020149772472632322,0.1590906950063072,0.11086613627412589,0.07641763463616372,0.3075482487678528,0.0009063470822165457
199,0.02019358614634257,0.15831250783521683,0.1073440149128146,0.07415523631498218,0.3043495111167431,0.0009054297904161855
200,0.02239771824588388,0.17531370918732136,0.11473982281895587,0.08107150141149759,0.31754367277026174,0.0009045084971874724
201,0.02116626815723066,0.16343708264175802,0.11134603690734365,0.0757641741540283,0.30333541333675385,0.0009035832116231988
202,0.02183281746283683,0.1583686629543081,0.112910470119823,0.07546274052001536,0.30530979223549365,0.0009026539428555596
203,0.021417196693073494,0.16153850734699518,0.10177456308010732,0.07256595226936043,0.287597531825304,0.0009017207000560626
204,0.0198885389546831,0.16035783221013844,0.10550833102170146,0.07618146263994277,0.3023752007633448,0.000900783492435437
205,0.02037654820323951,0.14904438770608977,0.09982241199468263,0.06958132684230804,0.2892203275114298,0.0008998423292435441
206,0.01930020636732479,0.15320072347531094,0.09752098872340867,0.0711363637354225,0.29097238220274446,0.0008988972197692842
207,0.023174990774441538,0.16213639085181059,0.10339617386634928,0.07335154009051621,0.29346203468739984,0.0008979481733405066
208,0.019053583456889102,0.16005684600677342,0.11019140318894642,0.07569257575087249,0.2932691238820553,0.0008969951993239164
209,0.019667685103604525,0.155244147463236,0.10189865554857533,0.07195686153136194,0.29368254989385606,0.0008960383071249824
210,0.020304464660603115,0.16330473967827858,0.1182266054660431,0.0779942870605737,0.3115159373730421,0.0008950775061878439
211,0.02023077017702235,0.15912344793323427,0.10143559555581305,0.07319501540623605,0.2999758094549179,0.0008941128059952187
212,0.020294946360240828,0.15569153239484876,0.10813886701289448,0.07499586353078484,0.3046107701957226,0.0008931442160683081
213,0.022521639783917635,0.1748569929972291,0.10563520968571538,0.07698241942562163,0.31213321797549726,0.0008921717459667036
214,0.021115082548658393,0.15608018171042204,0.11177079703775235,0.07532798293977976,0.3102218139916658,0.0008911954052882926
215,0.018570556096119618,0.15066148899495602,0.10220573533370043,0.07036783252842724,0.2900747053325176,0.0008902152036691634
216,0.01887076617699677,0.1473208107519895,0.10947377668926492,0.07334638498723507,0.3033038429915905,0.0008892311507835103
217,0.018135000164647863,0.15150077810976653,0.10248235948747605,0.06992486580275,0.2935553777962923,0.0008882432563435378
218,0.021016687587325576,0.15908791165566072,0.11531309583224356,0.07683882252313197,0.3135585434734821,0.0008872515300993655
219,0.017940942437508055,0.14537266859551892,0.11061457930263714,0.07459343983791769,0.3017651453614235,0.0008862559818389307
220,0.01794566210528501,0.14543021166464315,0.1080465994295082,0.07228435706347228,0.2999957211315632,0.0008852566213878929
221,0.019329347745588164,0.1514863803749904,0.10655389985186048,0.07249646256677807,0.29983815774321554,0.0008842534586095366
222,0.019048746707630924,0.15118575165979564,0.10386114700595499,0.07074277070350946,0.3002141732722521,0.0008832465034046733
223,0.018359550155446415,0.1510733215720393,0.11322892683456302,0.07819307437166571,0.29677819088101387,0.0008822357657115442
224,0.018435718445834935,0.1511329079279676,0.10278657728777034,0.07055944693274796,0.29299164153635504,0.0008812212555057223
225,0.02191512056811007,0.15332578140078112,0.11212039375532186,0.07428200058639049,0.3129115976393223,0.000880202982800014
226,0.020160851061564244,0.15117693031206728,0.10221720351473777,0.07139186137355864,0.2922296438366175,0.0008791809576443595
227,0.018880463270215843,0.15065558538772167,0.09865365343066515,0.06907602213323116,0.2864693194627762,0.0008781551901257345
228,0.018029228152408906,0.14045206257142126,0.11347268639801769,0.0759903754107654,0.29591580405831336,0.0008771256903680505
229,0.01969253653674059,0.16389404527144508,0.10366494289482944,0.07391898334026337,0.3021629646420479,0.0008760924685320542
230,0.018211343661141653,0.1455915085505694,0.10011873607363668,0.0682330512907356,0.2865156717598438,0.0008750555348152283
231,0.01808952903647878,0.14245446359273045,0.10660508366781869,0.07556992704048753,0.29570489674806594,0.0008740148994516897
232,0.020629409965295054,0.15415781422052532,0.09702762441738741,0.06741610518656671,0.286053205281496,0.0008729705727120896
233,0.018670287962322618,0.14943500983063132,0.10423304307041689,0.07090625395067036,0.29648878388106825,0.000871922564903511
234,0.018483461396544953,0.14932516247499733,0.11120029415542376,0.07515890090726315,0.30465878248214723,0.0008708708863693681
235,0.01733905622227212,0.1488733791746199,0.10475844040993251,0.07136981380172074,0.2916338466107845,0.0008698155474893034
236,0.016895874129477306,0.14058161966968327,0.10631301435278147,0.06954519068822265,0.29520164951682093,0.0008687565586790856
237,0.018092453194913104,0.14836654933169485,0.10046000609727343,0.06984328851103783,0.28381272777915,0.0008676939303905066
238,0.019781849186256296,0.15019132053712383,0.11105206807842478,0.0772126004099846,0.3007942888885736,0.0008666276731112787
239,0.020545984785258042,0.15587809183634818,0.11554995113838232,0.07676186640746892,0.302056647837162,0.0008655577973649307
240,0.01829696672512,0.14384281957754866,0.10613148250922677,0.07179917036555708,0.2988140918314457,0.0008644843137107043
241,0.02334122092529469,0.16415024856105448,0.10086915512001723,0.0732270201202482,0.30153812766075133,0.00086340723274345
242,0.01832302569409876,0.14697117508621887,0.1398309397387493,0.08366265422664583,0.31426350139081477,0.000862326565093522
243,0.017860602623250087,0.1451179537922144,0.11167451196233742,0.07319882488809526,0.28981765955686567,0.0008612423214266735
244,0.018427557931408954,0.14315525495912879,0.11505587355131866,0.07341669369488954,0.2967272814363241,0.000860154512443952
245,0.016654680204328542,0.14116862004157155,0.12449819964822381,0.07730949129909277,0.3044703550636768,0.000859063148881593
246,0.01628643049252787,0.14363450589589774,0.11424560074156034,0.0723647671751678,0.2890583038330078,0.0008579682415109142
247,0.014822505447591538,0.13694493358489127,0.10727649280670448,0.07086973330006004,0.2849422037601471,0.0008568698011382094
248,0.019816910970621392,0.14765081715304404,0.11389533059409587,0.07408966179937124,0.30349254235625267,0.0008557678386046416
249,0.01802853108688396,0.14229106258135288,0.10918807587222545,0.07094250554218888,0.28919984959065914,0.0008546623647861356
250,0.01431330908703785,0.1393266172381118,0.11573197250982048,0.07539639654569327,0.299529667198658,0.0008535533905932725
251,0.016542189325537037,0.13649031578097492,0.1161245183837309,0.07533308775164187,0.29855395182967187,0.0008524409269711795
252,0.020368425624883457,0.16117423376999795,0.11574853760102996,0.07707407982088625,0.3000845082104206,0.0008513249848994234
253,0.01827532301026622,0.15752863355446606,0.10951974641357083,0.07376939216628671,0.3004973255097866,0.0008502055753919019
254,0.018255930151008216,0.14355255507398396,0.1274499960054527,0.07688413364812732,0.30864299535751344,0.0008490827094967352
255,0.018336853104710827,0.1435802642488852,0.11376938668618095,0.07427366836927832,0.2990510866045952,0.0008479563982961559
256,0.014176553296874773,0.1372792254318483,0.11867957897484302,0.07477356200106441,0.3074316635727882,0.0008468266529064013
257,0.014269819477385681,0.14371786484261975,0.10333696675443207,0.07129278522916138,0.28816510885953905,0.000845693484477602
258,0.016519383006834688,0.14660746847512202,0.10126240183308255,0.07086716326884926,0.2879488728940487,0.0008445569041936732
259,0.01388441492167658,0.1510768943000585,0.11553155935689574,0.08150859419256448,0.32786160372197626,0.0008434169232722031
260,0.01802900340112501,0.1512557699927129,0.10672208500473061,0.07118924031965435,0.29398921243846415,0.0008422735529643433
261,0.014053562538038022,0.1389757975935936,0.10240728260541801,0.06977549837902189,0.28552649095654486,0.0008411268045546973
262,0.015750862814502397,0.13825393081642687,0.10763505293871276,0.0718431178946048,0.29738100320100785,0.0008399766893612086
263,0.015205549282927677,0.13887788588181138,0.10941836368510849,0.0735282612964511,0.2921585898846388,0.0008388232187350503
264,0.00888077998274639,0.13005519424332307,0.10447601072883117,0.07093094335868955,0.2875179160386324,0.0008376664040605113
265,0.012302530301803926,0.14324165309080855,0.11405889694651705,0.07425872022286058,0.3052245661616325,0.0008365062567548858
266,0.01211466311597178,0.14540804896969348,0.12196496081378427,0.07887360202148556,0.3109804384410381,0.0008353427882683592
267,0.01631412508313588,0.1386579819722101,0.10964215452477219,0.07345824684016407,0.29319251850247385,0.0008341760100838957
268,0.01373780977385195,0.13708580487873406,0.10888156406435882,0.07480349577963352,0.30653049871325494,0.000833005933717125
269,0.010189449406470884,0.13067149658454583,0.10766218458738877,0.07233574469573796,0.28710367493331435,0.0008318325707162285
270,0.008137563799436975,0.13251767130568623,0.11088642115792027,0.0743387857452035,0.29701538756489754,0.0008306559326618251
271,0.012964541536803154,0.12915972794871777,0.10421577415036154,0.06989577482454479,0.29043707102537153,0.0008294760311668577
272,0.007646529705039029,0.12770048409001902,0.10268420094071189,0.06868733982555568,0.28768302612006663,0.0008282928778764774
273,0.008042148853019172,0.12300855916691944,0.11203763587254797,0.07217123149894178,0.29609286300837995,0.0008271064844679296
274,0.008949493229374638,0.12768082635011524,0.12010447972861585,0.07598384241573512,0.31044549234211444,0.0008259168626504385
275,0.014174398143950384,0.13130053997738286,0.10943495744140819,0.07160799042321742,0.28948695175349715,0.0008247240241650909
276,0.008266194308635021,0.13608012970071287,0.12144017444370547,0.07740553091280163,0.30634333603084085,0.0008235279807847213
277,0.010985159322717663,0.13813724555075169,0.1067977835671627,0.07475293646566569,0.29400103650987147,0.0008223287443137948
278,0.010378275196671893,0.1329050732543692,0.10690644206988509,0.06954252626746893,0.2907713923603296,0.0008211263265882914
279,0.01005422475600426,0.13594442224130035,0.10897953640378547,0.07070145108737051,0.29388447031378745,0.0008199207394755884
280,0.00800844373916334,0.13137064094189554,0.10951439365526312,0.07134778588078916,0.29929524958133696,0.0008187119948743441
281,0.0065152038335327235,0.13119109872495754,0.10697072596085491,0.07237045639194548,0.2941854946315289,0.0008175001047143796
282,0.004857514219520453,0.11807475911919027,0.10387065535978764,0.06767689492553472,0.2874898914247751,0.0008162850809565615
283,0.0040960523147077765,0.11722184070385992,0.10257181557390141,0.07054535206407309,0.2871341142803431,0.0008150669355926837
284,0.0049087440810581025,0.11537267832318321,0.10203334408943192,0.06966196494176984,0.28573257513344286,0.0008138456806453493
285,0.005377189105911384,0.12210334378760308,0.10421803419012576,0.07160983039066196,0.2891805686056614,0.0008126213281678518
286,0.004962937467917072,0.12173896108288318,0.10036701533972518,0.0686438628938049,0.2815960064530373,0.0008113938902440554
287,0.004978465489011796,0.12451159053016454,0.10555671346155578,0.06910377265885473,0.286577420309186,0.0008101633789882772
288,0.0052851359707347,0.12636899561621248,0.107479800224246,0.06947486684657633,0.29031490050256253,0.0008089298065451663
289,0.003728769473354987,0.11295689080143348,0.1018178421392804,0.06770381592214107,0.28769591823220253,0.0008076931850895849
290,0.005038806975039734,0.11359447778668255,0.11479221068366315,0.07605081084184348,0.30493102334439753,0.0008064535268264874
291,0.004591145202630287,0.11861989961471409,0.12246072254492901,0.07898453306406736,0.3138855144381523,0.0008052108439908003
292,0.005126148974795797,0.12220318930922076,0.10251169554467196,0.06933131902478636,0.28310254365205767,0.0008039651488473019
293,0.007365999740568441,0.13002337269717829,0.10877095936375554,0.07069836473092436,0.29071531295776365,0.0008027164536904999
294,0.004423083507072078,0.11134964701486752,0.1049518320010975,0.07027307762764394,0.2878255035728216,0.0008014647708445116
295,0.004543394951360824,0.11535989170661196,0.10829789064810029,0.07317553274333477,0.28701759651303294,0.0008002101126629411
296,0.005319258209419786,0.12098104633623734,0.10161475468994467,0.06975140050053596,0.27952551618218424,0.0007989524915287586
297,0.004771511175158593,0.11507738626096398,0.10173561812262051,0.06896007126197219,0.2860392238944769,0.0007976919198541766
298,0.005799921804509722,0.1235586044494994,0.10941918307216839,0.07437357045710087,0.29970843680202963,0.0007964284100805288
299,0.014943918706012482,0.14465649337507785,0.10619755252628238,0.07218454675748945,0.29261607155203817,0.0007951619746781464
300,0.02180922930047018,0.1421924205729738,0.11048477304866537,0.07115073325112461,0.2944117099046707,0.0007938926261462357
301,0.01499663108443201,0.1241670821676962,0.09746119089977583,0.06692282310687006,0.28643494136631487,0.0007926203770127542
302,0.007422482090760241,0.12521683687809854,0.10466754726949148,0.07005896787159145,0.28933248184621335,0.0007913452398342871
303,0.006221166140539936,0.11832667323760689,0.09869605367493932,0.0678257356863469,0.2838500842452049,0.0007900672271959238
304,0.005843703313939841,0.11513353071641177,0.10490541134422529,0.07198675759136677,0.2964324694126844,0.000788786351711133
305,0.008877395344279648,0.1123057744000107,0.10132011920723016,0.06679651332087815,0.28461962230503557,0.0007875026260216385
306,0.006367225324765968,0.108393251337111,0.10096531150120427,0.06922523980028927,0.28514183051884173,0.0007862160627972946
307,0.007352266573434463,0.11682389293564484,0.10535119284322718,0.06949269198812544,0.2905341494828463,0.000784926674735961
308,0.00465329731350721,0.10736408232478425,0.09802303863543785,0.06704334886744619,0.2868288718163967,0.0007836344745633775
309,0.004583232894265166,0.11813880119007081,0.10286233790393454,0.06925476952455938,0.2909859023988247,0.0007823394750330377
310,0.004525501032003376,0.11760750696994364,0.09929761868042988,0.06705830115824937,0.284212152659893,0.0007810416889260644
311,0.004721275370729927,0.11549784257076681,0.09651670061939513,0.06664025848731399,0.28286120295524597,0.0007797411290510826
312,0.0031387525957143224,0.10923241255804897,0.1044826958066551,0.07174891023896635,0.2882878925651312,0.0007784378082440932
313,0.004560287301160315,0.11484640471171588,0.10318928929482354,0.07006901479326189,0.28749626986682414,0.0007771317393683462
314,0.0029185282701746475,0.11050122157903389,0.09419644362933469,0.06247246540151537,0.2774027414619923,0.0007758229353142144
315,0.004764433430386817,0.12115211331984028,0.09203712267189985,0.06266058385372161,0.276514745131135,0.0007745114089990652
316,0.004626240006609805,0.11107234462397172,0.11576936636993196,0.0762443439103663,0.2924976978451014,0.0007731971733671338
317,0.004636808569421192,0.11109411148354412,0.11547545432767947,0.07459357418119908,0.2938966866582632,0.0007718802413893954
318,0.004146189256834987,0.11081757175270468,0.10468879103718791,0.0706676559522748,0.29002867378294467,0.000770560626063437
319,0.005683810559276026,0.12111462905304507,0.1358338003636163,0.0818584027234465,0.331224462762475,0.0007692383404133291
320,0.005998074101398743,0.11491790934232995,0.09888276665078592,0.06795516945421695,0.2880488961935043,0.0007679133974894973
321,0.004484694067014061,0.11660982221364975,0.10104298775622737,0.06730543873272836,0.29091718830168245,0.0007665858103685934
322,0.004071886475639985,0.10899242175510153,0.09362353891992825,0.06647042287513613,0.2817540764808655,0.0007652555921533661
323,0.004986271911366203,0.11401875413721427,0.09196029951999662,0.06392783145420253,0.2828574523329735,0.0007639227559725323
324,0.009999118013820408,0.12084591370075941,0.11528382530013914,0.07590818069875241,0.29478248842060567,0.0007625873149806469
325,0.00616595666192552,0.11117060076212511,0.12052688316107378,0.07700390880927444,0.31412433385849,0.0007612492823579735
326,0.00746480251423236,0.11355439448961988,0.1084201626268623,0.06961329272016883,0.293157484382391,0.0007599086713103538
327,0.008419000320145642,0.11622260968433692,0.10961938833352178,0.07225504219532013,0.3032261498272419,0.0007585654950690776
328,0.020083763573620673,0.13860201404895633,0.10174490074641654,0.06808980531059206,0.28442542664706705,0.0007572197668907525
329,0.010299672416090288,0.12679842608049513,0.10299679380332236,0.06633116193115711,0.2878215115517378,0.0007558715000571716
330,0.004400746596729732,0.10183638806920499,0.09761073076588218,0.06392909209243954,0.2766866207122803,0.0007545207078751847
331,0.0026183467947248572,0.09805977393407375,0.09807943199630245,0.06505290339700878,0.2799690220504999,0.0007531674036765654
332,0.004240512572414446,0.11359492860501633,0.0981513518941938,0.06509008556604386,0.2788648996502161,0.0007518116008178794
333,0.0026170703232082813,0.10076414198847487,0.11263338508142624,0.07232759702019394,0.29790523611009123,0.000750453312680354
334,0.004514002029100084,0.10224766945466399,0.0974257113331987,0.06397975152358412,0.27937160059809685,0.0007490925526697444
335,0.001915172579197133,0.0870466863270849,0.09198429778043646,0.06127276127226651,0.2725208252668381,0.0007477293342162028
336,0.0030201150766970388,0.09934908236609771,0.1074283599271439,0.07080964702181518,0.28806434869766234,0.0007463636707741449
337,0.002521171587477511,0.0928729991428554,0.10572624391352292,0.07161233923397958,0.2951215852051973,0.0007449955758221175
338,0.005414256071799173,0.10613804005552083,0.09706330910048563,0.06541678798384964,0.28055722191929816,0.0007436250628626652
339,0.003947665861005589,0.109176359558478,0.09847731897316407,0.06782917995005847,0.28740747421979906,0.000742252145422198
340,0.0032540450608848914,0.10597827296005562,0.12156494093796937,0.07785574742592871,0.2928643345832825,0.0007408768370508566
341,0.004090755639708732,0.10152743244543672,0.09597686318666092,0.06451434078626335,0.2805317763239145,0.0007394991513223794
342,0.002627483156948074,0.09722873091232032,0.10259545976368827,0.06768255601637066,0.2920199941843748,0.0007381191018339685
343,0.004646155531600016,0.10755014134338126,0.11174647781081148,0.07409117720089853,0.2916876282542944,0.0007367367022061551
344,0.005842608115631265,0.10524379815906286,0.09822251226723892,0.06610622955486178,0.2807601075619459,0.0007353519660826653
345,0.002743132811929172,0.10736210751347244,0.09712115170041216,0.06371742808260024,0.2790624305605888,0.0007339649071302857
346,0.0021324147278846796,0.09411355513148009,0.10653894499700982,0.07347643654793501,0.29222089536488055,0.0007325755390387282
347,0.005139210976085451,0.12088556064991281,0.09735481028401409,0.06707282173447311,0.28453448675572873,0.0007311838755204948
348,0.0036196684204242045,0.11548189052846283,0.10565526781356312,0.06770304664969444,0.2851776111871004,0.000729789930310743
349,0.0035441182820250107,0.10327808250440285,0.10068466498923953,0.06634111227467657,0.2818603668361902,0.0007283937171671487
350,0.004950288922327672,0.10512860686285422,0.09836623281662468,0.06422170903533697,0.27875572219491007,0.0007269952498697724
351,0.003568929716243474,0.09683370980201289,0.0990536908248032,0.06454923250712455,0.2812060356140137,0.0007255945422209216
352,0.0020897334528854118,0.09872474678559229,0.10036102145677432,0.06570776742883026,0.28173317164182665,0.0007241916080450153
353,0.003112995655146733,0.10041765202768146,0.09252933411917183,0.0633032541256398,0.2769923467189074,0.0007227864611884471
354,0.004128717731236975,0.10400091806659476,0.09781114437209908,0.06589736836031079,0.2854367054998875,0.0007213791155194498
355,0.010713133560057032,0.11727020557736978,0.09142140216426924,0.06323478575795889,0.2761935520917177,0.0007199695849279566
356,0.011130757646151323,0.11503413640893996,0.10954517150457832,0.0693680765107274,0.29305012337863445,0.0007185578833254655
357,0.009416410448466195,0.1087205271818675,0.11998390281150932,0.07757274340838194,0.2961065858602524,0.0007171440246449014
358,0.005944166845029031,0.10948008433915675,0.09475896587609896,0.062380245560780166,0.27748061530292034,0.0007157280228404786
359,0.00306550243763013,0.09681872243527323,0.09327939887953107,0.06007495387457311,0.27274239249527454,0.0007143098918875634
360,0.0017375811723923107,0.08694445106666535,0.09510473668924532,0.0608808453194797,0.2732019923627377,0.0007128896457825355
361,0.0017204319599841255,0.08194068389711902,0.09486376448985538,0.06060493486002087,0.27304258309304713,0.0007114672985426509
362,0.00188198249566085,0.08666863929247484,0.10511481043795357,0.06902461694553494,0.2932087633758783,0.0007100428642059023
363,0.004447911225452117,0.09814006822416559,0.09488349114253651,0.06398815717548131,0.27795990407466886,0.0007086163568308818
364,0.0028127093551120197,0.09386265450157225,0.10417318870022427,0.07051550266332925,0.28438605144619944,0.0007071877904966413
365,0.002497569894762819,0.09578734311508015,0.09637247544669662,0.06208999739028513,0.2787431336939335,0.0007057571793025535
366,0.004428078510773048,0.09645344045711682,0.10065624530616332,0.06804398884996772,0.285332091525197,0.0007043245373681737
367,0.0034627531189471484,0.0892793472390622,0.0987567223572114,0.06421364145353436,0.2829106170684099,0.0007028898788330991
368,0.0025369690328489016,0.0945485298638232,0.09887381949884003,0.06511494410224258,0.28510791063308716,0.0007014532178568306
369,0.00403821342174524,0.09891645363532006,0.10175502002166467,0.06578254224732519,0.28380818478763103,0.0007000145686186315
370,0.0029987979040470235,0.09761954344576225,0.09759196496961522,0.06552285617217421,0.2834293831139803,0.0006985739453173895
371,0.005230348343388869,0.09926970140077174,0.1126328380916675,0.07259303792379797,0.2977391667664051,0.0006971313621714746
372,0.0039484983471083975,0.10429367440519854,0.09263146944795153,0.06353658409789205,0.2834103636443615,0.0006956868334186005
373,0.002822704476329818,0.1000814225524664,0.09647923634693142,0.06631867801770568,0.27951957918703557,0.0006942403733156823
374,0.003203518493728552,0.09627888061804697,0.11344997205887922,0.0741780623793602,0.29540429934859275,0.0006927919961386975
375,0.003951367351783119,0.09079046322731302,0.1258967470130301,0.07821515616960824,0.317698085680604,0.0006913417161825442
376,0.0047322421557964844,0.10847021285444498,0.09667460785494768,0.06488424064591528,0.2772982481867075,0.0006898895477609
377,0.0022776895687457,0.08679412772180513,0.09340035584391444,0.06067554724868387,0.27394829243421553,0.0006884355052060807
378,0.0023951067827510998,0.09186069300631061,0.09640935171555612,0.06420539082027972,0.2808528121560812,0.0006869796028688994
379,0.0040172961105781725,0.10443738743197173,0.09245098678584326,0.06242627836763859,0.2778356585651636,0.0006855218551185248
380,0.003328964990487293,0.08679533314425499,0.09373920116195222,0.06062991293147206,0.2757717348635197,0.0006840622763423383
381,0.003178401893364935,0.1037831946159713,0.10921300936897751,0.0718341794796288,0.2909286253154278,0.0006826008809457933
382,0.003992616743062172,0.09101296808803454,0.09450558132739388,0.06226287418976426,0.27933651618659494,0.0006811376833522722
383,0.003963804385466574,0.09632010882487521,0.09629302799221477,0.06287168585695327,0.28138035982847215,0.0006796726980029447
384,0.002189876702550464,0.08442291505634784,0.09516548621395486,0.0609399170614779,0.27789530381560323,0.0006782059393566247
385,0.0024550556001258885,0.0920672086882405,0.09363259419696987,0.060920362593606114,0.27811081930994985,0.000676737421889628
386,0.004683253843859347,0.0954282647697255,0.09877956559503218,0.06505153328180313,0.28571432642638683,0.0006752671600956289
387,0.002954925092717531,0.09383260551840067,0.09077280025594518,0.06317219226621092,0.27698277607560157,0.0006737951684855179
388,0.0017602228246005325,0.08779563409043475,0.09314167184493272,0.05985835311003029,0.27341189347207545,0.000672321461587258
389,0.002202414057455826,0.0882874847855419,0.11530662043951452,0.07271639346145094,0.29919737204909325,0.0006708460539457411
390,0.0021881757942082912,0.08666166262701154,0.09967181584142963,0.06433023805730045,0.283978633582592,0.0006693689601226453
391,0.002962262713617747,0.08487555908504874,0.10541845922925859,0.07281577615067363,0.29127651639282703,0.0006678901946962898
392,0.01002710696407121,0.10342850663000717,0.0946942648923141,0.06183296521194279,0.28364713229238986,0.0006664097722614928
393,0.008965294001268376,0.10937182045308873,0.09354133713350166,0.06133171496912837,0.28269785158336164,0.0006649277074294259
394,0.00431939357911233,0.09687080569565296,0.0937035349496,0.0626533905044198,0.2807847712188959,0.0006634440148274709
395,0.0040875100368566565,0.09257334758294747,0.09768198529418441,0.06684273560531437,0.2750161115080118,0.0006619587090990742
396,0.0020194969076555934,0.080088585044723,0.0941959759205929,0.060556622594594954,0.27303504645824433,0.0006604718049036041
397,0.0025958781411873134,0.08154598904075101,0.09360627043060958,0.0604040012229234,0.2764888271689415,0.000658983316916205
398,0.0019277319075854393,0.076369467319455,0.09369854952019523,0.05989512405358255,0.2732753399759531,0.0006574932598276518
399,0.002438697538946144,0.08264920435613021,0.1136661471296975,0.07404487519524991,0.29324186090379956,0.0006560016483442069
400,0.0036496282117241207,0.08604569671442733,0.09844385219112155,0.062449206598103046,0.28051144517958165,0.0006545084971874732
401,0.0024334744827683606,0.08649799574632197,0.09446062245187932,0.06424740157090128,0.28013795278966425,0.0006530138210942499
402,0.0031355863168755606,0.08543951258761809,0.09275602519628592,0.06276143505237997,0.27646253257989883,0.0006515176348163865
403,0.001799193969100088,0.0796278070891276,0.09040760644929832,0.0600500185508281,0.2764286294579506,0.0006500199531206377
404,0.003829464700766039,0.0869198618340306,0.09948352770152269,0.06645742789842188,0.2806274425238371,0.0006485207907885169
405,0.003181770960100039,0.08319529421278275,0.09481597373378463,0.0640394258312881,0.27902848049998286,0.0006470201626161514
406,0.002149277728017296,0.08087550025666132,0.09224597119391546,0.0619297550059855,0.27486527897417545,0.0006455180834141354
407,0.001892470939606028,0.07833759364439175,0.09787672121456126,0.06319350968115031,0.2801967389881611,0.000644014568007384
408,0.0017178720378524305,0.08097696679178626,0.0945061206461105,0.06459580026566983,0.28244233056902884,0.0006425096312349875
409,0.004435244986461839,0.09635444098385051,0.1221068514540093,0.07576388691086322,0.3133836962282658,0.0006410032879500642
410,0.0037686015256440442,0.08679574138950556,0.09534922346865642,0.06318162432871759,0.2803386155515909,0.0006394955530196142
411,0.0023612089063362873,0.08285485444357618,0.09197082059181412,0.062212126795202494,0.28067217245697973,0.0006379864413243723
412,0.0016821090074245148,0.08038618514547125,0.10722034235586761,0.07205664087086916,0.2910667922347784,0.0006364759677586621
413,0.005173317206663341,0.09557422623038292,0.09905870776055963,0.06747645777650177,0.2901235293596983,0.0006349641472302475
414,0.002451369952927962,0.08205694013740868,0.09100235745354439,0.06180269755423069,0.2706336434930563,0.0006334509946601873
415,0.002697312501072702,0.08386962511576712,0.09298978804945364,0.06154170506633818,0.27669087499380113,0.000631936524982686
416,0.001422529388582916,0.08088459009304642,0.09583317391370656,0.06194356377236545,0.2769410306587815,0.0006304207531449479
417,0.001651806081667928,0.07583277293015271,0.10791970226127887,0.07214567945338786,0.2897648498415947,0.0006289036941070295
418,0.0034225382269596595,0.08497023902600631,0.09366216012858786,0.06437024786137044,0.28110340908169745,0.0006273853628416907
419,0.0018396576369241302,0.0790317471139133,0.10321255221715546,0.06848886124789715,0.2814264288172126,0.0006258657743342481
420,0.0036981674177695824,0.08254484278149903,0.10795657096168725,0.06852062921971083,0.28914058320224284,0.0006243449435824269
421,0.003301939574703283,0.08320524734444916,0.09437938199553172,0.06157684635836631,0.27138022556900976,0.0006228228855962129
422,0.0016057206852565288,0.07881189184263349,0.09105971416429384,0.05993458973243833,0.2678948111832142,0.0006212996153977034
423,0.0020224822459567805,0.08544560922309756,0.09167088301546755,0.06088084825314581,0.2733007624745369,0.0006197751480209606
424,0.0035695541755103475,0.08427279102616012,0.10272198562670383,0.06844887672923505,0.28069399427622554,0.0006182494985118621
425,0.0033522372441439074,0.08013039695797489,0.09793702420138288,0.06474048239178956,0.28459568284451964,0.0006167226819279525
426,0.003026565239974843,0.08234305204823614,0.10197931008005981,0.06776749021373689,0.2807143203914165,0.000615194713338295
427,0.002551927635227003,0.07857038188376464,0.09276245732617099,0.06209304118528962,0.2763263665139675,0.0006136656078233229
428,0.001705083586557521,0.07598498828010633,0.10013577981953858,0.06757526719011367,0.28574862740933893,0.0006121353804746904
429,0.0016558727997562528,0.07705331778852269,0.10874379852320999,0.07035963870584964,0.29992289990186694,0.0006106040463951233
430,0.0016755201545265662,0.07918568534660153,0.10182300048181787,0.06834221908356994,0.29672758281230927,0.0006090716206982711
431,0.002904822358095771,0.09037635800195858,0.09232513154565822,0.059516338352113965,0.2764326993376017,0.0006075381185085564
432,0.00136117622769234,0.07249215566553176,0.0921746859596169,0.059021119074895975,0.27560504879802467,0.0006060035549610271
433,0.001358598305819214,0.07972429869696498,0.09196564162775758,0.0589414079207927,0.27012826390564443,0.0006044679452012055
434,0.002353314688821229,0.07500948515953496,0.09428235855011735,0.06266408714000135,0.27460342198610305,0.0006029313043849404
435,0.003015632908795851,0.08416973080020398,0.11440663663306623,0.07432419164106249,0.29095672480762,0.000601393647678256
436,0.004134572363318512,0.09845173676731064,0.10597891740762862,0.06798089700751006,0.28615903593599795,0.0005998549902572033
437,0.005065667500684867,0.0980420665582642,0.11107438023973373,0.0726924842223525,0.2891475152224302,0.0005983153473077097
438,0.00346480260068347,0.08664290672168136,0.09848254646494752,0.06373853241093456,0.27601015716791155,0.0005967747340254299
439,0.001531115159559704,0.07353959995089099,0.09018469104266842,0.05854872951749712,0.26856774017214774,0.0005952331656155947
440,0.0011861794939477476,0.06809542553965002,0.0890197241482383,0.057407720014452934,0.2740261644124985,0.000593690657292862
441,0.0010353485183713929,0.06813705066451803,0.08966130346452701,0.05727686956524849,0.27231173906475303,0.0005921472242811663
442,0.000936041357817885,0.0666836409131065,0.09116913209290942,0.05853986833244562,0.2770116934552789,0.0005906028818135683
443,0.0010233502097889869,0.06795927700586617,0.0930784693278838,0.061166088469326495,0.28153729550540446,0.0005890576451321047
444,0.0014579382587726285,0.07215165949310176,0.11516970228840365,0.07450658199377358,0.292960512265563,0.0005875115294876377
445,0.006268010464691542,0.09282421064563096,0.09523253556108102,0.06269726026803255,0.27915391251444815,0.0005859645501397045
446,0.002418748338459409,0.07914952378487214,0.10537591791435261,0.06736001074314117,0.2870165754109621,0.0005844167223563666
447,0.0018298380813575933,0.08389696492813528,0.09186741961311781,0.06209368675481528,0.2790427602827549,0.0005828680614140596
448,0.0033355772919776427,0.08084846019046381,0.09113835651878617,0.06007081074640155,0.2717182571068406,0.0005813185825974415
449,0.0015913200893010071,0.0765228454489261,0.08948622937095933,0.0592801806749776,0.274610610306263,0.0005797683011992427
450,0.0029961365830331486,0.08487326439935713,0.10466309827606893,0.06916082345414906,0.2980241868644953,0.000578217232520115
451,0.004009801496113141,0.08834694172255694,0.09684976916978486,0.06620116671547294,0.2775624092668295,0.0005766653918684798
452,0.0015827106319875385,0.07385073284385726,0.09966530375386355,0.0661574820522219,0.29180796481668947,0.000575112794560378
453,0.0016817230996821308,0.07314606280997396,0.09322769664941007,0.062320981873199344,0.2839547205716372,0.0005735594559193181
454,0.001148646812202969,0.06805207208963111,0.08824378749122844,0.05726150623522699,0.26934325862675906,0.0005720053912761255
455,0.0009965186000272298,0.06476693461881951,0.08923332782651414,0.05896882163360715,0.27761348634958266,0.0005704506159687907
456,0.0009956920837112192,0.06643859032774344,0.09014527018152876,0.05662765121087432,0.2670863173902035,0.0005688951453423185
457,0.0008306948507197376,0.0613440724206157,0.08857111943434574,0.05630451310425997,0.2642537152394652,0.0005673389947485757
458,0.0009607861672520813,0.07013676975620911,0.09001707198185613,0.05675129459705204,0.26940431967377665,0.0005657821795461407
459,0.0009978336749327354,0.06932651991955936,0.08947275531463675,0.05789982038550079,0.27362629510462283,0.0005642247151001509
460,0.0009731347641491084,0.06385698094964028,0.09242522776257829,0.058028203435242176,0.2719234474003315,0.0005626666167821515
461,0.000996016497583696,0.06745097629609517,0.09055441115924623,0.05771371605806053,0.27349265329539774,0.0005611078999699441
462,0.0010481649549774375,0.06659984810976312,0.0894924402833567,0.05653433131519705,0.27054445445537567,0.0005595485800474343
463,0.0011068505847333654,0.0698398512438871,0.0889611492777476,0.057403384195640686,0.26920674964785574,0.0005579886724044802
464,0.0017420454371404048,0.08027703765546904,0.08813185374383466,0.05882150614634156,0.27794574704021213,0.0005564281924367402
465,0.0017655892292168574,0.07939552611205727,0.09785036847533775,0.06349435662850737,0.2854602575302124,0.0005548671555455221
466,0.005546320983103215,0.09840815938659944,0.09473234406104894,0.06278423657640815,0.2786383617669344,0.0005533055771376294
467,0.0025096952816511474,0.0830516317510046,0.08815372093522456,0.06305299759842456,0.27983902357518675,0.0005517434726252107
468,0.001110101457629753,0.07386128170182929,0.10164440913358704,0.06778055387549102,0.2778939541429281,0.0005501808574256068
469,0.0029128854811915515,0.07575075433705933,0.09008040618427912,0.06067156600765884,0.2794157490134239,0.0005486177469611992
470,0.000943477461078146,0.06462843873887322,0.08760134884214495,0.05930319491308182,0.2697276309132576,0.0005470541566592566
471,0.002829815764334853,0.07947614105651155,0.09380990964273224,0.06273500197567046,0.28133942149579527,0.0005454901019517844
472,0.004218465164740337,0.08034342353930697,0.0913803792282124,0.05982376646716148,0.275832300260663,0.0005439255982753712
473,0.0013782071193418233,0.07326281649875455,0.09057981637306511,0.05772458245046437,0.269732353836298,0.0005423606610710361
474,0.0009245509221159409,0.06534722950891592,0.08851495390481431,0.05675980485975742,0.26801859624683855,0.0005407953057840783
475,0.0008167268770876035,0.0597580763453152,0.08983474281267263,0.05660961214452982,0.2700162515044212,0.000539229547863922
476,0.0010391891159770238,0.06303992931498215,0.09243943359542754,0.057584899198263886,0.2706417519599199,0.0005376634027639659
477,0.0009059292138090313,0.05929378344444558,0.08895066238401342,0.057019006670452656,0.2753192536532879,0.0005360968859414298
478,0.0008834328244574863,0.058311307831900194,0.0893987786505022,0.05664475846569985,0.2621228687465191,0.0005345300128572025
479,0.002640102947793821,0.07591350496513768,0.08957591897851672,0.058460480510257186,0.27117021679878234,0.0005329627989756883
480,0.001363190979054707,0.06916758434381336,0.09108709235370042,0.05966722380835563,0.271754652634263,0.0005313952597646562
481,0.0012283308566111372,0.0701000496163033,0.090776370340609,0.05846932358108461,0.26515131499618294,0.0005298274106950849
482,0.000861321685601979,0.06105954450904392,0.08950517893390497,0.05732869657222182,0.2706370484083891,0.0005282592672410118
483,0.000781319096495281,0.06213131402619183,0.08889886328979628,0.05803835992701352,0.26774554923176763,0.0005266908448793798
484,0.00090140466709272,0.06723265037871898,0.08871188374323538,0.057062514242716134,0.2656192444264889,0.0005251221590898843
485,0.0008657002924110202,0.06334858327172696,0.09353275422981824,0.059605774376541375,0.2741083726286888,0.0005235532253548208
486,0.0016116183096073656,0.07263905032887123,0.11252177495043725,0.073152798647061,0.28686942383646963,0.000521984059158932
487,0.006183649231684285,0.08616404429776595,0.10148222532807268,0.06814859530422837,0.283505704626441,0.0005204146759892546
488,0.004768726197676187,0.07943954457296058,0.09421933818375691,0.06313598644919693,0.27574370689690114,0.0005188450913349667
489,0.004769504685668835,0.0705272946623154,0.09621846642767196,0.06323759858496487,0.28259223252534865,0.0005172753206872356
490,0.0021099845627304604,0.06614904257003218,0.11347417945653433,0.07167114731855691,0.2974151536822319,0.0005157053795390636
491,0.0036351517172079186,0.07445280384272338,0.09317458387304214,0.060774023574776945,0.277843014895916,0.000514135283385136
492,0.0009682340469908013,0.058154041651869194,0.09284180758404545,0.058547540777362884,0.27288493029773236,0.0005125650477216682
493,0.0006880614294232146,0.055910791701171546,0.09028635418362682,0.05732333255000412,0.27275196108967065,0.000510994688046252
494,0.0008613029496927993,0.061790021101478486,0.0910203904764785,0.05768662102054804,0.2757389936596155,0.0005094242198577035
495,0.0008283813528123573,0.05899515149067156,0.09072922303093947,0.05872787688858807,0.2753727987408638,0.0005078536586559097
496,0.0008141335972595698,0.06091193215106614,0.09116744002094493,0.05756761822849512,0.2718698041513562,0.0005062830199416756
497,0.0007123992042352256,0.06141891698935069,0.08843431607674575,0.05745375754777342,0.27492016516625883,0.0005047123192165713
498,0.0008889804232694587,0.06293728370219469,0.09161588418501196,0.058017108123749495,0.27596520744264125,0.0005031415719827789
499,0.0007588847860233727,0.054722390917595475,0.09108973649781546,0.05856186398304999,0.26988166831433774,0.0005015707937429391
500,0.000837295069254651,0.0597889918659348,0.09171095858764602,0.057836614269763234,0.2731129011139274,0.0004999999999999994
501,0.0008497909927655201,0.06201323919231072,0.09032015817065257,0.05690581754315645,0.2699916627258062,0.0004984292062570596
502,0.0009215712388140673,0.06430126618361101,0.0914628109698242,0.05661826364230364,0.267041789740324,0.00049685842801722
503,0.0008047917576504915,0.05386861948063597,0.0924102561933978,0.058639838732779025,0.2679946215823293,0.0004952876807834274
504,0.0006983037417057858,0.057532728835940364,0.0902894125043531,0.0566611701156944,0.2709253480657935,0.0004937169800583231
505,0.000803404420548759,0.06134739235276356,0.09343098320241552,0.05863502910360694,0.27036530543118714,0.0004921463413440891
506,0.000910199432337322,0.060498118941904974,0.1264539499861712,0.07696970435790718,0.3083760071545839,0.0004905757801422952
507,0.002181516947121054,0.07161293915705755,0.09343357059478877,0.05926100425422191,0.27245915196835996,0.0004890053119537468
508,0.006626881790157313,0.09575067759724334,0.10000541001572856,0.06714706593193114,0.28772540390491486,0.00048743495227833065
509,0.002662904134854216,0.07039466442074627,0.0981382178288186,0.06529505664948373,0.2787952598184347,0.0004858647166148628
510,0.0011604129352349446,0.0570657417003531,0.10612582096582628,0.06997882318682969,0.2885716199874878,0.00048429462046093526
511,0.0028011527671196745,0.0645489718997851,0.09017390689696185,0.05789641623850912,0.26958154384046795,0.0004827246793127634
512,0.0006975713643896597,0.0587689398904331,0.08865685434720945,0.0565604351228103,0.26855999901890754,0.00048115490866503213
513,0.0006983047473113402,0.058473927376326174,0.08893423189874738,0.05624601601157338,0.2675944037735462,0.00047958532401074443
514,0.0006770298941319198,0.058557408844353634,0.08982776555567398,0.05675355929415673,0.2694209601730108,0.0004780159408410671
515,0.000702949822903065,0.05477060815901495,0.08811616179300472,0.05916441413573921,0.2761494114995003,0.0004764467746451781
516,0.0006144888401422577,0.05526463248534128,0.0874330911472498,0.056512658135034144,0.26725657749921083,0.0004748778409101148
517,0.0007860101777851014,0.05707037491374649,0.08782169325495488,0.05669575901702047,0.27190413810312747,0.0004733091551206193
518,0.0006890085543318492,0.05357370226993226,0.08810248215377214,0.0563178287120536,0.26513142324984074,0.0004717407327589873
519,0.000773361599999589,0.057950869953492655,0.08931896681606304,0.0564007320208475,0.27282026335597037,0.0004701725893049142
520,0.0007376803304396162,0.05382403241237625,0.09350526185226045,0.06128405702766031,0.2758153943344951,0.000468604740235343
521,0.0007984688417081998,0.058053556695813316,0.08773019337968435,0.05652874428778887,0.2646899839863181,0.0004670372010243106
522,0.000731270782057436,0.055241632438264784,0.08694957328189049,0.05617471346631646,0.259117066860199,0.0004654699871427967
523,0.000751345521462099,0.06099939449923113,0.09119398732000264,0.05837186046410352,0.27699109353125095,0.0004639031140585693
524,0.0015239855533991432,0.0625388645217754,0.09444699412269983,0.0608088688692078,0.2752038110047579,0.00046233659723603313
525,0.0019157570660354394,0.06255320847849362,0.08938659224368166,0.058218107325956225,0.274051196873188,0.00046077045213607716
526,0.0018273644215241803,0.06488820529193617,0.09058710773097119,0.05741527839563787,0.2703561780974269,0.0004592046942159208
527,0.0006323206788920288,0.05497951357392594,0.08829082866213867,0.056554690236225724,0.26696585938334466,0.00045763933892896283
528,0.0005800817718181861,0.06108215081621893,0.09008114185853629,0.056922597438097,0.2713002547621727,0.00045607440172462795
529,0.0006008942708149335,0.05377909791423008,0.08983192205196247,0.056552051845937965,0.26936529073864224,0.00045450989804821464
530,0.0006334671135164172,0.05299857197096571,0.08803323067331803,0.05583452410064638,0.26850555185228586,0.0004529458433407424
531,0.0006122745830452914,0.05211118689039722,0.09066374246176565,0.05793482926674187,0.2752459071576595,0.0004513822530388
532,0.0009128377136221388,0.0649956633162219,0.09137933915480971,0.05725183235481381,0.2736268458887935,0.0004498191425743922
533,0.001127906600231654,0.05747230463894084,0.09071807696091128,0.056532197166234255,0.27096521742641927,0.0004482565273747884
534,0.0008247879290706805,0.05744976334972307,0.08803519445064012,0.05658721684012562,0.2668931484222412,0.00044669442286236966
535,0.0026696994102849204,0.07049514763057232,0.1076826078708109,0.06833446605596691,0.28642831444740297,0.000445132844454477
536,0.003539147397668785,0.06593598671024666,0.09470688048313605,0.06132458618376404,0.27206372618675234,0.0004435718075632588
537,0.001326175790745765,0.061172606499167156,0.0907766109899967,0.057342087780125436,0.26927623674273493,0.000442011327595519
538,0.0006196914177053259,0.05059663799474947,0.08900758460877115,0.056771496892906725,0.27022845633327963,0.00044045141995256487
539,0.0006562594216575235,0.05138391278451308,0.08992721725080628,0.056908382847905156,0.2770741553977132,0.0004388921000300549
540,0.000614386481947804,0.05615787580027245,0.09012116741068894,0.05617908299900591,0.27088993303477765,0.0004373333832178476
541,0.0005070250745120575,0.04676027683308348,0.09003281474433607,0.056003962201066314,0.2634614873677492,0.0004357752848998483
542,0.000518867859943839,0.0538588778115809,0.09012613034356036,0.05605597738176584,0.2633903672918677,0.0004342178204538584
543,0.0005058894301555484,0.04777198670781217,0.0896163747391256,0.05636542779393494,0.26627154741436243,0.0004326610052514234
544,0.0005546954181795627,0.05273799104616046,0.08870828607905423,0.057069233572110536,0.27168413940817115,0.0004311048546576807
545,0.0005715921553246517,0.05325953794526868,0.08975203207155573,0.056450051604770124,0.2667711589485407,0.0004295493840312084
546,0.0007546511795226251,0.05322910256218165,0.08902289195393678,0.05824979108292609,0.26919371373951434,0.0004279946087238736
547,0.001159332133352109,0.05710903211729601,0.1086483227671124,0.06762690544128418,0.2867343172430992,0.0004264405440806811
548,0.0013457680112878734,0.06106902876636013,0.09435499568353407,0.06337091911118478,0.272798278555274,0.0004248872054396212
549,0.0009990401819095496,0.057290293369442226,0.09246817636376363,0.05811827224679291,0.2772591983899474,0.0004233346081315195
550,0.0005911008540351759,0.05164684189949185,0.09000484214848256,0.056446098163723944,0.2688478363677859,0.0004217827674798844
551,0.0006138219412264335,0.0504098552337382,0.08920564446307253,0.05614635683596134,0.2690968781709671,0.00042023169880075665
552,0.0005688620676210121,0.05129756140522659,0.09314124907687074,0.05831998172216117,0.2755455235019326,0.000418681417402558
553,0.0023634595077510314,0.05619120174087584,0.0943788676049735,0.06312493321020156,0.27712749503552914,0.00041713193858594004
554,0.001293466824222378,0.05433229283662513,0.08982710157360999,0.05951734429690987,0.2696114957332611,0.0004155832776436329
555,0.0007593029223471603,0.05674334748764522,0.09051349953879254,0.05780935832299292,0.27203676849603653,0.00041403544986029495
556,0.0005836973245777699,0.05504053823533468,0.09198888440951122,0.05819249881897122,0.2751955533400178,0.0004124884705123618
557,0.000507305885275855,0.0507865795341786,0.08996481152789784,0.05665636255871505,0.2734302727505565,0.00041094235486789464
558,0.0006229753889783751,0.05272985406918451,0.0902869391553395,0.05589968422427773,0.26334626171737907,0.0004093971181864311
559,0.0004699683513763375,0.04880643141223118,0.09227975882022292,0.05696493859868497,0.27178578954190014,0.00040785277571883313
560,0.0005681908127826319,0.051162521360674874,0.08952038212737534,0.05637802563142032,0.2689737889915705,0.00040630934270713745
561,0.0005941346985082419,0.04884246723377146,0.08892597058293177,0.05601108651608229,0.268178010545671,0.00040476683438440486
562,0.0007126664660177084,0.05777847140561789,0.08883837003522785,0.05580290665384382,0.2664537765085697,0.00040322526597456974
563,0.0005318356255656909,0.050708708784077315,0.09081805789392092,0.05631848555058241,0.270243426784873,0.00040168465269228967
564,0.0005250412604937083,0.04875069914851338,0.0903547189271194,0.056447422178462145,0.26598126292228697,0.0004001450097427963
565,0.0005809927720861197,0.05045425684656948,0.09038519898531376,0.0574119771597907,0.2715319002047181,0.00039860635232174353
566,0.0009093151714751002,0.059125542669789866,0.11518130337281036,0.07254556240513921,0.31158936135470866,0.000397068695615059
567,0.005857149492089775,0.08035898105008528,0.0915714595517784,0.062096244446001946,0.27002236284315584,0.0003955320547987939
568,0.0025960360449744256,0.05967730576521717,0.09319320116919698,0.0607185298576951,0.2684904390946031,0.00039399644503897244
569,0.0007407536886603339,0.05531204522703774,0.09404319861496332,0.0597113617695868,0.2746564311906695,0.0003924618814914431
570,0.0005502984658960486,0.04934557892847806,0.09332448485511122,0.05784289229195565,0.26651083435863254,0.0003909283793017285
571,0.0005002569412567937,0.04908845710451715,0.08800441332350602,0.056042201118543744,0.26451217029243707,0.00038939595360487633
572,0.0004817109529994923,0.049459741031751034,0.09027198996409425,0.05627049952745437,0.26691288463771345,0.00038786461952530917
573,0.0005677528268279274,0.05153985072975047,0.08987529307050864,0.05702340956777334,0.2687379127368331,0.00038633439217667666
574,0.0004793082374135338,0.05014994433731772,0.0891593848413322,0.056633345084264874,0.27087384220212696,0.0003848052866617046
575,0.00043468276935527684,0.048743976175319406,0.09097876054001972,0.05662498502060771,0.2696801137179136,0.00038327731807204717
576,0.0004533334748998641,0.04648286316660233,0.09351780018041608,0.05883063832297921,0.27322322931140663,0.00038175050148813746
577,0.0006454237051684685,0.051669453125214204,0.09144840669396218,0.05741649314295501,0.27192993089556694,0.0003802248519790389
578,0.00048573400872555796,0.04761357104289345,0.09030611013731686,0.05601785823237151,0.2655768610537052,0.00037870038460229607
579,0.0006416660266836515,0.05105943935341202,0.09181282843783264,0.05759270512498915,0.2649218490347266,0.0003771771144037866
580,0.0004576734191005016,0.046208685636520384,0.08847089805931319,0.05615461310371757,0.2689317813143134,0.00037565505641757246
581,0.0004799014878926755,0.04732113670324907,0.09167362942243926,0.057346853683702646,0.2726791277527809,0.00037413422566575115
582,0.000771533599720442,0.049662567069754006,0.08952984973075218,0.056024688156321646,0.26679224222898484,0.00037261463715830876
583,0.00045092602454133157,0.043452090973732996,0.09046047298106714,0.05676371071022004,0.2696885524317622,0.0003710963058929699
584,0.0005479215187961017,0.04669320057728328,0.09413830649791635,0.05941227106377482,0.27365670800209047,0.00036957924685505135
585,0.000721103149476221,0.054542015143670144,0.09089882289408706,0.0575257255230099,0.26800094060599805,0.00036806347501731337
586,0.0010809415844960312,0.05697889960138127,0.08927660692716018,0.056711515062488616,0.26981205120682716,0.0003665490053398121
587,0.0006137557732472487,0.04833852964220568,0.08826834402570967,0.055581137700937686,0.26405166666954755,0.0003650358527697516
588,0.0004499087932799739,0.04492945160600357,0.09072902643456474,0.05764416041783989,0.2700317954644561,0.00036352403224133715
589,0.000455418045407896,0.04881127861444838,0.09023180916556157,0.05575587281491608,0.2638107618317008,0.00036201355867562703
590,0.0004377363939738643,0.04728599725058302,0.0890236828912748,0.05606489493511617,0.26851596385240556,0.0003605044469803851
591,0.000499346134336065,0.046615030925022435,0.09063086947571719,0.05601374488323927,0.26494359169155357,0.0003589967120499351
592,0.0005090561969268492,0.045335966628044844,0.09157483232411323,0.05737733691930771,0.2705580987036228,0.0003574903687650117
593,0.0007367912452650671,0.0467079525871668,0.09181913896973129,0.061753940652124584,0.2747021095827222,0.00035598543199261525
594,0.0006548101389626026,0.05374268272425979,0.09210890888789436,0.05886490312404931,0.27244083359837534,0.00035448191658586387
595,0.001345493636381434,0.04986442326917313,0.09047580046171788,0.059604410314932466,0.2679356774315238,0.0003529798373838479
596,0.0015276305325869544,0.054190765437670055,0.09733521588132135,0.06304584976751357,0.27880122512578964,0.0003514792092114823
597,0.0007075500750488573,0.0521154697984457,0.09010780245516799,0.05682747275568545,0.2683704372495413,0.00034998004687936173
598,0.0003985868454606134,0.04377690459368751,0.08987424791557715,0.056112199020572004,0.26929914094507695,0.00034848236518361284
599,0.0003529667657630853,0.04408028904581442,0.0901415397580422,0.05590402202215046,0.2661868570372462,0.00034698617890574935
600,0.0003739959566246398,0.04378131672274321,0.08913939696649323,0.05550165122840554,0.2686579242348671,0.0003454915028125261
601,0.00041196986571776504,0.04794859411776997,0.09109262882557231,0.056000493466854095,0.2693280169740319,0.0003439983516557924
602,0.00038734952183858693,0.044390575034776704,0.09068464093361399,0.056515121809206904,0.26892736051231625,0.00034250674017234737
603,0.0004062306787545822,0.04104299054015428,0.08976307048069429,0.055575876077637074,0.2677667522802949,0.00034101668308379426
604,0.00048497954386448325,0.0459986234549433,0.09474165424908279,0.05914726711343974,0.2722476117312908,0.00033952819509639506
605,0.0004517830174904702,0.04471129232551903,0.09008628412411782,0.05566133691463619,0.2649234069511294,0.000338041290900925
606,0.0004064287050596249,0.044863681931747126,0.08981878159756888,0.05583250792697072,0.26767360512167215,0.00033655598517252856
607,0.0004489952681979048,0.04579739897162653,0.09070825724193128,0.05655835552606732,0.26604971569031477,0.00033507229257057335
608,0.0004885934943217763,0.049795683077536526,0.087981213038438,0.05562448273412883,0.2640004498884082,0.0003335902277385065
609,0.000457058604604299,0.044971369759878144,0.09251776076562238,0.057508576568216084,0.2693787194788456,0.00033210980530370943
610,0.0010472267868294693,0.05418567801825702,0.09012435159820598,0.05611226118635386,0.26661100462079046,0.00033063103987735404
611,0.0004548684799488001,0.04428878768230789,0.09058820788268349,0.05631670188158751,0.26838957369327543,0.00032915394605425804
612,0.0005462569308633646,0.04506040960550308,0.08940213402674999,0.05588532821275294,0.26627706959843633,0.0003276785384127412
613,0.0004948332646108611,0.04670322294114158,0.09010340817694669,0.05607985926326364,0.2692775482311845,0.00032620483151448126
614,0.0003170668722759729,0.04060322430450469,0.09006011395904352,0.05570185196120292,0.2656440718099475,0.00032473283990437017
615,0.0004434425373574413,0.04274711364414543,0.08909139457828133,0.05538108826149255,0.2675223879516125,0.0003232625781103712
616,0.000548005897621806,0.04750630399794318,0.08877358146564802,0.05530559543985873,0.2628799265250564,0.00032179406064337436
617,0.00034464926382042903,0.044131155393552036,0.08865471528552007,0.05530082022305578,0.26629145331680776,0.0003203273019970544
618,0.0003846929033784363,0.04543233307194896,0.09006057446240448,0.05659737349487841,0.2682877527549863,0.00031886231664772686
619,0.0003955072762096279,0.04684568013763055,0.08899578763885074,0.055728409765288235,0.26702335439622404,0.00031739911905420584
620,0.000367031003190732,0.038724651967640966,0.08992959983224864,0.05879046611953527,0.2681613855063915,0.0003159377236576607
621,0.00042672133035921435,0.04386425823904574,0.09007851997594116,0.05616813208907843,0.26517971567809584,0.00031447814488147415
622,0.00048225337181975194,0.04798568731639534,0.08907986173944664,0.055945790163241325,0.26756466217339037,0.00031302039713109955
623,0.00040468734188152665,0.04216211686725728,0.09185069696322898,0.058495982573367654,0.27075286246836183,0.0003115644947939183
624,0.00034224316070776697,0.046100120519986375,0.08823055684115388,0.05578648261725903,0.26653432510793207,0.0003101104522390992
625,0.0003032563617807682,0.038160930312005806,0.09115051346670952,0.057825464243069294,0.27161969281733034,0.00030865828381745485
626,0.0003839782973500405,0.04041111605474725,0.08949970865505748,0.05594326863065362,0.26626850515604017,0.0003072080038613015
627,0.0003433137776028161,0.04327508191927336,0.08767850559597719,0.055797172244638205,0.2702516982331872,0.0003057596266843167
628,0.00047324402776212083,0.043941335834097116,0.09049682729746564,0.057991539547219875,0.2649953214451671,0.0003043131665813986
629,0.0032196811260973845,0.06124878999544307,0.08710535296122543,0.05650302215944976,0.2679089084267616,0.0003028686378285242
630,0.0004058726716039018,0.044578916090540585,0.09200702177040512,0.05663965218700469,0.27025367207825185,0.00030142605468260934
631,0.00035342663746860124,0.03950743781169876,0.09083216930084745,0.05623594264034182,0.26732171010226013,0.0002999854313813674
632,0.00036551427974700345,0.03906701951345894,0.09143931772996439,0.05660506042186171,0.2667580576613545,0.00029854678214316833
633,0.0004956864157747987,0.04415008701034821,0.08969910291561974,0.055671886843629184,0.2666307147592306,0.00029711012116689976
634,0.0003362834800668679,0.04100826863432303,0.08859548724503838,0.05543337266426533,0.2662777936086059,0.00029567546263182523
635,0.00036748190437947416,0.039719113882165404,0.08904097968770656,0.05533513475675136,0.26538381166756153,0.0002942428206974453
636,0.0003319856864322901,0.041279382287757474,0.09018990387703525,0.056012240680865945,0.26589898504316806,0.00029281220950335763
637,0.0003413039140014007,0.03989972429699264,0.08877718882577028,0.05550957517698407,0.2658453341573477,0.0002913836431691171
638,0.00030629338447170086,0.04096310538589023,0.0901881491226959,0.05578887965530157,0.2665763434022665,0.00028995713579409654
639,0.0003151672944454731,0.04295784287387505,0.08979808829681132,0.0552884308155626,0.26706489473581313,0.0002885327014573481
640,0.0004605408696875202,0.04385457886965014,0.08904010534533882,0.05515349400229752,0.261838979460299,0.0002871103542174633
641,0.0003936093011589037,0.04134543117834255,0.08958263062522746,0.055394719587638974,0.26411919798702,0.0002856901081124355
642,0.00030894368636609216,0.04096400744165294,0.09161798040368012,0.05649639226030558,0.266434221342206,0.0002842719771595203
643,0.00038372661704215715,0.04191656585317105,0.08983914697964793,0.05541541103739291,0.26309243515133857,0.00028285597535509735
644,0.00030068985371372036,0.03906988801900298,0.08915098322540871,0.05514549280051142,0.2650956431403756,0.00028144211667453334
645,0.00025681617240707054,0.03714061334321741,0.09046981273859274,0.05572418076917529,0.26711149103939535,0.00028003041507204207
646,0.00031706638160358127,0.040866002015536654,0.09272817869496067,0.05654660880099982,0.26696359384804963,0.000278620884480549
647,0.0016959423124376372,0.044313107116613536,0.0887225082507939,0.059063916001468895,0.26647543646395205,0.00027721353881155153
648,0.0010222245938393826,0.04555604901979678,0.08786687708488898,0.05548125400673598,0.26465908661484716,0.00027580839195498366
649,0.0003305169715986267,0.03850474654464051,0.09010935459737084,0.055934812710620466,0.26708312407135965,0.0002744054577790771
650,0.0002868592468303177,0.03947590152383782,0.09016146231078892,0.05570922966580838,0.2668885154649615,0.0002730047501302263
651,0.0002536414267865439,0.03842951342812739,0.08866578659290099,0.055133357644081116,0.2659818045794964,0.00027160628283285005
652,0.00023492698119298439,0.03626726054353639,0.08837694856410963,0.05519743231125176,0.2665744485333562,0.0002702100696892558
653,0.0002532762761234153,0.03940836365800351,0.08942381188899162,0.055388657841831446,0.26643097307533026,0.00026881612447950365
654,0.0002694118079375585,0.03732466475921683,0.08964635623342473,0.05538041095715016,0.26607693303376434,0.0002674244609612705
655,0.0002901129705264793,0.041612734633963554,0.08931606851401738,0.05702261244878173,0.26915653236210346,0.0002660350928697131
656,0.0003258812668946121,0.03983513665152714,0.08873618832440115,0.05595939396880567,0.2667147571220994,0.0002646480339173336
657,0.00031947611842042534,0.04118270486360416,0.08924519319116371,0.055617323331534865,0.2639423832297325,0.00026326329779384364
658,0.0003115867580959275,0.03943483101320453,0.09025071127980482,0.05595135723706335,0.26835391372442247,0.0002618808981660301
659,0.00026205732186213027,0.037393054936546835,0.08972516134017497,0.05542957948055118,0.2657733352854848,0.0002605008486776192
660,0.0003186153713272688,0.039108815981308,0.09052494285497233,0.05580314411781728,0.26675774697214366,0.0002591231629491422
661,0.0002783004687898938,0.03877490506274626,0.08979627648513996,0.05533612740691751,0.26481011267751453,0.0002577478545778007
662,0.0003408382180850822,0.03899522990686819,0.08994860719685675,0.05566919378470629,0.2663628028705716,0.00025637493713733363
663,0.001035476268725688,0.046820391219807786,0.09368722385479486,0.058068782254122195,0.270657023973763,0.0002550044241778816
664,0.0005881784870098272,0.045330680080223826,0.08915518190333387,0.05504592491779477,0.26422850470989945,0.00025363632922585384
665,0.00026677855855723466,0.03950888347462751,0.09006238942383789,0.055583634437061845,0.26677577700465915,0.00025227066578379596
666,0.00025470613901461546,0.03665109837893397,0.08969689875593759,0.05588043730240315,0.26564522478729485,0.00025090744733025436
667,0.0002163495192121445,0.04016256690956652,0.08924217721505556,0.055228521465323865,0.26685219556093215,0.00024954668731964495
668,0.00026045194355219794,0.03716224218369461,0.08997353134545846,0.055507596023380755,0.26154042724519966,0.00024818839918211937
669,0.00025933889552334224,0.03918893821537495,0.08875818797387183,0.0553251342382282,0.2646161910146475,0.0002468325963234336
670,0.0002501174217741209,0.035804247338091955,0.08813604957103963,0.05501029163133353,0.26384411845356226,0.0002454792921248141
671,0.00022952883823563753,0.03592653290252201,0.08933732252626214,0.05545621439814567,0.2658756887540221,0.00024412849994282732
672,0.00027663689694463757,0.037366128322901204,0.08994859900558368,0.055563437496311964,0.2646945212036371,0.00024278023310924645
673,0.00023600877354965633,0.03665413177222945,0.08827395980042638,0.05517760384827852,0.26332398075610397,0.00024143450493092116
674,0.0002749315442429179,0.037113980448339134,0.09031206230720272,0.05617791742552072,0.267255587875843,0.0002400913286896451
675,0.0002963540602422654,0.03601266765035689,0.08910949729543063,0.05565913524478674,0.26525248270481827,0.00023875071764202532
676,0.000574602338394925,0.04169100181898102,0.08938586950098397,0.05604946941602975,0.26783398631960154,0.00023741268501935179
677,0.00034354645923144743,0.038228024778072724,0.0886098461203801,0.05518962370697409,0.2641646211966872,0.00023607724402746654
678,0.0003926725876112869,0.03637847780482843,0.08864626644790405,0.05500462430063635,0.26362757179886104,0.00023474440784663282
679,0.00034827781047397366,0.03822098159580491,0.08837778775632614,0.05488362081814557,0.2624702338129282,0.00023341418963140543
680,0.00025260527363570875,0.0354265512956772,0.09107553314242978,0.056350346701219675,0.266469687782228,0.0002320866025105015
681,0.00021727925502545986,0.033731659926706924,0.08950567011488601,0.05525741102173924,0.26571591291576624,0.00023076165958666977
682,0.00021036321066958408,0.03614131449721754,0.08999610260725603,0.05546790028456598,0.26506664901971816,0.00022943937393656182
683,0.00020195644045770678,0.03451401042984799,0.08887298491827096,0.055250515695661306,0.26492108013480903,0.00022811975861060341
684,0.00019892772710363715,0.03329831937444396,0.0899556003168982,0.055503305257298054,0.26630343999713657,0.00022680282663286523
685,0.0002144958102462624,0.03427427950664423,0.08971321782591986,0.055339048989117144,0.2673580802977085,0.00022548859100093394
686,0.00025189343043621195,0.03427578168339096,0.09074894487275742,0.055881727300584313,0.26687765717506406,0.00022417706468578463
687,0.00023188274493008977,0.035241216339636595,0.08776540879480307,0.054914166778326036,0.2631473055109382,0.0002228682606316528
688,0.00021434613748283482,0.034345603844849394,0.08987177200906445,0.05549668138846755,0.26551828254014254,0.00022156219175590571
689,0.0002165353762848099,0.036811016651336105,0.08964651678979862,0.055254195770248773,0.2649184290319681,0.0002202588709489163
690,0.00023372626617970126,0.03557594087324105,0.0896711516106734,0.055027513578534124,0.26165599282830954,0.00021895831107393438
691,0.00021529369280415267,0.03543895241455175,0.08895109598961426,0.05500581485684961,0.26489241849631073,0.00021766052496696126
692,0.00023376830612278354,0.038592780899489296,0.0899182342691347,0.05534096451010555,0.2672904323786497,0.00021636552543662156
693,0.000242502357457397,0.034037377848289904,0.08837233773519984,0.05508864864241332,0.2647640874609351,0.000215073325264038
694,0.0002340939942314435,0.035711375868413595,0.08909911947121145,0.05500904144719243,0.26501888073980806,0.0002137839372027042
695,0.0002087669473553433,0.03387641322333366,0.08976777993520954,0.055425946693867446,0.2651281975209713,0.0002124973739783604
696,0.0002195090356167384,0.03507125048781745,0.08941410451443517,0.05519383186474443,0.2651065155863762,0.00021121364828886597
697,0.000243394441088185,0.03685770012380089,0.09089720732299611,0.05599890747107565,0.2657399125397205,0.00020993277280407496
698,0.00022169603346924304,0.03593746056430973,0.08931676233842153,0.055177812464535236,0.26381022222340106,0.0002086547601657117
699,0.00022681653025529157,0.03579656819347292,0.09117896504831151,0.05710902470164001,0.2698199931532145,0.00020737962298724474
700,0.0002500564309116271,0.033699847088428214,0.08920985652002855,0.0552688030526042,0.26441006977111103,0.00020610737385376313
701,0.0002617150404375934,0.03933222637278959,0.08882096498346073,0.05496191466227174,0.2665072688832879,0.00020483802532185227
702,0.00021353334691411873,0.033925837377319114,0.0897911286294402,0.05518325928132981,0.2648153118789196,0.00020357158991947004
703,0.0001975787110836791,0.03287005488527939,0.08978016003602533,0.055145214521326126,0.2644872132688761,0.00020230808014582227
704,0.0002074839535225692,0.03436044480476994,0.08926316403449164,0.05502658151090145,0.26587857622653244,0.0002010475084712404
705,0.00020170245406916364,0.035089277336373924,0.09000931758491788,0.05530750867910683,0.2659868760034442,0.0001997898873370577
706,0.00018710646126010033,0.034201729073538446,0.0893456512982084,0.055323015851899984,0.2668218113481998,0.00019853522915548724
707,0.0001858900043544054,0.034462179598631335,0.08991721985948971,0.05517312614247203,0.2623185755684972,0.00019728354630949897
708,0.0001872319736435202,0.03300580198410898,0.08981605263616074,0.055178102920763195,0.26409498751163485,0.00019603485115269687
709,0.00039560584604032557,0.03887721088831313,0.0941189703917189,0.05919428037013859,0.27098816353827715,0.00019478915600919838
710,0.0004731240335900111,0.04155499785556458,0.0893570431828266,0.05535514205694199,0.26398284938186406,0.00019354647317351147
711,0.00022086673260446332,0.03433246030181181,0.08955928784707794,0.05506277079693973,0.2647384854033589,0.00019230681491041408
712,0.00019504335867850386,0.032963944869698024,0.08912582494231173,0.05551028144545853,0.2644016256555915,0.00019107019345483234
713,0.00018707869853074044,0.031768772305804306,0.08955057104321895,0.05513354872819036,0.2641136568039656,0.0001898366210117216
714,0.00020708192876099928,0.03271069109905511,0.09040593824611279,0.0552846564212814,0.26510231476277113,0.00018860610975594345
715,0.00018424037483555367,0.034402608493110165,0.08952612351276912,0.05520820831879973,0.2635427502915263,0.00018737867183214702
716,0.00017450107575314177,0.032884186127921565,0.09003980835768743,0.05515944443177432,0.2648624025285244,0.00018615431935464945
717,0.00018170679053355343,0.0304048657824751,0.08923623890441376,0.055047527560964225,0.26467587538063525,0.00018493306440731517
718,0.00017954822517367574,0.033753204724052924,0.0895356773835374,0.05526989852078259,0.2670049604028463,0.0001837149190434374
719,0.0001867911094734609,0.03307736711867619,0.0895839004595473,0.055371133144944906,0.2642911272123456,0.00018249989528561922
720,0.00018353392414383052,0.03271387407439761,0.08907745151445852,0.05492759537883103,0.264062294177711,0.00018128800512565475
721,0.00018476488581882223,0.034153670791420156,0.08866692729206989,0.05519883970264346,0.26539527978748084,0.00018007926052441048
722,0.00017554590267536695,0.029165718806325458,0.08913666210428346,0.05509945906233042,0.26470648888498544,0.00017887367341170757
723,0.00017767414507261493,0.02985132740577683,0.08953972657764098,0.05510233521927148,0.26428933143615724,0.00017767125568620402
724,0.00017579856749989632,0.03367015802941751,0.08880377692403271,0.05503266002051532,0.2644886365160346,0.0001764720192152774
725,0.0001973206381762793,0.03440674940648023,0.08777806884027087,0.05497271032072604,0.2633123369887471,0.00017527597583490785
726,0.0007666453602041656,0.03964371387264691,0.09379655350494431,0.05825631320476532,0.2684768637642264,0.00017408313734956017
727,0.0003362832103789515,0.036413072963478045,0.08920149736295571,0.05539772005286068,0.2654226118698716,0.00017289351553206913
728,0.00016395659365571192,0.03296819126117043,0.08951245247153565,0.055073063587769866,0.2645901029929519,0.00017170712212352147
729,0.0001436622102232832,0.031743187905522066,0.08947274448219104,0.05509645873680711,0.26474978495389223,0.00017052396883314132
730,0.00014982719339400318,0.030360940156970172,0.08932486752455589,0.05494410505052656,0.2645248895511031,0.00016934406733817362
731,0.00015189664798072046,0.029976732676732353,0.08949092354814639,0.05509696549270302,0.2657606404274702,0.00016816742928377036
732,0.00017574619139395508,0.030562090472085402,0.09003318757240777,0.05533927497453987,0.26546144355088475,0.00016699406628287386
733,0.00019120839751849417,0.033072492107748985,0.08918208750910708,0.05510114801581949,0.2651221456006169,0.00016582398991610322
734,0.00016134909508878082,0.032216209822217935,0.08959114461831633,0.0550850722938776,0.265614097006619,0.00016465721173163962
735,0.00015853711320232833,0.033360662710038014,0.08989309342068737,0.05541200446896255,0.26436493564397096,0.00016349374324511307
736,0.0001598460354045983,0.034444437944330275,0.08934806800098158,0.05492171728983521,0.265439167432487,0.0001623335959394874
737,0.00016241982218616612,0.033272369735641405,0.08920251121307957,0.05495715430006385,0.2647258287295699,0.00016117678126494842
738,0.00015309583216094325,0.031677994862548076,0.08995026772972778,0.05528607666492462,0.26499197576195,0.00016002331063879005
739,0.00015036034878903592,0.031696862299577334,0.08958310221205465,0.05507674717810005,0.2649764958769083,0.00015887319544530149
740,0.00014804564470978222,0.03091203535150271,0.08882456133433152,0.0546993755036965,0.2636810356751084,0.00015772644703565547
741,0.00018704761257595237,0.03430376641335897,0.09019077413977357,0.05585594358853996,0.26570544596761464,0.0001565830767277956
742,0.00018816025246906065,0.03330202979850583,0.08925381108711009,0.05505442616995424,0.26412281673401594,0.0001554430958063254
743,0.00017525675082197267,0.030739823391195388,0.09026474718921236,0.05524892408866435,0.26573662366718054,0.00015430651552239652
744,0.00016899149839559867,0.030315938236890362,0.08953997780481586,0.05494151397142559,0.26201011054217815,0.0001531733470935973
745,0.00014887400265592988,0.03147269392211456,0.08970752803288633,0.05505977761931717,0.2645367508754134,0.00015204360170384255
746,0.0001369368555572237,0.03178562817338389,0.089413959866215,0.05502918013371527,0.2656631959602237,0.00015091729050326343
747,0.0001465093932097261,0.030372305260971188,0.08933682012793724,0.054976648488081994,0.2653070757165551,0.00014979442460809662
748,0.0001546435099271548,0.031043705155025237,0.08917984621875803,0.055013323691673575,0.2664693357422948,0.00014867501510057497
749,0.00014704734660426767,0.03023937168472912,0.08934673291514628,0.05502971191890538,0.26467663440853356,0.00014755907302881896
750,0.00014418497440829014,0.03441339800774586,0.08934824483803823,0.055159282381646337,0.2656307892873883,0.00014644660940672596
751,0.00014450383479243102,0.0317518060823204,0.08951475235517137,0.054919986682944,0.2639383297413588,0.00014533763521386284
752,0.00015643703794694376,0.03010753266571555,0.08939171126694419,0.05499515144620091,0.2648454803973436,0.000144232161395357
753,0.00015000002973692973,0.030002214515116067,0.08865279682941037,0.05471479331608862,0.2641906041651964,0.0001431301988617891
754,0.00014888328046254174,0.031859411916229874,0.0896008466152125,0.05495571573264897,0.2647731628268957,0.00014203175848908408
755,0.0001445448542995109,0.030992816828074865,0.08971326621976913,0.05505868471227586,0.2642352657392621,0.00014093685111840533
756,0.0001393626446372309,0.030324943785672076,0.08956669835897628,0.0549280961509794,0.264796419814229,0.00013984548755604622
757,0.000161116957451668,0.031695599161321295,0.08902512137210579,0.05485921120271087,0.2646257819607854,0.0001387576785733248
758,0.00014960640685899307,0.028692920703906565,0.08935162466805195,0.054805503832176326,0.26402956154197454,0.00013767343490647647
759,0.00013890357044488155,0.02836473391216714,0.08840671924699564,0.05490040834993124,0.26484976019710305,0.00013659276725654833
760,0.00014129154566262515,0.03101732240174897,0.08921097736965748,0.05492957450915128,0.26405839901417494,0.00013551568628929387
761,0.00013703290024977833,0.03168510806572158,0.08948708811512915,0.055034220591187476,0.26426757387816907,0.00013444220263506766
762,0.0001363647397170098,0.030533768137684093,0.08854681092270766,0.054699240671470764,0.26481575816869735,0.0001333723268887198
763,0.0001416962970097302,0.028086987719871104,0.08907413978740805,0.054791828896850345,0.2640920473262668,0.00013230606960949176
764,0.00013878757056318136,0.030826597477425822,0.08934521303599467,0.0548927798634395,0.2652951357886195,0.0001312434413209128
765,0.0001317669397053578,0.029025209113024177,0.08952797876991099,0.05499202879145741,0.26410965658724306,0.000130184452510695
766,0.00013124433388611578,0.030612907308386637,0.08940115243967739,0.05485516120679677,0.2625377453863621,0.00012912911363063018
767,0.00014330836182807616,0.029314133923617192,0.09029793749723466,0.0557433795183897,0.2670651273801923,0.00012807743509648717
768,0.00014617369810707715,0.030105777611606755,0.09097182000114117,0.05576790068298578,0.26669976785779,0.00012702942728790866
769,0.00015476552562745382,0.029134686186444013,0.08968826202326455,0.05530597851611674,0.2657779648900032,0.00012598510054830856
770,0.0001423668564939362,0.03192444901796989,0.08917902618777589,0.054676180821843445,0.2635343212634325,0.00012494446518476992
771,0.00013266870176948943,0.027300121696316636,0.08895639015681808,0.05471873024944216,0.2636273417621851,0.0001239075314679441
772,0.00013809710784471463,0.02928943721926771,0.08948226731736213,0.0549882072256878,0.2630977429449558,0.0001228743096319478
773,0.00015795224455246172,0.0295370296924375,0.08893692033379921,0.054771034675650296,0.2651402108371258,0.00012184480987426384
774,0.00015074428725370126,0.03031033721345011,0.0887465774845623,0.05473680165596306,0.2637045530602336,0.0001208190423556388
775,0.00015366771962135317,0.02913698391057551,0.08858644307474606,0.05473017073236406,0.264221216365695,0.00011979701719998427
776,0.0001253656385074464,0.032060357596492395,0.08898583538248203,0.05472931645344943,0.2637140179052949,0.0001187787444942759
777,0.00012261848943921904,0.028874215311952868,0.08958377275994281,0.05497547653503716,0.26534307207912206,0.00011776423428845408
778,0.00011956229443512711,0.027736614024615847,0.08866219247720437,0.05456315882038325,0.2644465334713459,0.00011675349659532477
779,0.0001230222420872451,0.028866518134600484,0.08918058412527899,0.0547714771470055,0.2635076392441988,0.00011574654139046145
780,0.00012423336933693464,0.027387245095451363,0.08941002964929794,0.054874256369657815,0.2645438928157091,0.00011474337861210518
781,0.0001309872326544337,0.02761058294272516,0.0887341885609203,0.05477759349159896,0.2653211375698447,0.00011374401816106753
782,0.00013370197202107194,0.029866462072823195,0.08924126527854241,0.054957663919776675,0.26625655982643365,0.00011274846990063289
783,0.00013332591722701182,0.032270890803192745,0.08891150420677149,0.0547983301570639,0.2646406728774309,0.00011175674365646057
784,0.00013433399281552737,0.028257051986292935,0.08886605044826865,0.054736110591329636,0.26350740194320676,0.00011076884921648807
785,0.0001204767297053877,0.027164519968209788,0.08926592916468508,0.05478999151382595,0.2649506818503141,0.00010978479633083484
786,0.00012224718720972306,0.0260328001138987,0.089392400480574,0.05476539768278599,0.26398852188140154,0.00010880459471170569
787,0.00012186626737502593,0.028975020692450927,0.08899130273857736,0.054725067759864035,0.26440161634236575,0.00010782825403329479
788,0.00013980366450141445,0.031175859007635153,0.08900435284303967,0.05472495078574866,0.2643464472144842,0.00010685578393169046
789,0.00013785545544351408,0.03155434269574471,0.08932017728948267,0.05491341527085751,0.26523551940917967,0.00010588719400477978
790,0.00011578449261264722,0.03040307706978638,0.08872386983639444,0.0545313011854887,0.2633830182254314,0.00010492249381215455
791,0.00012031019620053484,0.02853398224688135,0.0893441799620632,0.05483033617492765,0.2647439604625106,0.00010396169287501625
792,0.00012003093719386016,0.029128768877126277,0.08923262234602589,0.054899397864937784,0.26484380178153516,0.00010300480067608207
793,0.00011747736142524446,0.03019797761226073,0.08905070433320361,0.054699895926751195,0.2649473510682583,0.00010205182665949184
794,0.00011245537057220645,0.027309804034302942,0.0890836744918488,0.05468017556704581,0.2643085213378072,0.00010110278023071431
795,0.00011539404985114743,0.029037641998729668,0.08920957431109855,0.05467782893683761,0.26503193005919456,0.00010015767075645463
796,0.00011764473632638328,0.027992381816147827,0.0886434253450716,0.05468725501559675,0.26466646417975426,9.921650756456139e-05
797,0.00011381471434788182,0.028625775463297032,0.08910061966307695,0.05464820482302457,0.2638969250023365,9.827929994393597e-05
798,0.00011313176948988258,0.028689377231057734,0.08953830215396011,0.05490646562539041,0.2646287014707923,9.734605714443882e-05
799,0.00011253869593588206,0.0249930147518171,0.08945464105709107,0.05476212489884347,0.2649821987375617,9.641678837679972e-05
800,0.00011843850251693765,0.027185941018979067,0.09020957440807251,0.055318763968534766,0.264975200034678,9.54915028125261e-05
801,0.00013950986476629623,0.031144900724757462,0.09087667459534714,0.05586038439068943,0.26617756094783546,9.457020958381311e-05
802,0.00014330043254631163,0.027261249659932218,0.08923706944478908,0.054857249930500986,0.2640298122540116,9.36529177834528e-05
803,0.0001233928890826519,0.030116054159589112,0.08921617768719443,0.05481283371336758,0.2644156951457262,9.273963646474502e-05
804,0.0001097035439499905,0.029420229446259327,0.08923953739722493,0.054749117512255904,0.2641513779759407,9.18303746414078e-05
805,0.00011189583959776428,0.02876620512979571,0.08925643612674321,0.054750605626031755,0.26541208736598493,9.092514128748813e-05
806,0.00010884414634801943,0.025277006867690945,0.08902405548578826,0.05463566000107676,0.26328883692622185,9.00239453372737e-05
807,0.00011319189013647701,0.026852797245373948,0.0892465740442276,0.05475616087205708,0.2649654299020767,8.912679568520471e-05
808,0.00011482058945375684,0.029221026055165567,0.08915658831974724,0.05473361483309418,0.26546690445393323,8.823370118578605e-05
809,0.00011629556401544505,0.026656234764959662,0.0893969597935211,0.05468458435498178,0.2645707480609417,8.734467065349999e-05
810,0.00011119993048964716,0.02615711491089314,0.08906339015738922,0.05467696106061339,0.26470560003072025,8.645971286271892e-05
811,0.00010811072158958268,0.025994487234856933,0.08914334236105788,0.05471667379606515,0.26474179029464723,8.557883654761883e-05
812,0.000104813935013226,0.025685520566185005,0.08917829969359445,0.05463808116037398,0.26451857537031176,8.47020504020935e-05
813,0.000108397430972218,0.02769220940535888,0.08893373394821538,0.0546320280758664,0.2640273394063115,8.382936307966815e-05
814,0.00010785856899815371,0.027903400443028657,0.08912839700860786,0.054600458359345794,0.2630993742495775,8.29607831934141e-05
815,0.00010943705593149388,0.026731682842364535,0.08917387805704494,0.05466417977586389,0.2641009556129575,8.209631931586465e-05
816,0.0001077364023899463,0.02557210514496546,0.08919144053797937,0.0547423975309357,0.2647376678884029,8.123597997892897e-05
817,0.0001047925758200563,0.027457113927812315,0.08901262839062837,0.05459130390081555,0.2635094320401549,8.037977367380902e-05
818,0.00011303829145958844,0.027319520799210295,0.08841000472020824,0.05453489357605577,0.2637915911152959,7.952770885091529e-05
819,0.00010423372168020251,0.025902779577882028,0.08910122124361805,0.0546274044085294,0.263779460825026,7.867979391978378e-05
820,0.0001068898675384844,0.027597926536691374,0.08862966108281398,0.05449991230852902,0.263699752651155,7.783603724899227e-05
821,0.000110359033453733,0.02748158385511488,0.08895702177906059,0.05458252227399498,0.2639721458777785,7.699644716607876e-05
822,0.00010676399389240033,0.024431027891114353,0.0890164272284892,0.05461364812217653,0.2647242046892643,7.616103195745818e-05
823,0.00010617090829327936,0.026400480594020337,0.08903961218165932,0.05454044621437788,0.26389713380485774,7.532979986834157e-05
824,0.00010317126954646483,0.026526703123818152,0.08913467046731967,0.05459727698471397,0.2640664016827941,7.450275910265394e-05
825,0.00010360018156063688,0.027076831238809974,0.08893452863485436,0.05451825938653201,0.2634015206247568,7.367991782295372e-05
826,0.00010166254990053857,0.02798887836979702,0.08923951737233438,0.054658404714427886,0.2643252618610859,7.286128415035218e-05
827,0.00010200839487310987,0.026524684616015294,0.0892179533810122,0.05462043820880354,0.2647073408588767,7.204686616443333e-05
828,9.8924314153237e-05,0.02573588011728134,0.08893694743892411,0.054576088883914055,0.2643469350412488,7.123667190317379e-05
829,9.95198825449961e-05,0.02865451391262468,0.08863676123219193,0.054517654702067375,0.2642821028828621,7.04307093628636e-05
830,0.00010334377996628064,0.026134557742625474,0.08813854582913336,0.05444886332843453,0.26302170678973197,6.962898649802806e-05
831,0.0001066934411596776,0.027047827959177085,0.08887158254365204,0.05457454174757004,0.2645553037524223,6.883151122134795e-05
832,0.00010297827496970058,0.02711416921229102,0.08912110371529706,0.054507087008096276,0.263086368702352,6.803829140358208e-05
833,0.00010148882118983238,0.027426197001477703,0.08916912058775779,0.05454451027326286,0.26271157916635274,6.724933487349033e-05
834,0.00010165141506490727,0.024865341983968392,0.08899023635385675,0.05449235513806343,0.2633347833529115,6.646464941775482e-05
835,9.902472904741444e-05,0.02729717102192808,0.08846480334032095,0.054397717420943084,0.2636057730764151,6.56842427809043e-05
836,0.0001017469238661306,0.025638040917692707,0.08895534862895146,0.05458567701280117,0.26435249038040637,6.4908122665237e-05
837,9.791474803932942e-05,0.02631121989397798,0.08915904700770624,0.05456948301289231,0.26410744357854127,6.413629673074545e-05
838,9.78908153285829e-05,0.026076386691420338,0.08894175647219527,0.05448049393016845,0.26272575166076423,6.336877259503976e-05
839,9.920602886950291e-05,0.027245005677104927,0.08887923519796459,0.05455204811878502,0.26501002442091703,6.26055578332735e-05
840,9.915114298451045e-05,0.025011656255810522,0.08937003932733205,0.054719038866460325,0.2646491354331374,6.184665997806806e-05
841,0.00010232501501263868,0.02537508512614295,0.08905263728593127,0.05467957698274404,0.2645988354459405,6.109208651943906e-05
842,0.00010232711888988888,0.02561750402674079,0.08917866461924859,0.05463529729750007,0.26412901394069194,6.0341844904721806e-05
843,9.80208329508514e-05,0.025146732912980953,0.08937031225359533,0.05468731289729476,0.2641506833955646,5.9595942538498064e-05
844,9.665186479992371e-05,0.02586320162808988,0.08906308027580963,0.0546659535728395,0.26384447757154705,5.885438678252317e-05
845,9.691878113926577e-05,0.025947866521892137,0.08909213286460727,0.054635385214351115,0.26406421288847925,5.811718495565313e-05
846,9.647378460613254e-05,0.02639635242812801,0.08875036107565393,0.054534536343999206,0.26463747043162583,5.738434433377229e-05
847,9.560331374700582e-05,0.026615472548292017,0.08902330059936503,0.054549934226088226,0.2636355582624674,5.665587214972159e-05
848,9.504003209030998e-05,0.02622899277776014,0.08901465408489458,0.0546024393523112,0.2645432917401195,5.593177559322762e-05
849,9.510559102636762e-05,0.02839767133409623,0.08874543090714723,0.05452947171870619,0.2638642180711031,5.521206181083096e-05
850,9.692576181805635e-05,0.02433473425335251,0.08911672064714367,0.054623563028872016,0.2640088018029928,5.449673790581596e-05
851,9.48514566744052e-05,0.026943096265313216,0.08905904129860573,0.05455345422960818,0.26346046663820744,5.378581093814085e-05
852,9.429094525330584e-05,0.0250413321016822,0.0890787413387443,0.05456131412647665,0.264224024489522,5.3079287924367966e-05
853,9.513898681348109e-05,0.02429210786067415,0.08920132024941267,0.05464980688411743,0.26450713891536,5.237717583759407e-05
854,9.538852513628626e-05,0.02512285012053326,0.08904468039254425,0.05457572604063898,0.26394455805420874,5.1679481607381916e-05
855,9.768123450157873e-05,0.026012884441297502,0.08898996250209165,0.05455985425505787,0.26386397443711757,5.098621211969209e-05
856,9.44604347864697e-05,0.026729277113918214,0.08915477852497133,0.05460379405412823,0.2638160020112991,5.029737421681432e-05
857,9.515181334336375e-05,0.02529630464850925,0.08902607567433733,0.05454595605842769,0.26417489554733037,4.961297469730083e-05
858,9.440361088763893e-05,0.025212309972266665,0.08901244912703987,0.054558985470794144,0.2645832112058997,4.893302031589844e-05
859,9.283499978778309e-05,0.027141934359678998,0.08901897621544777,0.05455947197042406,0.26475933715701105,4.825751778348245e-05
860,9.173175794785493e-05,0.02376251092646271,0.08905099071853328,0.05454580662772059,0.2640483660623431,4.7586473766990186e-05
861,9.048396052548923e-05,0.02757703059760388,0.08900382072170032,0.05450554995331913,0.2635497871786356,4.6919894889355024e-05
862,9.050241917520906e-05,0.02703923631343059,0.08898622452979907,0.05455642358865589,0.26475044526159763,4.625778772944136e-05
863,9.089793619523334e-05,0.025844736499129793,0.08916622568285675,0.054583142045885324,0.26400894243270157,4.5600158821979796e-05
864,9.077686110572358e-05,0.024186777640716174,0.0888643565675011,0.05449593847151846,0.2642963655292988,4.4947014657502034e-05
865,9.130975019502329e-05,0.02549706276913639,0.08889528442596202,0.05449254878330976,0.264206618629396,4.4298361682277215e-05
866,9.049260695519479e-05,0.024354273444623688,0.08894332867930643,0.05451617173384875,0.2640258127823472,4.365420629824849e-05
867,9.218049505648196e-05,0.025889412208925933,0.089277070954995,0.05463995614554733,0.264336839877069,4.3014554862969324e-05
868,9.083021530500445e-05,0.026077708826051094,0.08937894164409954,0.054668835806660356,0.26425806414335967,4.237941368954111e-05
869,9.314656074366212e-05,0.026937446772353723,0.08911333010619274,0.05462528502102941,0.26432007998228074,4.174878904655087e-05
870,9.101141901624032e-05,0.02431081946124323,0.089056063805765,0.054546881536953154,0.26430175378918647,4.11226871580093e-05
871,9.015511525376497e-05,0.025383461875026114,0.08905222754619899,0.05454848769586533,0.2644075708463788,4.0501114203289265e-05
872,8.980824350146577e-05,0.025432812407962045,0.08890824427144253,0.054457597457803784,0.26420527081936596,3.9884076317064796e-05
873,9.060167697612087e-05,0.026584927970543504,0.08892366304498864,0.05450620176270604,0.2644432164728642,3.9271579589250695e-05
874,9.014268140390413e-05,0.025496185186784714,0.08908042453913367,0.054586501838639376,0.26480601262301207,3.866363006494244e-05
875,8.967197189235776e-05,0.025613434702972882,0.08874515182324103,0.054421877046115695,0.26354914531111717,3.806023374435652e-05
876,8.976038994319424e-05,0.027020756728597918,0.08872325824049768,0.05445981824304909,0.26378257796168325,3.746139658277081e-05
877,8.99690572111922e-05,0.026795282572857106,0.08914436691993614,0.054554866650141774,0.2639082718640566,3.686712449046659e-05
878,8.991717497224272e-05,0.026222309784498066,0.08893334552631131,0.0545142489252612,0.2640514228492975,3.6277423332669265e-05
879,8.889202103432581e-05,0.02510386568319518,0.08901578091463307,0.05451143509708345,0.2642400344833732,3.569229892949134e-05
880,8.813103024181146e-05,0.02586026144272182,0.08897677593849948,0.054501019441522656,0.26367785669863225,3.511175705587417e-05
881,8.82624228665918e-05,0.024339511888683774,0.08903103836055379,0.05453903072047979,0.2641058756038547,3.453580344153202e-05
882,8.901228046624965e-05,0.025939105899306016,0.08913598558065132,0.05456959852017462,0.26430422309786084,3.396444377089443e-05
883,8.837525807621205e-05,0.026414635370019823,0.08905324371298776,0.054547196812927724,0.2641883743926883,3.3397683683050696e-05
884,8.867489864883282e-05,0.024724167058593594,0.08917455265109311,0.05457120472565293,0.264114061743021,3.283552877169389e-05
885,8.81690000198887e-05,0.02314565189590212,0.08906224883976392,0.05454824811313301,0.2641145147383213,3.2277984585066264e-05
886,8.774159495601452e-05,0.025066592221264727,0.08902560663045733,0.054536446603015064,0.26435856744647024,3.172505662590376e-05
887,8.736364191577194e-05,0.02637311354628764,0.08896922616040684,0.054509311472065745,0.2641346676275134,3.117675035138202e-05
888,8.773092966976037e-05,0.02654377122526057,0.0888048259432253,0.0545014915522188,0.26470847576856615,3.063307117306287e-05
889,8.729011917125717e-05,0.02541271797963418,0.08909891944786068,0.054535697866231206,0.2637933475896716,3.009402445684008e-05
890,8.732161376769909e-05,0.024333241282147356,0.08892895098761074,0.05448021646589041,0.26407510973513126,2.9559615522887237e-05
891,8.706317505584593e-05,0.025139694701647387,0.08902675193894538,0.05449751152191311,0.26401515677571297,2.902984964560464e-05
892,8.684567370664809e-05,0.024691157336928882,0.08896757733891718,0.054491242044605315,0.26414588540792466,2.8504732053567647e-05
893,8.706143811423316e-05,0.02479244665883016,0.08891923441478866,0.05445432909764349,0.26342455148696897,2.798426792947508e-05
894,8.76922051645579e-05,0.02610460733703803,0.08893727026152191,0.054485005396418276,0.26416113805025815,2.746846241009756e-05
895,8.714036581523033e-05,0.026327496056910604,0.08882357688926276,0.054441469721496105,0.26387932505458594,2.6957320586227266e-05
896,8.641851495099218e-05,0.02535705286427401,0.08898964026520843,0.0544840405927971,0.26393546387553213,2.64508475026278e-05
897,8.623768788424968e-05,0.02473908888641745,0.08894714545895113,0.054465560568496586,0.2636816564947367,2.594904815798396e-05
898,8.629101386645744e-05,0.02401248056848999,0.0889266171878262,0.05448723351582885,0.2641476411372423,2.545192750485256e-05
899,8.647492322211292e-05,0.02486707524221856,0.08907541978915105,0.05453724020626396,0.26413525398820636,2.4959490449614016e-05
900,8.608868455439733e-05,0.023447983263758944,0.08896761956057161,0.05451327764894813,0.26417160890996455,2.4471741852423154e-05
901,8.617072366519096e-05,0.02475871758069843,0.08899272689159261,0.05449582445435226,0.26394641268998387,2.3988686527161662e-05
902,8.631857186287561e-05,0.02407105601450894,0.08895150890093646,0.054475767980329694,0.2639690235257149,2.351032924139055e-05
903,8.591058027604959e-05,0.02497784573060926,0.08887934456579387,0.05444796031806618,0.2639167319983244,2.3036674716303198e-05
904,8.575364318517132e-05,0.025438540609320624,0.08898824603747926,0.05447299019433558,0.26371925286948683,2.256772762667845e-05
905,8.5881708719171e-05,0.02476144362881314,0.0888264533416077,0.054427595972083506,0.2637038854882121,2.2103492600834867e-05
906,8.584671246012477e-05,0.0251856871007476,0.08879213758627884,0.05443684421479702,0.26402913592755795,2.1643974220584656e-05
907,8.621647752420359e-05,0.025841539521934465,0.0889722867643286,0.05448850260581821,0.2640390157699585,2.1189177021188818e-05
908,8.565162497689016e-05,0.023079893161775545,0.0888972512424516,0.05444578053429723,0.2639439977705479,2.0739105491312015e-05
909,8.542125907524678e-05,0.025495938761741853,0.08889285761324572,0.054456895031034944,0.26398531161248684,2.029376407297855e-05
910,8.524456792429192e-05,0.024147658425499686,0.08901445969895576,0.05448992864694446,0.2641182441264391,1.9853157161528404e-05
911,8.524937302922808e-05,0.024008018878521397,0.08898570864257635,0.05448677814565599,0.26410292033106086,1.9417289105573995e-05
912,8.506875491889331e-05,0.023606237588683143,0.08895416582818143,0.05445840519387275,0.26390869412571194,1.898616420695703e-05
913,8.503396942387554e-05,0.024253074245643803,0.08897830289206468,0.05448176490608603,0.2640515509992838,1.8559786720706125e-05
914,8.502125637050994e-05,0.024109796260017902,0.08895313136308687,0.05447432573419064,0.2640398794785142,1.8138160854995087e-05
915,8.485837075795643e-05,0.02535457025223877,0.08900825770906522,0.05448521862272173,0.2639614691957831,1.772129077110096e-05
916,8.489546668783987e-05,0.025048816259368323,0.08892530754383188,0.05444911050144583,0.26388855967670677,1.7309180583363e-05
917,8.482681307100392e-05,0.023581938713323324,0.0889265154954046,0.05445533297024667,0.26394621916115285,1.690183435914255e-05
918,8.47490117223515e-05,0.02318040217505768,0.08889237229159334,0.054443368199281396,0.26394180841743947,1.6499256118782445e-05
919,8.482154457283287e-05,0.02494588927947916,0.08898379818783723,0.054471795563586056,0.26405725758522747,1.6101449835567274e-05
920,8.483206924836395e-05,0.025926102921948767,0.08893920891860034,0.05446615072432905,0.2641341559588909,1.570841943568441e-05
921,8.471058818031452e-05,0.027140015401528217,0.0889288397404016,0.054462831607088445,0.2640068497508764,1.532016879818532e-05
922,8.451270911109532e-05,0.024039881993667224,0.08895944219548255,0.054464962775819005,0.2641277316957712,1.493670175494705e-05
923,8.446931859680262e-05,0.023565391337615437,0.08893859347008401,0.054445430939085784,0.26393651198595763,1.4558022090634454e-05
924,8.443318982926939e-05,0.023513144548633135,0.08896555529354373,0.05446364637464285,0.2640139875933528,1.4184133542662964e-05
925,8.433272195134123e-05,0.024810888661886566,0.08895068924393854,0.054457589681260285,0.26388486884534357,1.3815039801161674e-05
926,8.415299001853782e-05,0.02411382888094522,0.0890198388202407,0.05447221540380269,0.2638796942308545,1.3450744508936696e-05
927,8.420455852728992e-05,0.025412694396800363,0.08911142036959063,0.05450889496132731,0.26401686277240516,1.3091251261435578e-05
928,8.460930741307492e-05,0.024304984096670524,0.0889899824767781,0.054477418307214975,0.2641178660094738,1.273656360671134e-05
929,8.418576388748988e-05,0.02527664067747537,0.08898261755675776,0.054452263144776226,0.2637919275090098,1.2386685045388272e-05
930,8.416707662490807e-05,0.024634296234580688,0.08900016542320373,0.054461675230413675,0.26397882085293534,1.20416190306263e-05
931,8.403391574347552e-05,0.0243025858013425,0.08894605085297372,0.05444846153259277,0.2639440746977925,1.1701368968087673e-05
932,8.40025042293746e-05,0.02378134366881568,0.08894892735625035,0.05443691050168127,0.2638781500980258,1.1365938215903223e-05
933,8.399185076655158e-05,0.026336525758961216,0.08896676363510778,0.05444656882900745,0.2638462733477354,1.1035330084639103e-05
934,8.390794434944837e-05,0.023416844947496428,0.08894562079876778,0.054438244784250855,0.2638987829908729,1.0709547837263932e-05
935,8.387568311718496e-05,0.023848893685499205,0.0889236876864743,0.05444581035990268,0.26391928531229497,1.0388594689117037e-05
936,8.390647957980945e-05,0.02392351494927425,0.08893064084841171,0.05444097835570574,0.26392929833382367,1.0072473807876537e-05
937,8.381531134773467e-05,0.02521031837677583,0.08890915940137348,0.05443966039456427,0.264088817499578,9.761188313527815e-06
938,8.366517242848203e-05,0.022171726619126274,0.0889405829977477,0.05444951909594238,0.2640501713380218,9.454741278332982e-06
939,8.376804576641917e-05,0.024127086545922792,0.08894705587445059,0.054449450923129916,0.26400387939065695,9.15313572680057e-06
940,8.366987317458552e-05,0.024895438182284124,0.08889780858589802,0.054435001430101694,0.2640689231455326,8.856374635655612e-06
941,8.36348372104112e-05,0.023424822062952443,0.0889115976926405,0.05443414207547903,0.26394491270184517,8.564460933810388e-06
942,8.366311646454961e-05,0.023762889287900178,0.08893731775388006,0.054434450529515746,0.26383133213967086,8.277397502335114e-06
943,8.35275820577408e-05,0.024040967776090837,0.08895446978276596,0.054442430334165695,0.26390968542546034,7.995187174430129e-06
944,8.360447773156921e-05,0.025114437923184595,0.08892884575252538,0.05444476797711104,0.26392405163496735,7.717832735397312e-06
945,8.354403740327144e-05,0.02340156177233439,0.08894641373553895,0.054452516767196354,0.2639690440148115,7.445336922613044e-06
946,8.343351578332658e-05,0.022795064249658027,0.0889325950978673,0.05444038542918861,0.2639724066480994,7.1777024255009545e-06
947,8.34240703454725e-05,0.024468265223549678,0.08891785814485047,0.05443690055981278,0.2640602823346853,6.91493188550555e-06
948,8.346133623149399e-05,0.02380472258955706,0.08892629851543461,0.05444138608872891,0.26403783466666936,6.657027896065961e-06
949,8.345427845029008e-05,0.02447815305495169,0.08894357008175575,0.05443370274733752,0.2638423653319478,6.4039930025904055e-06
950,8.332435494367019e-05,0.024230493107461372,0.08892464047894463,0.05443356861360371,0.2639599934220314,6.1558297024311524e-06
951,8.335717561749333e-05,0.02502330825664103,0.08893786423577694,0.05444379521068186,0.26400350462645295,5.912540444859765e-06
952,8.336302300335774e-05,0.025217457007966005,0.08893401461609755,0.05443828357383609,0.26392438281327485,5.6741276310430085e-06
953,8.33051037147925e-05,0.025187967441161162,0.08894323599160998,0.05444020866416395,0.2639309739693999,5.440593614019091e-06
954,8.328581378691524e-05,0.0218360734928865,0.08894335949225933,0.0544407689711079,0.26395010873675345,5.211940698674518e-06
955,8.326705220724761e-05,0.023786609468515962,0.08893814371331246,0.05443741080816835,0.26391713637858627,4.9881711417212166e-06
956,8.323587771883468e-05,0.02422264238120988,0.0888995861809235,0.05442503015510738,0.2639088951051235,4.7692871516743914e-06
957,8.322170403971541e-05,0.024263572346535513,0.0888956232534838,0.05443178697023541,0.2640549985691905,4.5552908888306516e-06
958,8.319971905734747e-05,0.024759575625648723,0.08893483412684873,0.054431471391581,0.2638479365035892,4.346184465246692e-06
959,8.319844863535764e-05,0.023905038586235605,0.08890749419369967,0.054429780272766945,0.26393225267529485,4.141969944718592e-06
960,8.3148184643278e-05,0.021778756444109603,0.08893718933177297,0.054436385771259664,0.2639506978914142,3.9426493427611055e-06
961,8.3144852891337e-05,0.02458184733404778,0.08891790503621451,0.05443255237769336,0.26394610442221167,3.748224626588125e-06
962,8.314294040587811e-05,0.02481854355719406,0.08892064237152227,0.054437034646980464,0.26398594956845045,3.5586977150931954e-06
963,8.315424047395936e-05,0.02612444165861234,0.08892988606530708,0.0544350856449455,0.26390008684247734,3.374070478830305e-06
964,8.313089695661801e-05,0.024268884040066042,0.08893669405588298,0.054437874094583096,0.2639567876234651,3.1943447399957925e-06
965,8.305837673105998e-05,0.024324968724977226,0.08891879583170521,0.05442953121382743,0.26395562328398225,3.0195222724101375e-06
966,8.308336961135865e-05,0.024929908016929403,0.08891751604751334,0.054432311374694106,0.26394263803958895,2.8496048015005297e-06
967,8.305385650260177e-05,0.025118165646563283,0.08892772097460692,0.05443526834715158,0.26393834576010705,2.6845940042838276e-06
968,8.303307560595386e-05,0.02455728887580335,0.08893778946949168,0.05443388395942748,0.2639265155419707,2.5244915093499056e-06
969,8.303437496692823e-05,0.024732392001897096,0.08891990535266814,0.054429376893676815,0.2639425678178668,2.3692988968458324e-06
970,8.303744956492665e-05,0.023789071032661015,0.08891963605492492,0.05443451255559921,0.2639568837359548,2.2190176984599955e-06
971,8.300388697648486e-05,0.025451817506109364,0.08892695984031888,0.05443348158150911,0.2639265598729253,2.0736493974071678e-06
972,8.3003953301386e-05,0.02303621271275915,0.08891912378530833,0.05443218369036913,0.26390583273023366,1.9331954284137425e-06
973,8.299871855683705e-05,0.02474281489558052,0.08892314989789156,0.0544318730244413,0.2639142556115985,1.7976571777037994e-06
974,8.299379034042431e-05,0.02357965276460163,0.08892666015090071,0.05443498485255986,0.26395063009113073,1.6670359829850612e-06
975,8.29703736258125e-05,0.02402290049358271,0.08893694511643843,0.0544361068867147,0.26394241154193876,1.5413331334360138e-06
976,8.296602217683358e-05,0.0227385009318823,0.08893091721038218,0.0544313641032204,0.263907053694129,1.420549869693029e-06
977,8.295366029642537e-05,0.024751324750832283,0.08893002878321568,0.05443371005821973,0.26389405950903894,1.3046873838381508e-06
978,8.294111198097198e-05,0.02412170608586166,0.08893292541324627,0.054434386035427454,0.26389225479215384,1.1937468193873833e-06
979,8.29410127266783e-05,0.024888312691473402,0.08892654021037742,0.054429026693105696,0.26386661902070047,1.0877292712792555e-06
980,8.293811970929709e-05,0.024188124889042227,0.08892691684814054,0.05442957344930619,0.2638764100149274,9.866357858642177e-07
981,8.29322078743644e-05,0.023193403100594878,0.08892418454925063,0.054431643919087946,0.26390359327197077,8.904673608940958e-07
982,8.291669265645397e-05,0.023486173670971767,0.0889165826360113,0.05442871004343033,0.2638869728893042,7.992249455124867e-07
983,8.291627280527791e-05,0.024483706292812712,0.08892030430652084,0.054428773233667016,0.26388776376843454,7.129094402450999e-07
984,8.290951256526569e-05,0.024748077848926187,0.08891669856602676,0.054427666566334666,0.26389526594430207,6.315216969912644e-07
985,8.291057388305489e-05,0.024993636869476178,0.08891814519665786,0.05442943333182484,0.2639057097956538,5.550625190150466e-07
986,8.290629510270265e-05,0.022520847732084803,0.08891559479088755,0.05442778824362904,0.2639057109132409,4.835326609376453e-07
987,8.29040976327633e-05,0.023298431100556627,0.08892065814652597,0.054429752216674385,0.2639090739190578,4.1693282872995325e-07
988,8.289791579727535e-05,0.021735151400207542,0.08892458989284932,0.05443091711495072,0.26390695888549087,3.5526367970539657e-07
989,8.289606256539628e-05,0.02364360432547983,0.08892683575832053,0.05443166729528457,0.2639042194932699,2.985258225135503e-07
990,8.289292096606005e-05,0.02324988238979131,0.08892538950167364,0.054430968360975385,0.2639073871076107,2.4671981713419924e-07
991,8.289377969958878e-05,0.024411086266627535,0.08892543937326991,0.05443146077450365,0.2639110883697867,1.9984617487173113e-07
992,8.289137396104707e-05,0.02374506945197936,0.08892536294370075,0.054431425454095,0.2639073086902499,1.5790535835002957e-07
993,8.288916548053749e-05,0.024388344184262677,0.08892484186435468,0.05443146096076816,0.2639085352420807,1.2089778150797776e-07
994,8.28888571504649e-05,0.02298361484135967,0.08892624110812904,0.05443160815630108,0.26391114108264446,8.88238095955171e-08
995,8.288786401067227e-05,0.022543238307116555,0.08892529841905343,0.05443126002792269,0.2639099745079875,6.168375916970595e-08
996,8.288776576819146e-05,0.02299458552733995,0.08892421073251171,0.05443083683494478,0.2639080759137869,3.9477898091944e-08
997,8.288654032639897e-05,0.024517968227155507,0.08892446742684115,0.05443084605503827,0.2639072446152568,2.220644552508581e-08
998,8.288588333584812e-05,0.024173550546402113,0.08892477044064435,0.05443092570640147,0.2639082273468375,9.8695719314423e-09
999,8.288538841725313e-05,0.024021086195716634,0.0889246252067096,0.05443091122433543,0.26390830148011446,2.4673990708934305e-09
1000,8.288545420782611e-05,0.02374152922711801,0.08892458195477956,0.05443087816238403,0.2639079481363297,0.0
