epoch,train_loss,train_mse,train_rel,train_grad_t,train_grad_x,train_fft,val_loss,val_mse,val_mae,val_rel,val_grad_t,val_grad_x,val_fft,lr
1,0.9301867820322514,0.8260704748361605,1.02588217779994,0.0614251752034761,0.014979560460778885,0.05528784894268028,0.669368089735508,0.5684641914442181,0.2338644780218601,0.9937579452991485,0.06160242632031441,0.014802806614898145,0.05495035406202078,0.0009999975326009292
2,0.6995507871732116,0.6111579119460657,0.8682140238583088,0.06327097960747778,0.015302799128403422,0.05365460527245887,0.5258172772824764,0.4507011611945927,0.18549768663942814,0.736728435754776,0.05767473950982094,0.014489170559681953,0.048264844622462985,0.0009999901304280684
3,0.5879796411842108,0.5095505895442329,0.7686545625329018,0.06258076757658274,0.015598953299922868,0.05107833083020523,0.4202769257128239,0.3536865666974336,0.1657589003443718,0.6514784216880798,0.05770847927778959,0.01441695294342935,0.04548590974882245,0.000999977793554475
4,0.46395940724760293,0.3951125729945488,0.6732776679098607,0.06021968480199576,0.015733531248406506,0.04813699000515044,0.3875667333602905,0.32156746280379594,0.16917014606297015,0.6447097808122635,0.060907823778688905,0.015506698517128825,0.049351676180958745,0.0009999605221019082
5,0.39913715720176696,0.33436992961214856,0.6326507482677698,0.058981308597140014,0.016126293048728257,0.046717660524882375,0.3465017966926098,0.28553602756001056,0.15546851493418218,0.5947571426630021,0.05896069258451462,0.01554172527976334,0.04584056129679084,0.0009999383162408303
6,0.38945783814415336,0.3270892321190331,0.6086489126086235,0.05921076467493549,0.015974645724054427,0.045809814747190106,0.33126419484615327,0.27240056307055055,0.1450593639165163,0.5740552127361298,0.0582923436537385,0.014613495022058488,0.04410862121731043,0.0009999111761904045
7,0.3154689237941056,0.2582329708500765,0.5577655669301749,0.056713607138954104,0.016255998698761688,0.04381504274206236,0.30131879150867463,0.2445314430166036,0.14629041776061058,0.5534360527992248,0.05710441768169403,0.015082490746863186,0.0447034259326756,0.000999879102218492
8,0.267106422316283,0.21586584883916657,0.49795852806419133,0.055525022570509466,0.01671083167893812,0.04281765604973771,0.31354371160268785,0.2563493143767118,0.14155237637460233,0.5574994713068009,0.05704809259623289,0.015174217615276575,0.044460813608020545,0.00099984209464165
9,0.25156170534901323,0.20154246262682135,0.48609393164515496,0.0540805563912727,0.016411931268521585,0.04203149877721444,0.29685997366905215,0.2417954380158335,0.138085350766778,0.5366892337799072,0.05487021617591381,0.014910517469979822,0.04331592284142971,0.000999800153825128
10,0.22922817771323026,0.18088724000554066,0.4693903986364603,0.05372645335737616,0.016368401498766616,0.04145663847448304,0.24112651869654655,0.18953248886391522,0.1296152763068676,0.5021333992481232,0.05373740531504154,0.015297228656709193,0.04153226539492607,0.0009997532801828656
11,0.21155960611067712,0.16397188236296642,0.4622928278520703,0.051720429235138,0.016201537160668522,0.039796408085385336,0.2318020161241293,0.181995992641896,0.12666824087500572,0.484224870800972,0.053593261539936064,0.015583156328648328,0.04124649716541171,0.0009997014741774863
12,0.22341304747387766,0.17469757769140415,0.47332808524370196,0.05278420117683709,0.01634887154214084,0.04076172902714461,0.23248978108167648,0.18290044339373707,0.13129593171179293,0.48173907697200774,0.054757853597402574,0.016014047618955373,0.04186675827950239,0.0009996447363202945
13,0.17924810461699964,0.13544459375261794,0.4246259415522218,0.05078953685006127,0.01625629092741292,0.03881687329849228,0.21900003924965858,0.1695855851750821,0.12325291447341442,0.48027831614017485,0.05390243716537953,0.01542857806198299,0.04000465152785182,0.00099958306717127
14,0.17227189377881585,0.13006544831296196,0.4086394293233752,0.05069134960649535,0.01643373862025328,0.03856864994741045,0.21427332274615765,0.16652889735996723,0.12411465644836425,0.4639608770608902,0.05200124438852072,0.015415804134681821,0.039609579276293515,0.0009995164673390624
15,0.16802440164610744,0.12607281590462663,0.40636392775923014,0.04963709245203063,0.016122588771395385,0.03801168955396861,0.19649278074502946,0.1514321219176054,0.12114030905067921,0.4369621932506561,0.05199293214827776,0.016229169582948087,0.039799716975539925,0.0009994449374809851
16,0.15720279728993775,0.11677777130971663,0.39131237342953684,0.048389258910901845,0.01630012555688154,0.03777349763549864,0.19423292949795723,0.14980539234820753,0.11549501232802868,0.43079729229211805,0.05161870401352644,0.015771571127697826,0.04017019225284457,0.0009993684783030088
17,0.15334884580224753,0.11368264293269022,0.3837459497153759,0.048254158440977336,0.016326250252313913,0.037546398595441136,0.19716196842491626,0.15120292291976511,0.11901237107813359,0.4460364282131195,0.0517944997176528,0.015975699480623006,0.040779474657028913,0.0009992870905597548
18,0.1514709890820086,0.11154253378044814,0.3864247867837548,0.048048976832069455,0.01624987852119375,0.037398735992610455,0.18968464881181718,0.14514095410704614,0.1183689545840025,0.43161638975143435,0.05208569467067718,0.017017113417387007,0.0418639212846756,0.0009992007750544874
19,0.1431628521066159,0.10488858341268496,0.37001602742820977,0.04720572223886847,0.016427512641530483,0.03695075812283903,0.1982061818242073,0.15209786961786448,0.12703610993921757,0.44746187925338743,0.05149650890380144,0.016609864449128507,0.04039753852412105,0.0009991095326391058
20,0.14241747930645943,0.10377587773546111,0.3736947953701019,0.047226890665479006,0.016379156141192654,0.036887281318195166,0.2008220985531807,0.1548632516525686,0.11925800777971744,0.4460615158081055,0.05140566546469927,0.016229192074388266,0.040455563180148604,0.0009990133642141356
21,0.13279948341660203,0.0957801134645706,0.357743507809937,0.045856133534107356,0.016394832232617774,0.03605359324719757,0.18131148144602777,0.13609902411699296,0.123351214453578,0.4389979690313339,0.04982196297496557,0.015811005467548968,0.03856810946017504,0.0009989122707287207
22,0.1275527679361403,0.09131053819874069,0.35007256977260115,0.04540121622849256,0.016347358332131988,0.035849128838162866,0.170104406401515,0.12883907214272766,0.10873576700687408,0.39991397857666017,0.0477950731292367,0.015901714470237492,0.03795381840318442,0.0009988062531806124
23,0.13131298427470028,0.09544221408868907,0.34636926390230655,0.04543742269743234,0.016254690490313806,0.03610176764195785,0.1852321084588766,0.14301979450974614,0.11021930053830147,0.4089403748512268,0.049877696111798285,0.016035961266607047,0.03852831022813916,0.0009986953126161617
24,0.1267701130826026,0.09097930636053206,0.34570317566394804,0.0446885874029249,0.016335855657234787,0.03555122915422544,0.1898666650056839,0.14746708176098763,0.11323463544249535,0.41072448194026945,0.04983495268970728,0.016522134467959405,0.03926547914743424,0.0009985794501303066
25,0.1183339346665889,0.08435387381323381,0.3278644274920225,0.04353505034232512,0.016145800659433007,0.03489100970327854,0.16946214959025382,0.12831302345730364,0.10600475333631039,0.39874666929244995,0.047796969301998615,0.015925677586346866,0.037789410911500454,0.0009984586668665637
26,0.11563968770205975,0.08151520319952396,0.3293884195387363,0.043135442701168356,0.01614665951638017,0.03446430240292102,0.1760400902479887,0.13501132663805038,0.10818164199590682,0.39725334048271177,0.04878262579441071,0.01638882583938539,0.03868618831038475,0.0009983329640170144
27,0.11964808688499033,0.08457802002958488,0.338722007162869,0.04382916674949229,0.016064122953685,0.03512151392642408,0.17614756822586058,0.1343336550053209,0.10767386071383953,0.4052861273288727,0.048184283263981345,0.016080835135653615,0.03818168314173818,0.0009982023428222956
28,0.1112437081988901,0.07719305846112548,0.3288232784718275,0.04234689727891237,0.01606920351914596,0.034162932552862915,0.16999390088021754,0.12840888188220562,0.10563091095536947,0.4034386187791824,0.04670047629624605,0.015357372025027871,0.03661732841283083,0.0009980668045715857
29,0.11141276380512863,0.07832368135859724,0.3191384743899107,0.04255270630819723,0.01620901355636306,0.03453586773248389,0.1720994807779789,0.13110756278038024,0.1036601223051548,0.3974624365568161,0.046614335477352144,0.015669478662312032,0.03804607531055808,0.0009979263506025922
30,0.11546978899277746,0.08202246764703887,0.32278707828372716,0.04251978460233659,0.015910835572867654,0.034725353005342185,0.1717460099607706,0.12975688509177416,0.10635041855275632,0.4071361780166626,0.04775153119117022,0.01602400545962155,0.03768103318288922,0.0009977809823015393
31,0.10726611895952373,0.07622504344180925,0.29893133593723176,0.041464975522831085,0.015932099259225653,0.033558199246181177,0.16520069688558578,0.12536656963638962,0.10092552863061428,0.38602977693080903,0.04643259420990944,0.01512440638616681,0.03595688035711646,0.0009976307011031536
32,0.10675077065825463,0.07239914863894228,0.33201203513890504,0.041434753558132795,0.016086148109752684,0.03367077810689807,0.17483340501785277,0.13298957392107696,0.1136344961822033,0.4051169142127037,0.04963516443967819,0.01697198087349534,0.03935920558869839,0.0009974755084906496
33,0.09966886539477855,0.06758940901345341,0.3095067493617535,0.04073105558054522,0.015708020675810987,0.032571855606511234,0.17055490240454674,0.1298641770845279,0.10739695504307747,0.3936462432146072,0.04887248780578375,0.017432657396420838,0.03897369261831045,0.0009973154059957155
34,0.10062344600446523,0.06915962220373331,0.30329785756766797,0.04070389358093962,0.01599798144889064,0.033250377664808185,0.1708029117435217,0.13181929984129964,0.10131514724344015,0.3772489711642265,0.047029806300997734,0.015905839018523694,0.037615645583719014,0.0009971503951984987
35,0.10123805906623602,0.06936251726292539,0.30757309347391126,0.04023271109908819,0.01567892070452217,0.0327050942578353,0.17052109725773335,0.13065469751600176,0.10049165189266204,0.3861871749162674,0.04644524026662111,0.015938900224864484,0.03771178768947721,0.0009969804777275892
36,0.09812100743874907,0.06795987415243872,0.2905489530414343,0.03976029724581167,0.015551610584952868,0.032444544520694764,0.16586777977645398,0.12616951267700643,0.10153940916061402,0.3840836241841316,0.04753097780048847,0.016964383143931627,0.03865102138370276,0.0009968056552600035
37,0.09488011787179858,0.06519969619766926,0.28591345390304923,0.03906683528330177,0.01538696168572642,0.03179342004004866,0.16750693060457705,0.1282418478978798,0.10146973803639411,0.3803898960351944,0.04557488299906254,0.0157293907366693,0.03645249484106898,0.000996625929521169
38,0.09277959021274,0.06369247315451503,0.28002420337870715,0.03879836985142902,0.015436433523427695,0.03159373616799712,0.16169419400393964,0.12228787627536804,0.09742279257625341,0.38173833042383193,0.04577744547277689,0.015846910933032633,0.036658506095409396,0.0009964413022849061
39,0.11092565478757024,0.07928161179734161,0.3054597213864326,0.03942754976451397,0.015475987779791468,0.033108946424908935,0.1741316460072994,0.13420243964064865,0.10121442694216967,0.38660292625427245,0.04716117959469557,0.01628451868891716,0.03758362680673599,0.0009962517753734112
40,0.09466948728077114,0.0641507918779098,0.2943405511789024,0.03872875621309504,0.015503205455024727,0.03179186212364584,0.1794498462229967,0.13796981468331068,0.10198891665786505,0.40254436135292054,0.04578953795135021,0.015490019135177136,0.03771664509549737,0.0009960573506572383
41,0.09521073487121612,0.06477096156886546,0.29359295032918453,0.03854062744649127,0.015483261327608489,0.03183721132809296,0.16328606829047204,0.12450769920833409,0.09780973140150309,0.37552510201931,0.04581319224089384,0.015479887556284665,0.03667529998347163,0.0009958580300552808
42,0.0945052970899269,0.06471998765700845,0.28716537449508905,0.038109453930519524,0.015329076972557231,0.031535297667142005,0.16331998035311698,0.12377480899449438,0.09803443867713213,0.38322090804576875,0.045412495359778406,0.01574169173836708,0.03654185701161623,0.0009956538155347526
43,0.08774495057296008,0.05906882183480775,0.2762140170671046,0.03760869747493416,0.015127592493081465,0.030640987085644156,0.16140612326562404,0.1215390395373106,0.09716232717037201,0.3863752454519272,0.04575148653239012,0.01572657092474401,0.03622773764654994,0.0009954447091111687
44,0.09074212920386344,0.06127419271069812,0.2839577687904239,0.0380734101170674,0.01553452857187949,0.031665102194529025,0.16142772771418096,0.12226340856868774,0.09836950358003378,0.3795339003205299,0.0450319018214941,0.01551434793509543,0.036392410006374123,0.0009952307128483248
45,0.08790478014852851,0.05928317470243201,0.27561319759115577,0.037626256537623706,0.015388000247185118,0.031087257718900217,0.17403022535145282,0.1338082608534023,0.09888329654932022,0.3899646893143654,0.045363289304077625,0.01591136660426855,0.03680327320471406,0.000995011828858278
46,0.08816468634177,0.05798926180796116,0.29129303926602007,0.037141885398887096,0.01516410689218901,0.030579194449819623,0.17073729149997235,0.13112012112978846,0.10684769675135612,0.38405540138483046,0.044964597932994364,0.015617030719295145,0.036330913193523884,0.0009947880593013246
47,0.08776405262760818,0.05828501329233404,0.28428644193336366,0.03701076891738921,0.015508955522091129,0.030792974994983523,0.16609203778207302,0.12677138631697743,0.10460528582334519,0.38007053881883623,0.047641427256166935,0.018038485990837218,0.040009813383221626,0.00099455940638598
48,0.08955113214906305,0.05933535552685498,0.2917103542946279,0.036928050580900165,0.01530897755001206,0.03099265960045159,0.17080762088298798,0.13221246821340174,0.09656268376857043,0.37357527315616607,0.04593604523688555,0.015945204719901084,0.037098948005586864,0.0009943258723689563
49,0.08589427066035568,0.05717447004863061,0.2767624848522246,0.03681004055542871,0.015367531884112395,0.030768043687567116,0.15996011160314083,0.12219948206329719,0.09353115428239107,0.3652229025959969,0.04561032429337501,0.016306303488090635,0.03690754994750023,0.0009940874595551397
50,0.08882556923199444,0.060286971099412764,0.2749706179834902,0.036622840340714904,0.01545398443704471,0.030874693742953242,0.14976137205958368,0.11177519899792969,0.09479027036577463,0.3673189148306847,0.04556085336953401,0.017153230402618645,0.03769396664574742,0.0009938441702975682
51,0.08412435983773321,0.05636779678752646,0.2672076435759664,0.03647659048438072,0.01531330013240222,0.030497861525509505,0.16174840480089187,0.12235394034069032,0.09508226104080678,0.38212982565164566,0.04380898699164391,0.015265283407643437,0.03552099671214819,0.000993596006997409
52,0.08160275875125081,0.05467365582589991,0.2590041710063815,0.03623079424723983,0.015203467529499904,0.03041923411656171,0.16826209425926208,0.12779111303389074,0.09832794405519962,0.39256608486175537,0.04432322736829519,0.01639540633186698,0.03684040056541562,0.0009933429721039333
53,0.08428023275919258,0.05663231006401474,0.2661113854497671,0.03657968445913866,0.015259503191919066,0.03053392087458633,0.1568890254944563,0.11727784690447152,0.09934399276971817,0.3835684582591057,0.04613094255328178,0.01658557108603418,0.037791349738836286,0.0009930850681144938
54,0.0982535618590191,0.06854415807902114,0.28640687810257076,0.037651500478386876,0.015784288005670534,0.03242040117038414,0.16609882190823555,0.12555855927057563,0.09797896910458803,0.392509850859642,0.047043679654598235,0.01742033795453608,0.040160049498081204,0.0009928222975744982
55,0.08644463485106826,0.05742649709864054,0.27977231461554763,0.03674645242281258,0.015298883168725297,0.031062230456154794,0.17765222415328025,0.1376438503852114,0.09827335570007563,0.38776227086782455,0.045473785139620304,0.01613375758752227,0.03704899922013283,0.000992554663077386
56,0.08502548772376031,0.05763984145814902,0.2635016958229244,0.03637493118876591,0.01539884514932055,0.030705638328799977,0.169826665148139,0.12903023248072715,0.09806998819112778,0.39613384902477267,0.04367431215941906,0.015478215273469686,0.035674593318253754,0.0009922821672646018
57,0.07672236892394721,0.04973210059615667,0.25972819440066813,0.03558065079851076,0.01529175694740843,0.02992737967870198,0.15859851539134978,0.121239862695802,0.08858824130147695,0.36125740259885786,0.0454874673858285,0.01615805933251977,0.03662833524867892,0.0009920048128255691
58,0.07591381118400023,0.050020335848239485,0.24877759516239167,0.03557631110306829,0.01520943782525137,0.029656865959987046,0.17646426409482957,0.13630290634464473,0.09577918257564307,0.388876935839653,0.046322891302406785,0.01736059836111963,0.03774597067385912,0.0009917226024976642
59,0.08088938368018717,0.053693214985833036,0.2618682044558227,0.035213018010836095,0.015254339872626588,0.02986379723297432,0.19347207769751548,0.1517208531498909,0.10456567164510489,0.40514222383499143,0.04555643368512392,0.016293035261332987,0.037046616245061156,0.0009914355390661888
60,0.08300510628614574,0.05621441131588654,0.25754386391490697,0.03609474126715213,0.01572067952074576,0.030759911198401824,0.15460063181817532,0.11581447632052004,0.09185261186212301,0.37583136558532715,0.04459196571260691,0.015558937145397068,0.035990300867706534,0.0009911436253643437
61,0.08136170234065503,0.05585686742706457,0.24482480762526393,0.035698682034853844,0.015419000561814755,0.030271917395293713,0.18058373257517815,0.14143440609332175,0.10076059587299824,0.37896671444177626,0.0462816558778286,0.016351069137454034,0.037331005465239285,0.0009908468642731987
62,0.07606464624404907,0.04950413046972244,0.2554133297875524,0.035572125588078055,0.015386988077079878,0.030055669753346594,0.15501541532576085,0.11633338237879798,0.09107302632182837,0.37445406019687655,0.04533098582178354,0.016500380495563148,0.036832955479621884,0.0009905452587216663
63,0.07484640129841864,0.04983129731481313,0.24001786950975657,0.03545998519985005,0.01520585230900906,0.029751909407787026,0.17256660498678683,0.13387549802428111,0.0958000760525465,0.3745014280080795,0.045342085883021355,0.016706304531544446,0.036967973504215476,0.0009902388116864716
64,0.07467110787983984,0.04959061935660429,0.24083150457590818,0.03474764745915308,0.015119253285229206,0.02935263873077929,0.14836912266910077,0.11002117935568094,0.0888298761099577,0.37144714444875715,0.04389454592019319,0.016266583045944572,0.03622334254905581,0.0009899275261921227
65,0.07643601768650114,0.04917494429682847,0.26262825140729545,0.03474879916757345,0.01516360909154173,0.029377223271876574,0.15394132174551486,0.115639977902174,0.09048659149557352,0.37042380422353743,0.04618025831878185,0.016767880553379653,0.03719900669530034,0.0009896114053108821
66,0.07899221102707088,0.0521008233736211,0.2588783393613994,0.034995248599443585,0.015182443385128863,0.029594977805390953,0.15324642919003964,0.11511768526397645,0.09265394173562527,0.3684025704860687,0.0469069691374898,0.01751743503846228,0.03882353808730841,0.0009892904521627353
67,0.07451644369866699,0.04872096739345579,0.24797876458615065,0.034788837179075924,0.015091127838240936,0.029349333222489803,0.17069121189415454,0.13092956335749478,0.09354301411658525,0.3853067845106125,0.04531857725232839,0.016229952126741408,0.03613736685365439,0.0009889646699153601
68,0.07453671905677765,0.0481666984007461,0.253843611292541,0.03439129836624488,0.014891642940347083,0.029148020211141556,0.19153266511857509,0.14861471068579704,0.10796737484633923,0.41679286360740664,0.04577563963830471,0.016157751018181444,0.03787976931780577,0.0009886340617840958
69,0.07803497293498367,0.05014059820678085,0.26902246540412306,0.03449615158606321,0.015110239901696331,0.02960736719542183,0.15994552411139012,0.12026616372168064,0.0925404243171215,0.3839861795306206,0.047134784422814845,0.016902373218908907,0.03792496742680669,0.0009882986310319113
70,0.07202987710479647,0.04692657546256669,0.24124286249279975,0.03405921073863283,0.01489155032322742,0.028897474968107417,0.16104002557694913,0.12260024137794971,0.09140443969517946,0.37200246304273604,0.04530391935259104,0.01667339107953012,0.036816618964076044,0.0009879583809693727
71,0.06740011429646983,0.04313001378759509,0.23312540743499993,0.03323685610666871,0.014641127572394908,0.027992964559234678,0.1622705116868019,0.12442989458795636,0.08866586741060019,0.3661356970667839,0.045336471311748026,0.01601582788862288,0.036557676177471875,0.0009876133149546106
72,0.0775310701224953,0.05187300165271154,0.24671765528619288,0.03441240246174857,0.014902698231162503,0.02952915453934111,0.18097860775887967,0.13943850838113575,0.10278487764298916,0.40186640471220014,0.04954774770885706,0.0181251416914165,0.0410415418446064,0.0009872634363932876
73,0.07255467718932777,0.04712466764249257,0.2444608730264008,0.03427183158928528,0.014924283622531221,0.029694483795901762,0.16342005580663682,0.12517315730219708,0.08916877806186677,0.3701168894767761,0.045702429674565795,0.0160580781288445,0.03674780307337642,0.0009869087487385634
74,0.07481394736096263,0.04845697310447576,0.25384200271219015,0.03387466024141759,0.01476400233223103,0.029065013071522115,0.17677119970321656,0.1342575292335823,0.10690837651491165,0.41299002170562743,0.044537419080734254,0.01619601738639176,0.03709738478064537,0.0009865492554910623
75,0.07481178583111614,0.049374393397010864,0.24438988976180553,0.0348425138159655,0.015077651434694417,0.029800457321107386,0.17870113737881183,0.13854238351341336,0.09500102866441011,0.38922533541917803,0.04562068544328213,0.016190453572198747,0.03677326431497931,0.0009861849601988373
76,0.07110314818564803,0.04581092702210299,0.24312071288004516,0.03395409160293639,0.015053418255411089,0.029175814392510803,0.15294132195413113,0.11459200722165405,0.08730902820825577,0.37144269198179247,0.044242987595498565,0.016009089769795537,0.03605051143094897,0.000985815866457336
77,0.0669347234768793,0.04220966697394033,0.23773397793993353,0.033067530358675865,0.014515366737032308,0.027857655147090554,0.1567973457276821,0.11835927692009136,0.09082026891410351,0.37239221930503846,0.04421906042844057,0.01572333467192948,0.03542334651574493,0.0009854419779093645
78,0.06441518794745207,0.040242866500193486,0.2323599194176495,0.0324289500946179,0.014387511563836598,0.02754726087441668,0.1674708615988493,0.12851179377175867,0.08894700538367033,0.3771615490317345,0.04599677063524723,0.0161487587261945,0.036681702360510826,0.000985063298245052
79,0.06355213556671516,0.0404406815971015,0.2217409983277321,0.03239980670623481,0.014467896110727452,0.027554093312937768,0.16999036334455014,0.13236828830558806,0.09394752830266953,0.3637763187289238,0.045805477909743784,0.01641667722724378,0.036768073216080666,0.0009846798312018136
80,0.06795918315183372,0.04325523131410591,0.23745558997616173,0.03309149865526706,0.014828128373483195,0.02845090240589343,0.163969087600708,0.1250834712991491,0.09184758383780718,0.37658417969942093,0.04487268906086683,0.016487439256161453,0.037381728552281855,0.0009842915805643145
81,0.07532783793285489,0.05088335594118689,0.23462824625894427,0.03380612041801214,0.015276734574581497,0.029542046214919536,0.2019201923161745,0.158598462655209,0.10082385540008545,0.4202800214290619,0.04737693518400192,0.01730947708711028,0.03898718496784568,0.0009838985501644318
82,0.0692192385205999,0.045397580854478294,0.2285625589080155,0.033128703909460454,0.015141360083362088,0.02875321814790368,0.16634502895176412,0.1272689142730087,0.08787566460669041,0.37838238328695295,0.04573840741068125,0.016155519476160406,0.03707346068695187,0.0009835007438812166
83,0.06668036699993536,0.042996080290322425,0.22741213655099274,0.03263170127756894,0.014521891661570408,0.027967379917390643,0.17378208674490453,0.13422635457245632,0.09047039002180099,0.3830831408500671,0.046024838089942934,0.016346419975161553,0.0368792250752449,0.0009830981656408565
84,0.07045747130177915,0.045731865635025314,0.23774895863607526,0.032895128172822294,0.014640309667447582,0.028619779646396636,0.17764787822961808,0.1373761629802175,0.09334278665482998,0.3902152508497238,0.04561324883252382,0.016896257735788824,0.03735620630905032,0.0009826908194166361
85,0.07124166561989113,0.04678537896397757,0.23502349592745303,0.03287919670110569,0.014817634789505974,0.028745116741629318,0.19559787400066853,0.15300520402379333,0.09653628375381232,0.41305705308914187,0.04736657291650772,0.016981751564890145,0.03903051791712642,0.000982278709228898
86,0.06901551723713055,0.04501814143950469,0.23034306345507502,0.03319375073770061,0.014959711467963644,0.02891787712578662,0.16538555957376957,0.12587165501900016,0.09154994878917933,0.38230106681585313,0.046653200313448905,0.017536604683846234,0.039176273997873066,0.000981861839145004
87,0.07038254417711869,0.045642124490404966,0.23764252504333855,0.03364923396147788,0.015159098926233128,0.029322491033235566,0.15720593370497227,0.11947193762753158,0.09091645311564207,0.36483352780342104,0.046009141765534875,0.016523018339648844,0.03677446199581027,0.000981440213279293
88,0.06521018005441874,0.041067606664728376,0.23202386535704136,0.03239992000162602,0.014609410462435335,0.027948428242234515,0.16413404941558837,0.12313615176826716,0.10437605306506156,0.39776455610990524,0.04515991155058145,0.015912190545350313,0.03644136479124427,0.000981013835793042
89,0.06534729818813503,0.04136963688069954,0.23036253079771996,0.03258579869288951,0.014484631505911238,0.02799336665775627,0.1600757297128439,0.12072934077586979,0.08918220922350883,0.38115145117044447,0.045156142115592955,0.016406321479007602,0.03727535847574472,0.000980582710894425
90,0.06402198335854337,0.04026080727635417,0.22829596800729632,0.03215565923601389,0.014423284042277374,0.027830391295719892,0.17181052900850774,0.13284007409820334,0.09075024351477623,0.377390930056572,0.045497212931513785,0.0160707694478333,0.03659745985642075,0.0009801468428384706
91,0.05973277596058324,0.037371043050370645,0.2144557154737413,0.03156151515431702,0.0142465399869252,0.027052502776496113,0.1765506647527218,0.1364345859270543,0.09426491912454367,0.38848543018102644,0.046532445773482325,0.016844647377729415,0.03737970357760787,0.0009797062359270204
92,0.06164564185310155,0.0393690166027227,0.213634673692286,0.03141099239001051,0.014246868417831137,0.027155992551706733,0.18389908745884895,0.14510613095480948,0.09664150699973106,0.37536413967609406,0.04610959868878126,0.016717337956652045,0.0373552767559886,0.000979260894508687
93,0.06685782563872636,0.04326984572180663,0.2265144710429013,0.032170117448549716,0.014656504220329224,0.028132116049528123,0.16215688735246658,0.12342336130095646,0.08807264529168606,0.37465242594480513,0.04630093649029732,0.017112916754558682,0.03769647674635053,0.0009788108229788102
94,0.06739682469051331,0.043171746045845796,0.23291920628398657,0.03218314344994724,0.014474746817722917,0.028136258566519246,0.17704332023859023,0.13440886174794286,0.09679876528680324,0.4131326824426651,0.0479380939155817,0.018121359590440988,0.04005643595010042,0.0009783560257794143
95,0.06520965984091162,0.04183497791818809,0.22449118085205555,0.0320085795246996,0.014269571332260967,0.02791708481963724,0.17315203621983527,0.1321069377474487,0.10141939371824264,0.39776341468095777,0.046429216675460336,0.017008440289646386,0.03860764829441905,0.000977896507399164
96,0.06283831495093181,0.04023050511314068,0.21689297258853912,0.03156370172509924,0.014361908507999033,0.027322088065557183,0.16321688741445542,0.12499587523052469,0.08661439307034016,0.37017533332109454,0.04451140984892845,0.015662562055513262,0.03586666751652956,0.0009774322723733204
97,0.062206787976901975,0.03923617773689329,0.22060674494132398,0.031396598322317004,0.014100166302523576,0.027327689307276158,0.16337310448288916,0.12279359011445194,0.10027014389634133,0.3933057799935341,0.04594014324247837,0.016506449040025472,0.03831452950835228,0.0009769633252836956
98,0.06583815657068044,0.041418750430602815,0.23486691983416677,0.032080123282503335,0.014555554592516274,0.028096654737601055,0.16441528871655464,0.1244061695644632,0.09231528528034687,0.3874911978840828,0.04624705612659454,0.01675286781974137,0.038010818511247636,0.0009764896707586083
99,0.06217097667977214,0.039833255198391274,0.2143114684149623,0.03134754347847775,0.013981200382113456,0.027058471232885496,0.16363042816519738,0.12492988097947091,0.09094202183187008,0.3739273712038994,0.04766150694340467,0.017728802794590593,0.038894785288721326,0.0009760113134728371
100,0.06992824042681604,0.04520886037789751,0.2377265709452331,0.03231769351987168,0.01501843766309321,0.02867235046578571,0.18730792440474034,0.14831265360116958,0.0939131585881114,0.3771103903651237,0.046914708241820334,0.017296935059130193,0.03856797646731138,0.0009755282581475756
101,0.06044548973441124,0.0365197731895023,0.2302941108122468,0.03067671094322577,0.014138541708234698,0.02657455683220178,0.16373985894024373,0.12507717254338785,0.08749009072780609,0.37396412491798403,0.04625525306910276,0.01705848299898207,0.03746472569182515,0.0009750405095503846
102,0.060116294713225216,0.0376172888718429,0.21600298034027218,0.03083711160579696,0.014098253104020842,0.02654629496973939,0.1736691255122423,0.1335020286263898,0.10049739554524421,0.38939463198184965,0.04551532454788685,0.015866185631603004,0.036259138491004705,0.0009745480724951461
103,0.05758461520308629,0.03528216723716469,0.21425679931417108,0.030134642426855863,0.013703742725192569,0.02595498217851855,0.15755244717001915,0.11999720850726589,0.08622153624892234,0.3632006511092186,0.04501121249049902,0.016747319186106325,0.03658523643389344,0.0009740509518420147
104,0.055697170295752586,0.035057770655112105,0.1975620198994875,0.03042480058502406,0.013735035201534629,0.025952678348403424,0.14840949922800065,0.11166807250119745,0.08183499239385128,0.35516807436943054,0.04483591560274362,0.01639501079916954,0.03720806566998362,0.0009735491524973707
105,0.06027574035106227,0.03948026119069255,0.19899468272924423,0.03084327853284776,0.013957271975232288,0.026875572762219236,0.16089928783476354,0.12327914822380989,0.08799920100718736,0.36396785378456115,0.04495203606784344,0.016215612506493927,0.036526969913393256,0.0009730426794137714
106,0.06504624153021724,0.04124148579576285,0.22902502734214067,0.031096967007033526,0.014015681741875596,0.02713893325999379,0.17813382782042025,0.13750790032790974,0.08950779847800731,0.3934712693095207,0.04690491184592247,0.017035136045888067,0.0379189227707684,0.0009725315375899012
107,0.057864556671120226,0.03617075340480369,0.2081306061707437,0.030262455373303965,0.013774652170832269,0.026334762608166785,0.16408467739820481,0.12578514277702196,0.08771059680730105,0.37092554718256,0.04475325644016266,0.015595742408186198,0.03588210744783282,0.0009720157320705237
108,0.057149966806173326,0.03615305095372605,0.20101597718894482,0.03056414294987917,0.014201751304790377,0.026650497113587336,0.18145097158849238,0.1398533518658951,0.09178740363568068,0.40318751484155657,0.046493863500654695,0.017449586186558008,0.03855026857927442,0.0009714952679464311
109,0.0601596852298826,0.03754397930097184,0.21729836342856287,0.03040211780462414,0.013891365347080863,0.026411662594182417,0.18288067653775214,0.1418526044115424,0.09452890399843454,0.3966289311647415,0.049230745248496535,0.019028226612135768,0.04026700984686613,0.000970970150354394
110,0.05865582814440131,0.03659331007656874,0.21181584214791654,0.03022825118387118,0.013818414384149946,0.026191993849352002,0.17107688672840596,0.13236396495485678,0.08852299451828002,0.3747424617409706,0.04569547902792692,0.016238319827243684,0.03684142818674445,0.0009704403844771115
111,0.05881483184639365,0.0369727022745792,0.2095700710080564,0.03046966325491667,0.013786447487655095,0.02673139625112526,0.1802863258868456,0.14072672084439547,0.09122035391628742,0.38276422917842867,0.047139402478933334,0.0170194607693702,0.03804307766258717,0.0009699059755431586
112,0.05993459309684113,0.037287943490446195,0.21758703757077455,0.030595985462423415,0.013801268412498758,0.02653929709922522,0.16226678974926473,0.12269536887761205,0.08569428119808435,0.38302387595176696,0.04660548623651266,0.016846179170534013,0.0376349831931293,0.0009693669288269359
113,0.056191980594303456,0.03382421363567119,0.2150111123919487,0.029754707217216493,0.013578038735431619,0.02578812599531375,0.15343204587697984,0.1154974062461406,0.08605215605348349,0.36728743463754654,0.04416252095252275,0.01613244004547596,0.03640084210783243,0.0009688232496486166
114,0.057820081000681964,0.035401666348479924,0.21528749270364642,0.030493828793987633,0.013989438622957096,0.02665491180960089,0.18509849943220616,0.1441792921628803,0.09206502381712198,0.39599778354167936,0.048032534681260584,0.017938866605982186,0.03912631934508681,0.0009682749433740951
115,0.05958904980216175,0.03744080011601909,0.21268959129229187,0.030160811881069095,0.013803707814076915,0.02659330953611061,0.17304091528058052,0.13337262704735622,0.0887356273829937,0.38429409861564634,0.04617627654224634,0.01576735796406865,0.03724355762824416,0.0009677220154149325
116,0.060155667434446516,0.0377769458838884,0.21491990759968757,0.030544640857260674,0.013791868693078867,0.026960518676787615,0.16321408674120902,0.12444025231525302,0.08965203203260899,0.3748549625277519,0.046807204559445384,0.017609700001776217,0.03891633627936244,0.0009671644712283048
117,0.05961605871561915,0.03697011515760096,0.21755729569122195,0.03059188526822254,0.01391876580310054,0.02678310328628868,0.1774252660572529,0.13772020551841707,0.0879774946719408,0.3850118935108185,0.044638325460255146,0.015555231971666217,0.03577112248167395,0.000966602316316948
118,0.05488634924404323,0.03323669872552273,0.20791549002751708,0.029355815041344612,0.01354925225605257,0.02562002682243474,0.1588411133736372,0.12055902696447447,0.08234004862606525,0.37061548978090286,0.045091929100453856,0.015934934839606285,0.03621525745838881,0.0009660355562291042
119,0.054147281695622954,0.03362625062472944,0.19675643220543862,0.028973232989665122,0.01329613437410444,0.025119241804350167,0.1698668271303177,0.1315855771070346,0.08595267813652754,0.3705933019518852,0.04519543889909983,0.01590054570697248,0.03633681433275342,0.0009654641965584666
120,0.05459305598633364,0.03347079880550154,0.20277767460793256,0.029037354642059653,0.013187149178702385,0.025180528266355397,0.17536022774875165,0.13581351885804907,0.08685039021074772,0.38293202966451645,0.046363578736782075,0.016311488300561904,0.037557268887758254,0.0009648882429441245
121,0.06299331333721056,0.0403399341244949,0.217794980853796,0.030135247809812426,0.013558797157020307,0.02658061499823816,0.17592140883207322,0.13651903303107246,0.09026523511856795,0.3810261651873589,0.047634902969002725,0.017353027081117033,0.03896283665671944,0.0009643077010705074
122,0.06878778443206102,0.045669269464997345,0.22204219922423363,0.031642580730840565,0.01407212956692092,0.028473739454057068,0.17316070944070816,0.13374588517472147,0.08669645991176367,0.38173250406980513,0.04574011415243149,0.016338738845661283,0.03732477193698287,0.0009637225766673293
123,0.05586160346865654,0.03510949004230497,0.19898352911695838,0.029410687298513948,0.013277333349105903,0.025726478174328805,0.16438924595713617,0.12574013050179927,0.0846200106665492,0.3742742285132408,0.04529379438608885,0.015790712041780352,0.03590128561481833,0.000963132875509532
124,0.05337949040113017,0.03275846943215584,0.1976694324053824,0.029195617977529766,0.01350826762500219,0.025419250997947528,0.16472341902554036,0.12652573597151787,0.08329709302634,0.36948576420545576,0.0458411680534482,0.016614108672365548,0.03674407284706831,0.0009625386034172276
125,0.053042966302018615,0.03305632191149925,0.1913645688444376,0.02908032558625564,0.013429013491258957,0.025379227346275002,0.160793799161911,0.1226334604434669,0.08345693554729224,0.3694670468568802,0.04489867053925991,0.015783019317314028,0.0358124315738678,0.000961939766255642
126,0.057338614168111236,0.035373890333357846,0.21108416821807624,0.029376383183989673,0.013438923298963346,0.025851086049806328,0.17298719510436059,0.1316015206510201,0.098245644941926,0.4015171930193901,0.045541539788246155,0.01615600655786693,0.037188864313066006,0.0009613363699350561
127,0.05729003910673782,0.035607676896688645,0.2080255625769496,0.030149039172101766,0.01384125440090429,0.026680264255264773,0.18242969661951064,0.14218879831023515,0.08986015487462282,0.3899841383099556,0.04603489525616169,0.01608949452638626,0.037216519378125666,0.0009607284204107479
128,0.05449730282416567,0.033198440193518766,0.20442024422809482,0.02934224435593933,0.013499642661190591,0.026022349525010213,0.17476787716150283,0.13664410482160746,0.09366321805864572,0.36863739788532257,0.045658367685973644,0.01734314616769552,0.03805931201204658,0.0009601159236829338
129,0.05445132697932422,0.03309015262566391,0.20502925775945186,0.02941617217147723,0.013496255429345183,0.02591377193457447,0.1770803142338991,0.13676413570065052,0.09490563981235027,0.39057354629039764,0.04626510702073574,0.016675935173407198,0.037449175398796795,0.0009594988857967092
130,0.05445311646908522,0.03363023452766356,0.1999111353419721,0.028554319438990207,0.013034084448008798,0.02483914475888014,0.1865186035633087,0.14678029493661598,0.09111353904008865,0.3846413567662239,0.046631482988595964,0.017077081417664886,0.038715624064207074,0.0009588773128419891
131,0.060908080532681194,0.0386891413545527,0.21341119408607484,0.03010418345220387,0.013786785196862184,0.026707124424865468,0.1742650493979454,0.13440361531684175,0.08592053316533566,0.3856799200177193,0.04748731758445501,0.017184685403481125,0.03893855791538954,0.0009582512109534474
132,0.058523712225724014,0.03728514569775143,0.2037091192789376,0.02945756952976808,0.013925160834332928,0.02648028133553453,0.17658411301672458,0.13594254144700244,0.09686753191053868,0.39343413561582563,0.04665812216699124,0.01824984815903008,0.040884493570774796,0.0009576205863104573
133,0.05804777981247753,0.03611809829271806,0.21062148008495568,0.029685354453977197,0.013691301169455983,0.026393451349576935,0.15296169519424438,0.11562934938119725,0.08118028938770294,0.3611457094550133,0.044652443192899224,0.016236247960478067,0.036591700930148366,0.0009569854451370291
134,0.05074654419440776,0.03139311903578346,0.18527322080917658,0.028435649524908513,0.012869476294144987,0.02448016771231778,0.16898089051246643,0.13024497783044353,0.0852777672931552,0.3749448969960213,0.045695791393518446,0.016375412093475462,0.036890781577676536,0.00095634579370175
135,0.05528826836962253,0.03385501012598979,0.20587694873102008,0.02907075023977086,0.013207391189644114,0.02535163738648407,0.1772665947675705,0.13636110407533125,0.08856069296598434,0.395928393304348,0.047595223411917686,0.01803731299005449,0.0395478131249547,0.0009557016383177212
136,0.04977804203517735,0.02993996976110793,0.1901991621591151,0.02797719673253596,0.012930638249963522,0.02437651570653543,0.18639422468841077,0.14543753929901868,0.08925596512854099,0.3965757995843887,0.04768863450735807,0.017266595875844358,0.03856790205463767,0.0009550529853424964
137,0.05393654986983165,0.032364478156523546,0.20741175059229136,0.02850915847811848,0.013035700470209122,0.024948378012049945,0.16234348453581332,0.12372579821385443,0.08712723795324565,0.3738203004002571,0.04563093539327383,0.016151947854086756,0.03660940872505307,0.0009543998411780187
138,0.05078237071866169,0.030524326022350577,0.19434315226972104,0.028327423601876945,0.012859023312921635,0.02436411813250743,0.16766252629458905,0.12954494440928102,0.08277851901948452,0.36868590861558914,0.04595576822757721,0.01649384656921029,0.03740385295823216,0.000953742212270557
139,0.049972839432302865,0.030786951497429983,0.18373451456427575,0.027861771394964308,0.012760045501636341,0.024088532652240247,0.17377371117472648,0.1336169964284636,0.0882454764097929,0.3891633078455925,0.045458370447158815,0.01656089900061488,0.03697332413867116,0.0009530801051106435
140,0.05302181218285114,0.03198450189956929,0.20216295942664148,0.028032168850768358,0.013018508208915591,0.024615907290717588,0.17769011445343494,0.1389387197094038,0.09283939637243747,0.37522654235363007,0.044939789548516275,0.016497132554650306,0.037240857165306805,0.0009524135262330084
141,0.05338990180753171,0.0319596018831362,0.20593288387171924,0.028427356702741234,0.013423211494227871,0.025132001156453043,0.16630097031593322,0.12823982539121062,0.08670213129371404,0.3682087078690529,0.04587770905345678,0.01613601981662214,0.03676457554101944,0.0009517424822165161
142,0.04902554084546864,0.029625648365617964,0.1859435339923948,0.02752780112205073,0.012749126148992217,0.024092648900114,0.16116312555968762,0.12270762708503753,0.08164601791650057,0.3720733106136322,0.046060366369783876,0.016348137287423015,0.03701823046430945,0.0009510669796841
143,0.049323246465064585,0.030131077588521293,0.18397843968123198,0.027207335137063637,0.0125088853033958,0.023792086483445017,0.16283171139657499,0.12527036052197218,0.0819689180701971,0.36317868530750275,0.04593424126505852,0.016239750292152168,0.03735136557370424,0.0009503870253026977
144,0.05109961064299569,0.030818561378328013,0.1947584556415677,0.027555598167236895,0.012704531726194545,0.024044206604594366,0.17001884765923023,0.1299661728553474,0.08488479685038328,0.38827690184116365,0.04522215910255909,0.01602686448022723,0.037181328516453505,0.0009497026257831842
145,0.0534149837680161,0.032456499537147465,0.20141072859987616,0.027882272307761014,0.012988286378094927,0.024861012009205298,0.1693940617144108,0.13094432775396853,0.08392006326466799,0.3718879699707031,0.046356070507317784,0.01669071181677282,0.03798558944836259,0.0009490137878803065
146,0.050379786978010085,0.030861068145168247,0.18704114677384495,0.027818719914648682,0.012911481864284724,0.02451781983836554,0.16208099350333213,0.12414454964455217,0.08087510988116264,0.3673474594950676,0.04465086460113525,0.015433844877406955,0.036203771270811556,0.0009483205183926168
147,0.05423977527534589,0.03262599305162439,0.20808151848614215,0.027569961023982615,0.012711574940476566,0.024557717819698156,0.16600614748895168,0.12816699852701277,0.08477040007710457,0.3659080654382706,0.04579603988677263,0.016621279949322342,0.038202849123626946,0.0009476228241624046
148,0.05426355981035158,0.03410269951200462,0.1932783743366599,0.028497912082821132,0.013153210730524733,0.02570093548274599,0.16983274482190608,0.13027931218966843,0.0886261560022831,0.3828168138861656,0.046480719558894636,0.017106904787942766,0.03869489505887032,0.0009469207120756306
149,0.051703484589233996,0.03219709611039434,0.18666940797120332,0.02837084310594946,0.013601529214065522,0.02561061367741786,0.15954964682459832,0.1214133936795406,0.08265634682029485,0.36887756586074827,0.045703974459320305,0.016720989160239695,0.03765906700864434,0.0009462141890618578
150,0.05293331717839465,0.03296073406163487,0.1915676503442228,0.027887748449575155,0.012903131169150584,0.024947485176380724,0.18110369592905046,0.1421266498975456,0.08722790367901326,0.37699534744024277,0.04727228134870529,0.01660335515625775,0.03844835180789232,0.0009455032620941827
151,0.05716557428240776,0.03599281044116651,0.20334564382210374,0.02877255640923977,0.013137432601070032,0.025937071768566966,0.17517367266118528,0.1364013453014195,0.08737952802330255,0.37532302886247637,0.046180796809494495,0.015820303512737156,0.03732705097645521,0.0009447879381891678
152,0.04931261471938342,0.029844939667600556,0.18656284669414164,0.027731452754233034,0.012838056971668265,0.024470083770575003,0.16587328687310218,0.12790270716650412,0.08410716131329536,0.36744007617235186,0.04554517790675163,0.015783683629706502,0.03715413305908442,0.000944068224406771
153,0.0501499047735706,0.030857578858558554,0.18474756483919919,0.02799529180629179,0.012883171677822247,0.02465012817410752,0.18646246641874314,0.14599304981529712,0.08669730182737112,0.39174569547176363,0.04773849528282881,0.01700367433950305,0.03842867510393262,0.0009433441278502771
154,0.04896490062819794,0.02957426389111788,0.18584296167828143,0.027644638845231384,0.012672393550747073,0.024391145340632647,0.16113737039268017,0.1233424790785648,0.08132447116076946,0.3657160148024559,0.04537802701815963,0.015786413848400117,0.036794942989945414,0.0009426156556662263
155,0.05032549020834267,0.030177928709963452,0.19339974257163703,0.027569946000585332,0.012809413520153612,0.024528971716063098,0.17577304989099501,0.1351974740740843,0.08818363659083843,0.3930160105228424,0.046720048785209654,0.016978450445458294,0.03810846386477351,0.0009418828150443455
156,0.049865087913349274,0.03024606929247966,0.18813730557449163,0.027383081254083664,0.012881321483291686,0.02426246617687866,0.17101268395781516,0.13167576112318785,0.08487908337265253,0.3808144584298134,0.046360291354358193,0.016413280088454486,0.03744381908327341,0.0009411456132174754
157,0.04683231664239429,0.028097914915997536,0.1795091957319528,0.02671376707730815,0.012460332293994725,0.023476474353810773,0.17443174496293068,0.13621336807264015,0.08240691907703876,0.36960072368383406,0.046476209070533514,0.016438735648989677,0.03750354377552867,0.0009404040574615006
158,0.051306420948822054,0.031065403567845352,0.1944646691903472,0.02712815396953374,0.012599362208857202,0.024432637018617243,0.18708776868879795,0.14691210801247506,0.09155506994575262,0.38888262808322904,0.04725118558853865,0.017118550091981887,0.03897824743762612,0.0009396581550952768
159,0.05444575425935909,0.03414581975957844,0.19488248536363245,0.027901750622550025,0.012682551148463972,0.024716260889545084,0.1646615918725729,0.12749840371543542,0.08187515083700418,0.3592923477292061,0.04573041722178459,0.015967357065528633,0.03659323416650295,0.0009389079134805596
160,0.04827788316179067,0.02905675957481435,0.18435860676690935,0.02689611982787028,0.012366997631033882,0.023732512968126684,0.18139867447316646,0.14157894041854888,0.08365577664226294,0.3854830726981163,0.04695737715810537,0.016614090790972112,0.03806457677856088,0.0009381533400219305
161,0.048824227112345395,0.029667176809743977,0.183764893328771,0.026711076917126774,0.012316937622381374,0.023465018445858733,0.18101030439138413,0.1413111222325824,0.0874992659315467,0.38408646136522295,0.0473455423489213,0.01718128826469183,0.03882199320942163,0.0009373944421667251
162,0.04835724566364661,0.029225317812597497,0.18343745544552803,0.026939952559769154,0.012469149177195504,0.02403983525582589,0.16570535786449908,0.12701007011346518,0.08213683106005192,0.3744917392730713,0.04576478907838464,0.016540904203429817,0.03734974153339863,0.0009366312274049588
163,0.04654165003448725,0.027877143425575922,0.17897215513512493,0.02605412183329463,0.012310458582942375,0.02327420104993507,0.16870427057147025,0.1306526938220486,0.08415125235915184,0.3682797595858574,0.045012023486197,0.01616842336952686,0.036656571086496115,0.0009358637032692533
164,0.04685405626660213,0.029087190695281605,0.1697598080150783,0.02678491499973461,0.012759322513011285,0.02366447019157931,0.18967936038970948,0.1482460259925574,0.08858635276556015,0.4011411726474762,0.0480902343057096,0.017870684852823615,0.039495565090328456,0.0009350918773347616
165,0.04790809159167111,0.028871401647120366,0.18253192971460522,0.026572534610750154,0.012602289579808712,0.023522685043280943,0.16346909441053867,0.1261509177275002,0.08113066367805004,0.3609559491276741,0.04536035181954503,0.015768816648051142,0.036326509434729815,0.0009343157572190944
166,0.045700929604936394,0.0270900692223222,0.17847937690094112,0.0259427048265934,0.01220340880099684,0.02297089177300222,0.1679133042693138,0.12904650382697583,0.08236419502645731,0.3759605258703232,0.046601216122508046,0.016936253989115357,0.03831731034442783,0.0009335353505822438
167,0.06007683710195124,0.03791018256088137,0.21339135002344847,0.028248316363897175,0.013127645937493071,0.02576757604838349,0.17024261467158794,0.13112787388963626,0.08380158431828022,0.3784781590104103,0.04695193786174059,0.016394312679767608,0.037638677190989255,0.0009327506651265082
168,0.045487290003802625,0.027407077359384857,0.17317457371391357,0.025997315696440638,0.012140433394233697,0.02299517663195729,0.1618555709719658,0.1242237662547268,0.08022754043340682,0.3642407402396202,0.04467304162681103,0.01571355536580086,0.03600961910560727,0.0009319617085964164
169,0.04496596017852426,0.02699463088501943,0.17219078848138453,0.02563491844921373,0.01197759096394293,0.022634712158469482,0.173996651917696,0.13501760460203513,0.08705407809466123,0.3774675756692886,0.045579107757657764,0.016035381983965636,0.03714498607441783,0.0009311684887786508
170,0.04533171046059579,0.02711190328882367,0.17465233029797672,0.025756800873205067,0.011971883097430691,0.02272821213118732,0.16621496751904488,0.12659185237716883,0.09047278463840484,0.38356020003557206,0.04664764739573002,0.01670709326863289,0.038035265635699034,0.0009303710135019706
171,0.04540485141333193,0.026114718169992557,0.18520383974537252,0.026186339021660388,0.012301114812726156,0.023331763729220256,0.17534596882760525,0.1368631676537916,0.08425930887460709,0.3723381757736206,0.04620349043980241,0.01624550810083747,0.03772119637578726,0.000929569290637135
172,0.04666234718170017,0.02760199377189565,0.18284095758572222,0.026346874760929496,0.01246601665916387,0.023762147105298937,0.17224138975143433,0.1329088162863627,0.08434410579502583,0.38070702701807024,0.04667590968310833,0.0164176132529974,0.037783552519977094,0.000928763328096825
173,0.05036064151208848,0.030225657659320858,0.19356167800724505,0.026598346349783242,0.012342429207637905,0.024174788972595708,0.17564830482006072,0.13504362455569208,0.08532775975763798,0.39291003346443176,0.04798547066748142,0.017698121769353748,0.04056949475780129,0.0009279531338355654
174,0.0498314023250714,0.03098501185195346,0.18043900541961194,0.027181116479914634,0.012943371752044186,0.02479541353532113,0.18043351918458939,0.14018399512860924,0.09043419193476439,0.3899691641330719,0.0458637410774827,0.016766656842082738,0.03784536337479949,0.0009271387158496464
175,0.04384218492778018,0.0252707384628593,0.1780472279060632,0.025911635643569752,0.012424525304231793,0.02313875835388899,0.172256862744689,0.13410514360293746,0.08182243015617133,0.36910274624824524,0.04601920386776328,0.0160531644243747,0.03694345690310001,0.0009263200821770449
176,0.04463938770350069,0.02687521197658498,0.16995272412896156,0.02607055971166119,0.012374634816660545,0.02340408578165807,0.17134539000689983,0.13255325520876796,0.08503467384725809,0.37515694797039034,0.04699783809483051,0.016824209596961737,0.03801123155280948,0.0009254972408973448
177,0.0434154512360692,0.0258916867980588,0.1676639948040247,0.025635738327400757,0.012232473271433264,0.022686328907730056,0.16617742888629436,0.1279875490348786,0.08208670634776354,0.36884025633335116,0.047888517007231714,0.017404193663969635,0.0395087094977498,0.000924670200131657
178,0.04349297758890316,0.02584007499208383,0.1688455007970333,0.02596190123585984,0.012455731289810501,0.023485870973672718,0.17895149625837803,0.13933609935920685,0.08698284979909658,0.38304136544466016,0.047784474492073056,0.017778722336515784,0.039449970610439776,0.0009238389680425404
179,0.04581982603995129,0.0275392336625373,0.17500334130600095,0.0261674671783112,0.012845469592139124,0.023860909842187538,0.17837275192141533,0.13969111748738214,0.09307194948196411,0.3739487439393997,0.04707624111324549,0.01726195649243891,0.03859116761013866,0.0009230035528339198
180,0.04749266027938574,0.027240208954026457,0.19467329806648195,0.02643867628648877,0.012817368196556345,0.023907797416904943,0.17163102999329566,0.13248366225743666,0.08405924458056688,0.3786840602755547,0.04687247462570667,0.01707555162720382,0.0383753995411098,0.0009221639627510063
181,0.04570219371234998,0.026705465460690903,0.1822420387994498,0.02614259299589321,0.01248359416204039,0.023576724663143978,0.16154327988624573,0.12400557630462572,0.08025633394718171,0.3629212290048599,0.045978819578886033,0.016300012543797492,0.0370695848017931,0.000921320206080215
182,0.052537999965716155,0.03244907348635025,0.1930555822327733,0.02646569237112999,0.012702711304882541,0.024035673891194164,0.16678041480481626,0.12847313419915735,0.0825739074498415,0.37057073414325714,0.046045892499387266,0.016464604064822197,0.037425592076033354,0.0009204722911490834
183,0.04365507883485407,0.02547995303211792,0.17424479653127492,0.0253923901473172,0.01213991584663745,0.022704095242079347,0.17322936356067659,0.13569801819976418,0.08617581054568291,0.36270307898521426,0.04620460430160165,0.0168470686301589,0.037927506305277345,0.0009196202263261897
184,0.04329295085044578,0.025448108552154736,0.1709175077266991,0.025540201005060225,0.012114353349898011,0.022678383329184724,0.15952932760119437,0.12281695080455393,0.08126956857740879,0.35504108518362043,0.04465405913069844,0.015759547147899865,0.036203389056026936,0.0009187640200210698
185,0.040725175209809096,0.02331599643730442,0.16674603461287915,0.02481593131669797,0.011912831108202227,0.0220917253755033,0.17343301549553872,0.1353987142443657,0.08512516058981419,0.36785992681980134,0.046108657866716383,0.016306542372331024,0.037405398674309254,0.000917903680684134
186,0.045035269507206974,0.027102578769336104,0.17172228009440005,0.02560726130614057,0.012415858413442038,0.022985611576586962,0.15048387572169303,0.11391055949497968,0.0814690813422203,0.3535726830363274,0.04451481923460961,0.01628783573396504,0.037751600705087186,0.0009170392168065844
187,0.05149984078016132,0.03203062221909932,0.18660823330283166,0.02737305242335424,0.013046654683421366,0.02523929046583362,0.17732446193695067,0.138435642211698,0.08379407748579978,0.37608524709939956,0.04711246453225613,0.016902114311233164,0.03838958078995347,0.0009161706369203305
188,0.04847489937674254,0.029011788502248236,0.1868356061168015,0.026224188762716948,0.012753290790715254,0.02423614013241604,0.19784106761217118,0.1549997471040115,0.09364151023328304,0.41512933522462847,0.04803243363276124,0.018386599188670517,0.040047681890428066,0.0009152979495979051
189,0.049146707670297475,0.030342480599210832,0.18018791130743922,0.02658995003439486,0.012681855860864743,0.024220320058520883,0.17692081406712531,0.13847990216454492,0.08746806606650352,0.37192181795835494,0.0460034872405231,0.016432854812592268,0.03722747853025794,0.0009144211634523797
190,0.05009642873192206,0.030836243314479362,0.18478905549272895,0.026524726109346374,0.012539246582309715,0.02417926986236125,0.18039643280208112,0.13869359788950533,0.09894671477377415,0.40426925867795943,0.04730552919209004,0.016489775944501163,0.03819815628230572,0.0009135402871372796
191,0.04146260055713356,0.024240338385789074,0.1648334121797234,0.025004763528704642,0.011941266048233956,0.02247118273517117,0.16661987602710723,0.12927930431906134,0.08752700667828321,0.36102744191884995,0.04540545688942075,0.0164856415707618,0.03734127283096313,0.0009126553293464986
192,0.04304337325738743,0.024965065414653508,0.17338517415337265,0.025041099928785115,0.01194842467084527,0.022382546606240793,0.16407607086002826,0.1259867801796645,0.0812225641682744,0.3682794481515884,0.04625209188088775,0.016815350344404578,0.03789428733289242,0.0009117662988142125
193,0.03919816040433943,0.022530780989472986,0.1593650930095464,0.02466895674006082,0.011874525388702751,0.021862607001094148,0.19389859437942505,0.1514695566263981,0.0933221174404025,0.4105343908071518,0.049837109819054606,0.01894260896369815,0.041318504698574544,0.0009108732043147939
194,0.04359231962589547,0.02585227467425284,0.1698817141354084,0.02518964713672176,0.012404034537030383,0.022608010238036512,0.16540878862142563,0.12794202776858582,0.0788395969197154,0.36241452395915985,0.045532687567174435,0.015732592064887287,0.036399177834391595,0.000909976054662725
195,0.03936133560491726,0.022822824479953853,0.15814074287191032,0.024381853302475064,0.011839955238974654,0.021815324568888173,0.15854122936725618,0.12121426756493747,0.07868853211402893,0.3610968366265297,0.04490947378799319,0.015954431192949415,0.03643595315515995,0.0009090748587125104
196,0.04156082896515727,0.02460355913863168,0.1623157574329525,0.02445545014925301,0.01182926207256969,0.02190231764689088,0.169448771327734,0.13062569620087744,0.08031590897589921,0.37562397718429563,0.046539454534649846,0.016494238516315818,0.03736886931583285,0.0009081696253585908
197,0.04098413289757445,0.0244328589651559,0.15811452544294297,0.024926312279421835,0.01206472012854647,0.02259188039461151,0.1722183335572481,0.1345170059008524,0.08313278462737798,0.3645581856369972,0.04605585280805826,0.016219603503122924,0.03756658583879471,0.0009072603635352535
198,0.042762583575677124,0.025343000119028146,0.16679754345677794,0.024977372697321698,0.012014065583935007,0.022610679344506935,0.1606487214565277,0.12337413261411712,0.08192463647574186,0.35994614064693453,0.04692706596106291,0.017071832064539195,0.03934711217880249,0.0009063470822165457
199,0.04805667467880994,0.029870314543950373,0.17406145087443292,0.026270128280157224,0.012740616709925235,0.02408306786091998,0.1710455410182476,0.13145005254773423,0.08679856806993484,0.3835566803812981,0.04566000746563077,0.016330784372985362,0.037167706061154604,0.0009054297904161855
200,0.04179404583992437,0.024588254783157026,0.16444866335950792,0.025642883754335342,0.01240334331523627,0.02350755427032709,0.17413939349353313,0.1354623819817789,0.08002937771379948,0.37412534803152087,0.04703413136303425,0.01618972565047443,0.03813297785818577,0.0009045084971874724
201,0.04156092796474695,0.024029571316350484,0.16784046976827086,0.025228932942263783,0.012136529898270965,0.022925624169874936,0.18438069708645344,0.14354069902328775,0.08574232868850232,0.39574032425880434,0.04644101727753878,0.016857194947078824,0.037909386586397885,0.0009035832116231988
202,0.04226303198956884,0.024840567777573597,0.16693984530866146,0.024557806609664112,0.011866179789649323,0.022299396304879336,0.1899530827999115,0.15105385252973064,0.09233370143920183,0.3763860002160072,0.04649971090257168,0.016531604202464224,0.037875601649284364,0.0009026539428555596
203,0.03961759028024971,0.022476554441527696,0.16415661009959875,0.02447401250246912,0.011794719181489199,0.02209589696722105,0.1778899163007736,0.13814994968706742,0.08198158331215381,0.38499142825603483,0.04601115519180894,0.016029958659783006,0.03731563482433557,0.0009017207000560626
204,0.044407348684035244,0.02677769392830669,0.16902602314949036,0.024621688487241045,0.011730918087414466,0.022272863826947285,0.15594496726989746,0.11879287988413126,0.07999437097460031,0.359387569129467,0.04435657011345029,0.016309884050861,0.03726919088512659,0.000900783492435437
205,0.042311397916637364,0.02498258334417187,0.16579311373643577,0.025322257191874087,0.01215288475214038,0.02292497713933699,0.17542266212403773,0.13571416931226848,0.08218611050397158,0.38435819149017336,0.04696750454604626,0.016666228603571653,0.038073741178959605,0.0008998423292435441
206,0.03845431925728917,0.022316018181663823,0.1540958797559142,0.024610888084862382,0.011824762250762432,0.022190052940277382,0.16886246316134929,0.130265969526954,0.08199835158884525,0.37337096929550173,0.04653511736541986,0.01643463154323399,0.037431389279663566,0.0008988972197692842
207,0.04435402440140024,0.027032063551450845,0.16579094594344496,0.025088602787582202,0.01205470233107917,0.022629571391735225,0.16311517395079136,0.12521465299651027,0.07868603151291609,0.36695497334003446,0.044707562774419785,0.015543773723766207,0.03611524980515242,0.0008979481733405066
208,0.04226093654287979,0.02494424035139673,0.16586530418135226,0.024553920410107823,0.011954358802177012,0.02227993533015251,0.16872972175478934,0.13044551132479681,0.08083721939474345,0.37045958340168,0.04584235455840826,0.016070356545969843,0.03746619746088982,0.0008969951993239164
209,0.04321639268891886,0.02541727803290996,0.17058616164140403,0.02491168105043471,0.012113228827365674,0.0227526978822425,0.17557728067040443,0.13721074061468244,0.08601288739591836,0.3712370157241821,0.04590951362624764,0.01623244150541723,0.037102390360087154,0.0008960383071249824
210,0.04097046101232991,0.02318607474117016,0.1705587729346007,0.024524658871814608,0.011900761752622202,0.022297621867619456,0.17557045705616475,0.13554438948631287,0.08351529855281115,0.3872898921370506,0.04770937245339155,0.017144379345700143,0.039247794542461634,0.0008950775061878439
211,0.040731164102908224,0.023890362352176453,0.16115438304841517,0.024397384416079148,0.011870795328286476,0.022205289418343453,0.17372082769870759,0.1340234633651562,0.08561378717422485,0.38453125655651094,0.04589400263503194,0.01631795330904424,0.03716850597411394,0.0008941128059952187
212,0.04244959827046842,0.025219980672045495,0.16512917689979076,0.02421328372438438,0.011621697328519077,0.021870403189677746,0.16992416121065618,0.1320165284210816,0.07905860301107168,0.36628385484218595,0.04728912711143494,0.01667319913394749,0.03839860996231437,0.0008931442160683081
213,0.04158680579275824,0.024984882360877238,0.15879810731858016,0.02441207692027092,0.011693524091970175,0.021975960151758046,0.17552873194217683,0.13684314442798495,0.08339454345405102,0.3743947446346283,0.046084709092974664,0.01622085445560515,0.03773376615718007,0.0008921717459667036
214,0.03806713609956205,0.021664319420960965,0.1568552975077182,0.02416206540656276,0.011702284988132305,0.021905872959177942,0.19031570367515088,0.150724529044237,0.09472944419831038,0.3831096783280373,0.046880051214247945,0.017130618402734398,0.03847623504698276,0.0008911954052882926
215,0.0389923605369404,0.021815051444718847,0.16449246043339372,0.024319825507700444,0.012083312595495953,0.02229286648798734,0.16715299263596534,0.12917393209645525,0.08014352302998304,0.3673590198159218,0.045912911649793386,0.016245011100545527,0.03699566246941686,0.0008902152036691634
216,0.03550617371220142,0.019966964583727532,0.14836314362473785,0.02359960351022892,0.011545119507354684,0.021320365945575757,0.17372220195829868,0.13491640131687746,0.08104083314538002,0.3755520835518837,0.046360010467469695,0.016169641818851232,0.03730426607653499,0.0008892311507835103
217,0.037150351778836924,0.020693461599512374,0.1575526893604547,0.023613179678795858,0.011467898401315324,0.02147584457998164,0.1573464758694172,0.1200096063548699,0.08088732901960612,0.3609609156847,0.04559587612748146,0.016442740336060524,0.03771200049668551,0.0008882432563435378
218,0.04066598070203327,0.02302536562710884,0.16911860620602964,0.024509154877159746,0.011928554871701635,0.02243903588387184,0.18015205748379232,0.14181957237888126,0.08632058072835207,0.3708862528204918,0.04573280131444335,0.016460210969671606,0.03752703843638301,0.0008872515300993655
219,0.03730818099575117,0.02114322683410137,0.1545572442933917,0.023814642068464308,0.011646867444505915,0.02167061745421961,0.16812829077243804,0.1308470067451708,0.07957858555018901,0.3604732662439346,0.04594055637717247,0.015757278958335518,0.03677023518830538,0.0008862559818389307
220,0.03672277939040214,0.020766150272538652,0.15234529012814163,0.024064194230595602,0.012040792623884045,0.0221707338350825,0.18444770835340024,0.1461394184269011,0.08687849808484316,0.3703270092606544,0.04691613614559174,0.016863139159977437,0.03817746378481388,0.0008852566213878929
221,0.04002756057889201,0.0215779125210247,0.17736216280609368,0.023871600546408446,0.011799991645966656,0.021732738032005726,0.18016187474131584,0.14155275957891716,0.08256753589957952,0.37337915748357775,0.046892422065138814,0.016667601745575668,0.03767661275342107,0.0008842534586095366
222,0.03902274670545012,0.022502408537911835,0.15797587279230357,0.02422655094997026,0.011910958262160421,0.022331072739325462,0.171485972777009,0.13180692923488097,0.08663154039531946,0.3845496892929077,0.045319607481360435,0.015884417295455932,0.03682707035914064,0.0008832465034046733
223,0.04087602526415139,0.023406684434303316,0.16760396310128273,0.023719420505221932,0.011727807816350832,0.0217454093915876,0.20196290910243989,0.1623904736363329,0.09256401807069778,0.3829876497387886,0.04666861509904265,0.017014730628579854,0.038495369628071784,0.0008822357657115442
224,0.040072472498286514,0.023326853780599777,0.16016693278215827,0.02425479735247791,0.012191455924767069,0.022391115437494592,0.16446804776787757,0.12690995967714117,0.07882338371127844,0.36319226026535034,0.045692316442728045,0.01625088774599135,0.037033455818891524,0.0008812212555057223
225,0.03437210295815021,0.019033363144990288,0.14649510118179024,0.023054624476935716,0.011406846321187913,0.02076794401509687,0.16569466851651668,0.12870096587575972,0.07927680611610413,0.35772341638803484,0.045394951663911345,0.015673274220898748,0.03639722280204296,0.000880202982800014
226,0.03639792938483879,0.021043089628801682,0.14657740779221057,0.02335663391277194,0.011498311493778602,0.02111324521829374,0.17003056406974792,0.13212771248072386,0.07776883728802204,0.3667122796177864,0.045674345549196006,0.01590660773217678,0.036963868886232376,0.0008791809576443595
227,0.036706007056636736,0.020536860583160888,0.15487844739109277,0.02289289704640396,0.011172197974519803,0.020551143656484784,0.17613863125443457,0.13653304032050073,0.0820600900799036,0.38311652690172193,0.04742184150964022,0.017275201715528966,0.038594451267272234,0.0008781551901257345
228,0.03868083847337402,0.021725053379122984,0.16242610276676714,0.023794384300708772,0.011864335229620337,0.0218301395769231,0.173312970995903,0.13544813992921262,0.08150854334235191,0.36621520668268204,0.04582164008170366,0.01634401809424162,0.0372759971767664,0.0008771256903680505
229,0.043446243565995246,0.02625694384332746,0.16466610739007592,0.024306508316658437,0.011827895708847791,0.022369706956669688,0.18034691251814366,0.1398736514034681,0.08498244807124138,0.392027722299099,0.04672423675656319,0.016800298215821387,0.03828288502991199,0.0008760924685320542
230,0.043247249920386824,0.025492469134769637,0.17043884713202714,0.02384099446935579,0.011703813937492669,0.021876441256608814,0.1624795887619257,0.12471984036965296,0.08077788930386305,0.3649886444211006,0.04622648758813739,0.016817755810916424,0.03785349642857909,0.0008750555348152283
231,0.037175666191615164,0.02091029634102597,0.15565328765660524,0.023424718517344446,0.01157731941784732,0.021378881571581587,0.176691872254014,0.13706744082737715,0.08398660495877266,0.3835987761616707,0.046544869896024466,0.016682891361415386,0.037734148930758236,0.0008740148994516897
232,0.03577111435006373,0.019515676834635086,0.15564042497426273,0.023097401059931143,0.01147236828401219,0.021108531585196034,0.16722432971000672,0.1299645347520709,0.08056288920342922,0.360257676243782,0.04534279527142644,0.01635857028886676,0.037693117093294856,0.0008729705727120896
233,0.03730839444324374,0.02126809105575376,0.15330991689115764,0.023479386628605426,0.011986174149205909,0.02169462515739724,0.1874652799218893,0.14889980332227423,0.08790907207876444,0.37299988269805906,0.046595824789255856,0.016678552189841867,0.03783553401008248,0.000871922564903511
234,0.03814753004116937,0.022048554506181973,0.15412101573310794,0.022938133880961685,0.011405560999992303,0.020800124190282078,0.1730474006384611,0.13531886741984636,0.08267026338726283,0.36479739397764205,0.046031614765524864,0.016408376302570103,0.037270132638514045,0.0008708708863693681
235,0.03329826934495941,0.018162852641398785,0.1445996797643602,0.022618891193997116,0.011153537954669446,0.02044306892203167,0.17208419218659401,0.13331885155057535,0.07878651563078165,0.3753240928053856,0.045821985322982074,0.015824663219973445,0.03666986729949713,0.0008698155474893034
236,0.03256335227633826,0.01792762456170749,0.1394839808344841,0.023109392006881536,0.011257108667632566,0.0209620741836261,0.16866989769041538,0.1309735879767686,0.08050911854952573,0.36478630304336546,0.0452342078089714,0.015649770153686404,0.036610609851777554,0.0008687565586790856
237,0.03753197571495548,0.02153515374047856,0.15297833629883825,0.023512784927152097,0.011436599335866049,0.021545091061852872,0.1677130527794361,0.13064248039154336,0.0779074028134346,0.3583268582820892,0.04593015220016241,0.01596412742510438,0.037157461419701575,0.0008676939303905066
238,0.03535235883900896,0.02023628305942111,0.1440185089595616,0.023750510555692016,0.011960710387211294,0.022114461485762148,0.17567206993699075,0.13531533404020593,0.08252040855586529,0.3905914083123207,0.04792525377124548,0.016954562440514565,0.03896823236718774,0.0008666276731112787
239,0.04185204611858353,0.025320852161894437,0.1581562992185354,0.023944214370567353,0.01183397492277436,0.022229681652970613,0.18075073771178723,0.14112752894870936,0.08214260805398226,0.38347952216863634,0.046893200278282164,0.01686945157125592,0.038727418426424264,0.0008655577973649307
240,0.03830971868010238,0.022228723929583794,0.15390454181469976,0.023162425949703903,0.01136461400310509,0.021289321657968686,0.1881311520934105,0.1465739646460861,0.08855913244187832,0.4022750347852707,0.04823955688625574,0.01824436797760427,0.040090417675673964,0.0008644843137107043
241,0.042213528114371,0.0249999314732122,0.16509509165771305,0.023391062556765974,0.01181327493977733,0.021718295983737333,0.164659096673131,0.12700809207744895,0.08125079125165939,0.3642848089337349,0.04540578871965408,0.0157203936483711,0.03668868942186236,0.00086340723274345
242,0.03478667527087964,0.018780516967672155,0.15324797658249736,0.022798574669286607,0.011269454742432572,0.020826382865197956,0.16664875261485576,0.12896227496676146,0.0811139503493905,0.36450380831956863,0.04586675809696317,0.01593814664520323,0.036906787380576137,0.000862326565093522
243,0.03578767277067527,0.01954178521336871,0.15567952045239508,0.022766196727752687,0.011130545919877477,0.02060293325339444,0.16381434351205826,0.12630764667410405,0.07656584829092025,0.36280119717121123,0.045509121660143134,0.015819613775238394,0.03678945759311318,0.0008612423214266735
244,0.03253404658171348,0.01837609454050835,0.13492794148623943,0.022358821320813148,0.010899068124126643,0.0200468035065569,0.1660728294402361,0.12854261208558454,0.07713644243776799,0.36299403160810473,0.0457282111980021,0.015812533861026167,0.03674417482689023,0.000860154512443952
245,0.037460442451993,0.023159601755833138,0.13620788748376073,0.02284515671781264,0.011157410740270279,0.020522265374893323,0.1558176100254059,0.11905542206950485,0.0772870635613799,0.35555458515882493,0.044609643146395685,0.015726718585938215,0.03646213850006461,0.000859063148881593
246,0.03307350088725798,0.017792734465911054,0.14606211236678063,0.022564895823597907,0.011162832734407857,0.02060321419266984,0.16875962615013124,0.1301057931385003,0.08063924089074134,0.37407254576683047,0.045999450515955685,0.016329607646912336,0.037279891315847635,0.0008579682415109142
247,0.035226080426946284,0.019105860077252144,0.15444756504148244,0.022643016115762294,0.011130156379658728,0.020710903813596814,0.1701016515493393,0.1320563558023423,0.08035931587219239,0.367899963259697,0.046483889874070886,0.01628119652159512,0.03832147186622024,0.0008568698011382094
248,0.03287890728679486,0.018640012207470136,0.13559297234751283,0.022764486575033514,0.01121539547748398,0.020894756179768593,0.16887242011725903,0.13118905405281112,0.07998432014137506,0.3643121138215065,0.04646497759968042,0.01614254293963313,0.03736604796722531,0.0008557678386046416
249,0.030403990362538026,0.015737819969035626,0.14011094574816524,0.02193228590185754,0.010821479134028778,0.019780427258228882,0.16756260879337787,0.12971721853828058,0.08203237764537334,0.36625731736421585,0.0453478823415935,0.015634930972009898,0.03665918428450823,0.0008546623647861356
250,0.033272164856316525,0.017667196129696094,0.14944035694934427,0.022149148408789187,0.010897489375201986,0.01993036921485327,0.17113285474479198,0.13341043983818962,0.07775281611829996,0.36473730504512786,0.04633626407012344,0.016097920993342996,0.037405303493142125,0.0008535533905932725
251,0.036986295896349476,0.020967664175623214,0.15345468875020743,0.022546388488262892,0.011111760875792243,0.02057158219977282,0.17828699871897696,0.1399873177171685,0.08580460119992495,0.370546019077301,0.045822846610099076,0.01643105982802808,0.037402646616101265,0.0008524409269711795
252,0.031842995766783136,0.01751548658212414,0.13651173445396125,0.02248264659428969,0.011334125805296935,0.020626504498068243,0.16499706581234933,0.1277637383202091,0.07780704703181981,0.3600169733166695,0.04554586801677942,0.016035664128139615,0.03662586556747556,0.0008513249848994234
253,0.03434999301098287,0.01931297450028069,0.14355694316327572,0.02269170613726601,0.01137448041990865,0.02078282002476044,0.17931374609470369,0.13948868077713997,0.08523595165461302,0.38544742166996004,0.04693280085921288,0.017082984326407313,0.038857010286301376,0.0008502055753919019
254,0.04644601583713666,0.029354301681451034,0.16395882456563413,0.02340532186208293,0.011386208850308322,0.021605034958338366,0.1675560798496008,0.1293790779192932,0.07918390762060881,0.369280768930912,0.0460747511126101,0.01637139660306275,0.03728550774976611,0.0008490827094967352
255,0.03668838287703693,0.019803132857123273,0.1619989545084536,0.022958249034127222,0.01130946199700702,0.021107833174755796,0.1826525814831257,0.14230388178257272,0.08451346624642611,0.38998361825942995,0.04956381628289819,0.01795309721492231,0.040827113576233386,0.0008479563982961559
256,0.03588908413657919,0.019658381920089597,0.15519601991400123,0.02349475712981075,0.012060255999676884,0.0221695268584881,0.1757393054664135,0.13577493705088273,0.0814780293032527,0.3870799824595451,0.046157991513609886,0.016660425905138256,0.03784441603347659,0.0008468266529064013
257,0.03720822494942695,0.020315287484481814,0.1620396377518773,0.022986522811697795,0.011462102498626336,0.02122125377645716,0.17950995601713657,0.13921360273379832,0.08300369754433631,0.3900997921824455,0.0471560999751091,0.017162354150786995,0.03886339701712131,0.000845693484477602
258,0.037254439457319675,0.02065388112459914,0.15894692498259247,0.02328995038405992,0.012003338994691148,0.02190592004917562,0.17074562087655068,0.13256623139604926,0.08183307908475398,0.368957607448101,0.046782041620463136,0.01739947162568569,0.039108431246131656,0.0008445569041936732
259,0.033223463367903605,0.017181967432406964,0.15367220523767172,0.02229126815800555,0.011422493401914835,0.02063420311314985,0.1728576384484768,0.13405450055142865,0.08140739612281322,0.3755043938755989,0.046294063422828914,0.01634083208627999,0.03744703186675906,0.0008434169232722031
260,0.028536887251539154,0.014725036250092671,0.13158025369048118,0.021752666984684765,0.010938597773201764,0.019764157378813253,0.168431805819273,0.1312301183352247,0.07899954058229923,0.3596312806010246,0.045824126619845626,0.016104145580902694,0.037146132439374924,0.0008422735529643433
261,0.028521126898704098,0.014031726378016173,0.13848698404617607,0.021309772337554024,0.010725335156894288,0.019283519574673846,0.17139070630073547,0.1339736585621722,0.0768972398713231,0.3619510501623154,0.04565430069342256,0.015443190885707735,0.03659370057284832,0.0008411268045546973
262,0.030392246844712645,0.01631721621743054,0.13423995692282914,0.021750822657486422,0.010800908881356009,0.01951119315926917,0.1675051636993885,0.12996515920385718,0.07833935096859931,0.3632000178098679,0.04548079017549753,0.015519397240132094,0.03670033104717731,0.0008399766893612086
263,0.03509367948281579,0.018712990430140054,0.15711445235647262,0.022235033626202494,0.011227139091352001,0.020417511620325967,0.19371423609554766,0.15110886129550635,0.09279862698167562,0.41257440894842146,0.04860905203968287,0.01878734859637916,0.04090533526614308,0.0008388232187350503
264,0.031990450393641366,0.01740410668498953,0.13895672955550253,0.022792694414965807,0.011740821294370107,0.021222875657258555,0.16677406914532183,0.128774213406723,0.07908110786229372,0.36730966717004776,0.04662085920572281,0.016823470918461682,0.037726884707808495,0.0008376664040605113
265,0.02998015850316733,0.015902609834665783,0.13417922109365463,0.021916914090979844,0.011064403111231514,0.020114391908282413,0.16831470988690853,0.13021355874370782,0.07910229079425335,0.3682954519987106,0.04681486813351512,0.016765581676736474,0.037804173026233914,0.0008365062567548858
266,0.031254659401020034,0.016016204901461606,0.14574623336084186,0.02208735387539491,0.011104173745843582,0.02036195243126713,0.16932045742869378,0.1313384228735231,0.08131615296006203,0.3671928018331528,0.04673640793189406,0.016401347564533354,0.03776266649365425,0.0008353427882683592
267,0.030918150424258783,0.016174570448856684,0.1408097270876169,0.02196085879113525,0.011169497983064502,0.020162139140302314,0.17141698561608792,0.13398144406965,0.0788988508284092,0.36202751100063324,0.045925960689783094,0.015713509637862444,0.037052270397543906,0.0008341760100838957
268,0.029649629298364743,0.014992277418787125,0.14007206712849438,0.021622613992076368,0.010884630293003284,0.019697945681400597,0.1731796946376562,0.1353611088357866,0.07907479256391525,0.36576493084430695,0.04603257039561868,0.016072109714150427,0.03754629492759705,0.000833005933717125
269,0.030885487562045455,0.016191232700839463,0.14034163793548943,0.02192428200505674,0.011080273415427656,0.02037868299521506,0.16827294193208217,0.12935724088456482,0.0788316149264574,0.376629963517189,0.04607052486389875,0.016564727388322355,0.0375883680768311,0.0008318325707162285
270,0.029795698274392636,0.014770162957756839,0.1437314234673977,0.021623898431425915,0.010995736028417014,0.01998796670231968,0.16915167570114137,0.13111046686535702,0.07636303510516881,0.3681003212928772,0.045823834091424945,0.015735071571543812,0.03698942931368947,0.0008306559326618251
271,0.03172200938570313,0.01615674971108092,0.14914678945206106,0.02167399267782457,0.010855037797591649,0.019920553936390206,0.17451431527733802,0.13580440559890122,0.07896663136780262,0.3741708591580391,0.04742926387116313,0.017211581720039247,0.03932747552171349,0.0008294760311668577
272,0.027934962883591652,0.013759910533372022,0.13538855081424117,0.021088052465347572,0.010721801733598112,0.019256792805390433,0.17313722483813762,0.13549387370003388,0.08045118153095246,0.3639464542269707,0.0461087460629642,0.016326471325010063,0.03740444127470255,0.0008282928778764774
273,0.029362566687632354,0.014968196275731316,0.13749755891039966,0.021255298383766785,0.010975420364411547,0.019411018129903822,0.16471420992165803,0.1275439273333177,0.07521513793617488,0.3594749704003334,0.04531943527981639,0.01581970336847007,0.036825356725603345,0.0008271064844679296
274,0.026982491920352913,0.013107806220796192,0.13254659643862396,0.02055179316084832,0.010449496668297798,0.01849081225809641,0.16268066205084325,0.12518606840167196,0.0757885742932558,0.36269949823617936,0.04523566775023937,0.015996386436745523,0.0368146738037467,0.0008259168626504385
275,0.029345726908650248,0.014464396634502918,0.142490170057863,0.021033944562077522,0.010581714604631998,0.019183939119102433,0.1645004877820611,0.12733281439868732,0.07559235356748104,0.359438368678093,0.045430341921746734,0.015761638572439552,0.03690049452707171,0.0008247240241650909
276,0.027224625798407943,0.013677193222611095,0.12913751476444305,0.020991379604674877,0.01069266839476768,0.01927062156610191,0.16684648692607879,0.12927775947609915,0.07602109704166651,0.3632964611053467,0.04582428243011236,0.01612960398197174,0.03710662527009845,0.0008235279807847213
277,0.03129428162937984,0.015594620020783623,0.15039227814413608,0.02180493817431852,0.011216728616273031,0.020241059496765957,0.17406064532697202,0.13508319132961333,0.08159246910363435,0.37732956260442735,0.04601033059880137,0.016214583488181233,0.037685597967356446,0.0008223287443137948
278,0.029302592074964197,0.015172814957259107,0.13484695232473315,0.02138705999823287,0.010866994506795891,0.019714519486296923,0.17078726701438426,0.13318191962316633,0.07699789013713598,0.3635826840996742,0.04601461663842201,0.016339220432564618,0.0378488621674478,0.0008211263265882914
279,0.02897503858548589,0.01464412890982203,0.13689312995411457,0.02126976760919206,0.010810066695557907,0.019615769543452188,0.17194463796913623,0.1342565604369156,0.07863604128360749,0.3642046555876732,0.04671835973858833,0.016662265313789247,0.038143891375511885,0.0008199207394755884
280,0.03661801060079597,0.020643374403516646,0.15308532346971332,0.022218190040439366,0.011086975102080033,0.020688077859813348,0.16647113487124443,0.12881651113275439,0.07465269025415182,0.3642491549253464,0.045653920713812114,0.015831281803548335,0.03751207767054439,0.0008187119948743441
281,0.036711732723051685,0.020930118008254794,0.15113286348059773,0.022306745895184575,0.011109656782355159,0.0206263518135529,0.18544800207018852,0.1437067827791907,0.08792915437370538,0.4039695218205452,0.04850998530164361,0.01870323307812214,0.040832975320518015,0.0008175001047143796
282,0.03127297955797985,0.016493577266010105,0.14102928172796964,0.022200443025212735,0.011623254462028854,0.020767823606729508,0.1646348088979721,0.1270019410760142,0.07626433186233043,0.36395830363035203,0.045763617102056744,0.016088221222162247,0.03731709253042936,0.0008162850809565615
283,0.02885146398912184,0.015027257399924564,0.13182067219167948,0.021265450032660737,0.01084151775285136,0.019589048653142527,0.17083918489515781,0.13330930896336213,0.08015183843672276,0.36297962367534636,0.04570794450119138,0.015887375734746457,0.03712299522012472,0.0008150669355926837
284,0.03877624093438499,0.023036766418226762,0.1507234184537083,0.02221988461096771,0.011136742151575164,0.020401103910990058,0.164294608309865,0.12537166776601225,0.07957337088882924,0.37670346200466154,0.04566144850105047,0.016968479752540587,0.03913696203380823,0.0008138456806453493
285,0.03714686873136088,0.021805248915188712,0.146615026332438,0.02258532329578884,0.011420535016804933,0.021438529453007504,0.1714583110064268,0.13361164011294022,0.07972228899598122,0.3659801557660103,0.04617895046249032,0.016254132520407437,0.037894508242607115,0.0008126213281678518
286,0.03187594752525911,0.017112787287987884,0.14110396187752486,0.02166328064631671,0.01097489451058209,0.020537529577268288,0.17325930893421174,0.13432665769942104,0.08132319077849388,0.37690703868865966,0.04581583011895418,0.016281566955149172,0.03734338041394949,0.0008113938902440554
287,0.028647066029952838,0.015387542189273518,0.1262377378065139,0.021100587607361377,0.010686900833388791,0.01941444003605284,0.16626105234026908,0.12892172746360303,0.07786712665110826,0.3610792517662048,0.04565562568604946,0.015914343763142824,0.037206525634974244,0.0008101633789882772
288,0.03170502074062824,0.01779710418668401,0.13271594080142676,0.02127383179613389,0.010542283390532248,0.019397516502067447,0.1692619239911437,0.1319542858400382,0.07686931863427163,0.36051772236824037,0.04650007477030158,0.01629331582225859,0.03749041724950075,0.0008089298065451663
289,0.028452703962102532,0.015591917879646644,0.12235613111406565,0.020804879837669432,0.010453761322423816,0.018915489909704774,0.1740328347310424,0.1360934012918733,0.07962981164455414,0.366948339343071,0.04620107477530837,0.016028709709644318,0.037606635969132184,0.0008076931850895849
290,0.02898627093527466,0.014694966517345165,0.13645984418690205,0.02125240662135184,0.011013571615330875,0.019703054946148768,0.1719693884253502,0.13400053284130992,0.08041727617383003,0.3671929270029068,0.04618744319304824,0.016290688049048187,0.037773965205997226,0.0008064535268264874
291,0.02747464450658299,0.013638986794467201,0.1320502049755305,0.020741772721521556,0.010790062934393062,0.01908686643000692,0.16943168342113496,0.13146878988482058,0.0769772632047534,0.3671639695763588,0.04606359414756298,0.016261333506554364,0.037430049013346435,0.0008052108439908003
292,0.027013251493917777,0.013758817105554044,0.12629105146043001,0.02071259244112298,0.010553849372081458,0.019046322884969415,0.1741502370685339,0.13540544776478783,0.08801022656261921,0.3750483199954033,0.04600734915584326,0.015990733029320837,0.0373385950922966,0.0008039651488473019
293,0.02968760101357475,0.014226900191351888,0.14838020252063872,0.02066425031516701,0.010469778708647936,0.019026734272483737,0.16993872001767157,0.1320044818567112,0.07788023725152016,0.36670181304216387,0.04650038862600923,0.016702337516471745,0.03824516786262393,0.0008027164536904999
294,0.030920152890030295,0.016129682383325416,0.1414496347308159,0.02138581551844254,0.010889527105609887,0.020113125472562388,0.16786448191851377,0.1304307906073518,0.0760051503777504,0.36177695989608766,0.04633398577570915,0.016465804306790233,0.03773318091407418,0.0008014647708445116
295,0.0271545194380451,0.01342768162212451,0.13104896093718707,0.020635223726276308,0.01046185451268684,0.019148125854553655,0.16999457497149706,0.13211841580923647,0.07675231639295817,0.36627832651138303,0.046162282954901455,0.016254084231331945,0.03755847821012139,0.0008002101126629411
296,0.02909352963324636,0.01382593190210173,0.14644673289731144,0.02061870936304331,0.01052750002418179,0.01904473201138899,0.17469818480312824,0.1348227689275518,0.08222900796681643,0.3863435611128807,0.04574216501787305,0.016310761077329518,0.037383096665143965,0.0007989524915287586
297,0.030451478651957586,0.015792980341939256,0.14028548235073685,0.020777687267400324,0.010719812739989721,0.019244665856240316,0.16961966548115015,0.13217294808709995,0.07632199991494418,0.3621577054262161,0.045800370443612334,0.015747117204591633,0.036968361027538775,0.0007976919198541766
298,0.02622390229953453,0.013268913692445494,0.12349689002148807,0.020068929519038648,0.010196040489245207,0.018195223464863373,0.16819106955081226,0.13081119440030306,0.07468178197741508,0.36155349016189575,0.04561581555753946,0.015610473277047277,0.036667234171181916,0.0007964284100805288
299,0.026203302619978785,0.013402475943803439,0.12188928560353815,0.02025404281448573,0.010340845750761218,0.018596943630836905,0.16813461892306805,0.1305469299433753,0.076065544039011,0.36359218060970305,0.04553091917186976,0.01589252259582281,0.037093371339142325,0.0007951619746781464
300,0.026501689566066487,0.012973685264660162,0.12915013986639678,0.020280694175744428,0.010368809598730877,0.018708374141715466,0.17584970854222776,0.13681139840045944,0.08111927155405282,0.37730461210012434,0.0477378805167973,0.017654809961095454,0.0392943331040442,0.0007938926261462357
301,0.025691085681319236,0.012657215329818427,0.12433941944036633,0.019793232780648394,0.0102031844900921,0.01809976900694892,0.1614831279963255,0.12454755844082684,0.07398820985108615,0.3573175802826881,0.04489193176850677,0.015298753418028355,0.03625469114631415,0.0007926203770127542
302,0.028592547652078793,0.01430908059464855,0.13653445336967707,0.02069688971969299,0.010804179025581107,0.01905002547428012,0.1868890833109617,0.14812305642990395,0.09073531217873096,0.3752176582813263,0.045486364886164664,0.016726774023845793,0.037898430787026885,0.0007913452398342871
303,0.029068764694966377,0.014493832593871048,0.13937780056148769,0.020850360678741707,0.011007218190934509,0.019456561497645453,0.17523031327873467,0.1367686567711644,0.08511753622442483,0.3719422876834869,0.046551874559372666,0.016819686023518444,0.03845436787232757,0.0007900672271959238
304,0.031441131152678284,0.01577967850098503,0.15015294873155655,0.021281107061076908,0.011026760083041154,0.01997454240336083,0.17220299299806358,0.13455835150089115,0.07675036434084177,0.3642254456877708,0.04540708623826504,0.01569767310284078,0.03705115104094148,0.000788786351711133
305,0.02783608578611165,0.014623151247360511,0.12589836171828211,0.0205543668824248,0.010600545621127822,0.019110157777322456,0.16612305790185927,0.12879817121429368,0.07558466624468566,0.3608536124229431,0.04576794402673841,0.01620839801616967,0.037420688290148975,0.0007875026260216385
306,0.02966276475926861,0.014914748217415763,0.14125690502114593,0.020616034488193692,0.010500269770273008,0.019027983892010526,0.17328556794673206,0.13541165298083796,0.07849555928260088,0.36630514413118365,0.046041618753224614,0.01612828513607383,0.03743555210530758,0.0007862160627972946
307,0.03118229940882884,0.017711668641277357,0.1285222983919084,0.020619089546380566,0.010300957236904652,0.01876788741792552,0.1678404077887535,0.13006474010180682,0.07514002863317729,0.3652495309710503,0.04632431538775563,0.01621127873659134,0.03762474348768592,0.000784926674735961
308,0.03200877417111769,0.017082673435379548,0.14277488570660352,0.021404672809876502,0.011025917288498022,0.020133376057492568,0.1700258519500494,0.13198863874422387,0.0768672650679946,0.3679323807358742,0.046118889935314655,0.016079839086160064,0.038339965231716636,0.0007836344745633775
309,0.03216594078112393,0.016663181301919395,0.14869889123365282,0.021018364041810855,0.01062515210651327,0.019526112964376806,0.16350642070174218,0.12670044387923554,0.07583155389875174,0.35593734085559847,0.044866953324526546,0.01574486130848527,0.03693942334502935,0.0007823394750330377
310,0.03139090678887442,0.0166500417602947,0.14108541388995946,0.020950030506355688,0.010666133833001367,0.019405882799765094,0.16076588165014982,0.12362330870237201,0.07358994670212268,0.3590559184551239,0.04568792730569839,0.01616113893687725,0.037688402365893124,0.0007810416889260644
311,0.028986773738870396,0.015915516008317355,0.12440324681811035,0.020943456911481917,0.010603203979553655,0.019233916117809714,0.1640367979183793,0.1270425837370567,0.07549545206129551,0.3576845407485962,0.04539888389408588,0.015889173652976752,0.03692408101633191,0.0007797411290510826
312,0.030072864110115914,0.015509135438333033,0.1395112148486078,0.020344333426328375,0.010286000129417517,0.018583175679668783,0.16431630086153745,0.12678750845370815,0.0803449135273695,0.36310157775878904,0.045459229685366156,0.01547249685972929,0.03662539348006248,0.0007784378082440932
313,0.028940023033646865,0.014694350738500362,0.1359929042402655,0.02112771086394787,0.011191368533764035,0.019694788253400475,0.1693321844562888,0.13177898647263647,0.07682822234928607,0.3630058169364929,0.04622855223715305,0.016402246057987215,0.037815061304718255,0.0007771317393683462
314,0.028382900217548013,0.01368781990295247,0.1407199432142079,0.02051916451891884,0.010635119234211742,0.018955878721317276,0.17887850403785704,0.13783774562180043,0.09301951192319394,0.3973734095692635,0.04799395743757486,0.01717712013050914,0.03907852564007044,0.0007758229353142144
315,0.025023615889949724,0.012681781086212141,0.11729628117755056,0.020133038028143348,0.010477279502083547,0.018447181116789578,0.16821044813841582,0.13087707231752574,0.0746728677302599,0.36094172596931456,0.04592482140287757,0.016035174299031497,0.037061395775526765,0.0007745114089990652
316,0.025337990676052868,0.012152721238089725,0.12594993552193046,0.0194882448122371,0.010025537389446981,0.017762563191354275,0.1878604594618082,0.1489079552469775,0.0860846184194088,0.37698276340961456,0.046117772813886404,0.016593619948253036,0.03828201908618212,0.0007731971733671338
317,0.02524265450774692,0.012839370419533225,0.11800382062792777,0.019776200654450803,0.010368890498648397,0.018250346300192177,0.17335809003561736,0.13563271289458498,0.08035413324832916,0.3647188663482666,0.04633160987868905,0.01634292141534388,0.037850169185549024,0.0007718802413893954
318,0.026077858777716754,0.013028572842085851,0.12426323075778782,0.020438967098016292,0.010709181585116311,0.01904124427237548,0.1684233009815216,0.13090694287093357,0.07702762261033058,0.36288154125213623,0.04558565337210894,0.01582461060024798,0.03711316613480449,0.000770560626063437
319,0.02691133614280261,0.013499226305793855,0.12812453326769174,0.019781828083796426,0.010200981056550517,0.018483638053294272,0.17346700876951218,0.135881259967573,0.07836194839328528,0.3634526148438454,0.04588731378316879,0.01613709325902164,0.037470380589365956,0.0007692383404133291
320,0.028778596426127477,0.013986148004914867,0.14182118303142488,0.02019110995461233,0.010325378362904303,0.018770649388898164,0.16883003190159798,0.1312504353467375,0.07691908944398165,0.3634608075022697,0.04577814135700464,0.015897605428472163,0.03739067018032074,0.0007679133974894973
321,0.02809655461460352,0.013757807831461832,0.13732080231420696,0.01996848526177928,0.010364823919371702,0.018642885255394502,0.16968020163476466,0.13119977852329612,0.0786821523681283,0.3723304644227028,0.04604358384385705,0.016325081000104547,0.03744079107418656,0.0007665858103685934
322,0.02490251819253899,0.012107733294396895,0.12194858328439295,0.01968776173889637,0.010308581285062245,0.018120883568190038,0.1728085409849882,0.13391084738541395,0.07905331291258336,0.376432341337204,0.046233108080923555,0.016489667212590577,0.03774193339049816,0.0007652555921533661
323,0.026907972013577818,0.013707064678601454,0.12603290509432555,0.019558868219610302,0.01032195593288634,0.018097105127526446,0.17560115978121757,0.13700309874257072,0.0772726159542799,0.37345357835292814,0.04628095533698797,0.016354322200641036,0.037665946409106255,0.0007639227559725323
324,0.02562593822949566,0.012136606314197707,0.12904960457235576,0.019326187850674616,0.0098923774989089,0.01777690383605659,0.1693145738914609,0.1318064754945226,0.07632143814116717,0.3627901718020439,0.045715375896543266,0.015738517977297306,0.03689801404252648,0.0007625873149806469
325,0.024911801598500462,0.012133171373716323,0.12194016629364342,0.01928573281620629,0.00994492318131961,0.017820745141943917,0.17072569243609906,0.13295751051045954,0.07735783196985721,0.36535296887159346,0.04570921566337347,0.0159349599853158,0.03726606108248234,0.0007612492823579735
326,0.025462300528306513,0.012413330407434841,0.12458500480279326,0.01951295611797832,0.010010508898994885,0.018078842299291863,0.16985042952001095,0.13216588735813276,0.07672121394425631,0.36454060971736907,0.045660675317049024,0.015863497089594603,0.0369853463023901,0.0007599086713103538
327,0.024741590052144602,0.011896006575807406,0.1226531162392348,0.019196832162560896,0.009816747694276273,0.01755743183894083,0.17074812408536671,0.13307534251362085,0.07569533530622721,0.3642714902758598,0.046292330324649814,0.015989257488399744,0.03726746188476682,0.0007585654950690776
328,0.022772105905460194,0.010848278984121862,0.11342438119463623,0.01913597686216235,0.009933451825054363,0.01748942052363418,0.16586241219192743,0.12845813150051982,0.07541916947811841,0.3618368998169899,0.045410406216979025,0.015619026450440287,0.03660655422136187,0.0007572197668907525
329,0.022248751192819327,0.010915878607374908,0.1075609240680933,0.018987114919582382,0.009851889617857523,0.01735213532228954,0.17055416107177734,0.13301798627944664,0.0746171286329627,0.36284526288509367,0.04652303420007229,0.016059617837890984,0.03739252034574747,0.0007558715000571716
330,0.02424014478456229,0.011489227901620325,0.12170097064226866,0.019165670737857,0.009875306356116198,0.017665871127974242,0.17048784494400024,0.1323495131335221,0.07602850217372178,0.3690248981118202,0.04579089749604463,0.016001140093430878,0.0373307722620666,0.0007545207078751847
331,0.027970856806496157,0.013664367509773002,0.13707937439903617,0.019653082912554964,0.010274498051148839,0.018448074045591057,0.16685589589178562,0.12958385704550893,0.07541123889386654,0.3603460222482681,0.045801798813045025,0.016069923434406518,0.03699508495628834,0.0007531674036765654
332,0.02284150696359575,0.010788106701147627,0.11485557416453958,0.01872086314833723,0.009671256208093837,0.017036226426716893,0.16936163157224654,0.13168732321355492,0.07495772503316403,0.3643613263964653,0.04597230432555079,0.015936348401010037,0.03715795697644353,0.0007518116008178794
333,0.0219519671110902,0.010974473047281209,0.10407513326499611,0.0187698854948394,0.009729144055745565,0.016970936994766816,0.17223736308515072,0.13437684191158042,0.07948548980057239,0.3660734757781029,0.04609440993517637,0.01656424063257873,0.037734368536621335,0.000750453312680354
334,0.0259701274568215,0.013132132454484236,0.12225306979380549,0.019967422616900876,0.010666952340397984,0.01864746696664952,0.1828192612156272,0.1444394072634168,0.08461782857775688,0.3711682498455048,0.0463990144431591,0.01675229910761118,0.03834365960210562,0.0007490925526697444
335,0.02649435172206722,0.01279981029110786,0.13097269171848894,0.019592649018159138,0.01027096396428533,0.018122076947474853,0.19048084504902363,0.1512204278842546,0.08804658818989992,0.3799758151173592,0.04608665769919753,0.017054872354492545,0.038820028956979516,0.0007477293342162028
336,0.028085231641307475,0.014672745500865858,0.12797541967593135,0.02007638139766641,0.010670816354104318,0.018980944337090477,0.171333609521389,0.13309666089480743,0.07687860652804375,0.36995760798454286,0.04569447571411729,0.0163649367634207,0.037727709859609604,0.0007463636707741449
337,0.0228191037196666,0.0112621619600759,0.10973344165831804,0.01928332431707531,0.009896539160399698,0.017726349568692967,0.17254821956157684,0.13403539709979667,0.07950563412159681,0.37245718240737913,0.0465964088216424,0.016758717969059943,0.038365908712148664,0.0007449955758221175
338,0.022361757257021962,0.010913211331353524,0.108714859187603,0.019018499442609027,0.009834493475500495,0.01751146023743786,0.16962908525019885,0.13205031694378705,0.07708574533462524,0.36338469535112383,0.04585411725565791,0.01616086079739034,0.03739656303077936,0.0007436250628626652
339,0.023775585455587132,0.011561479611191316,0.11636865176260472,0.019051377271534876,0.009810659289360046,0.017497327917953952,0.17301898449659348,0.1352357457159087,0.07523373682051897,0.3652857780456543,0.046476013399660586,0.016257452592253686,0.037936536222696306,0.000742252145422198
340,0.026115990214748308,0.012854743090065313,0.12656029788777232,0.019869153498439117,0.01039170438889414,0.01847525898483582,0.17140090838074684,0.13284730326849967,0.07734800279140472,0.37278962731361387,0.046985724847763775,0.01674653575755656,0.03864560518413782,0.0007408768370508566
341,0.027989008591976016,0.014002447896746161,0.1336370303761214,0.02039186159381643,0.010751007081125863,0.01933917454443872,0.17583024650812148,0.13683606120757758,0.08572526536881923,0.37755796164274213,0.04591072499752045,0.01600872720591724,0.037644431460648775,0.0007394991513223794
342,0.027049497817642987,0.01259964696255338,0.1385150693822652,0.019669560313923286,0.010247623216127977,0.018547287222463637,0.1754922354593873,0.13677202933467925,0.08113297298550606,0.37438624203205106,0.04736301144585013,0.016716126631945372,0.038919718004763126,0.0007381191018339685
343,0.024436802248237653,0.011643016788002569,0.12215111362747848,0.01913749105297029,0.00979620102152694,0.017790915991645305,0.19298470728099346,0.15366284283809364,0.087753495760262,0.38043592125177383,0.04664383213967085,0.01726984023116529,0.03929433217272162,0.0007367367022061551
344,0.026547910121735185,0.013217079061359983,0.12752196642104535,0.01899496610276401,0.009936751483473926,0.01764733998570591,0.1719144307076931,0.13340728249168024,0.07675953861325979,0.3726844862103462,0.04590900363400578,0.016025908244773745,0.03735098019242287,0.0007353519660826653
345,0.02334117197897285,0.01087991600161331,0.1189493321813643,0.01871540750726126,0.009600723776384257,0.01728181983344257,0.17502356935292482,0.1371661859098822,0.08044426050037146,0.36614010483026505,0.04592660432681441,0.016242149332538248,0.037586139608174564,0.0007339649071302857
346,0.024756377458106726,0.011960818988336541,0.12214645310305058,0.019095910934265704,0.009949759457958863,0.01771382912993431,0.17052068710327148,0.13237503650598229,0.07576871775090695,0.36901056915521624,0.04607172003015876,0.016158099472522735,0.03754533287137747,0.0007325755390387282
347,0.023849397647427394,0.011448797973207548,0.1183689170051366,0.018587888416368513,0.009597511141328141,0.017095942207379266,0.1701733274385333,0.1323686587391421,0.07710253801196813,0.3655793502926826,0.04622154450044036,0.016115208668634296,0.037705508433282374,0.0007311838755204948
348,0.02415678568650037,0.0119375002108427,0.11646407484076918,0.018813931732438505,0.00982996353704948,0.01744882424827665,0.16961398329585792,0.13195090969093143,0.07605821993201971,0.3642439216375351,0.0459435380063951,0.015990473236888646,0.037468564696609974,0.000729789930310743
349,0.021994104445911943,0.010493582927665557,0.10937284328974783,0.018526253290474415,0.00963560267991852,0.016970000107539816,0.16927797812968493,0.13192025175085292,0.07409627716988325,0.36119537353515624,0.0458578335121274,0.016051688930019736,0.03729788064956665,0.0007283937171671487
350,0.024725490983109923,0.012154745429870672,0.11995377237908542,0.01891532614827156,0.009853074318380095,0.017617125675315037,0.17656979877501727,0.13839622488012537,0.07875641845166684,0.3693564161658287,0.045906119234859946,0.015990498196333646,0.03745003212243318,0.0007269952498697724
351,0.0210932731279172,0.010273515758490248,0.10264737301040441,0.018234524625586345,0.009516480850288644,0.016645966074429454,0.16522263046354055,0.12811926068970933,0.07291528824716806,0.35882937014102934,0.045392923150211574,0.01562847988680005,0.036773601453751324,0.0007255945422209216
352,0.02410120877320878,0.011440899830995476,0.12088323526550085,0.018724100018152966,0.009875153133179992,0.017323036724701524,0.17207818627357482,0.13375370942521841,0.07641074173152447,0.370490688085556,0.04697773614898324,0.016792742256075143,0.03806529780849814,0.0007241916080450153
353,0.024579491786425933,0.01167170574535703,0.12322442927397788,0.01920932459179312,0.010057823901297525,0.017770834884140642,0.16944666020572186,0.1315779420430772,0.07518129087984562,0.3661010548472404,0.04644820839166641,0.016482506738975645,0.03817916726693511,0.0007227864611884471
354,0.02177563417935744,0.010492607372361818,0.1072106919484213,0.018482670711819082,0.009615217696409672,0.016926858871011065,0.17117937430739402,0.13331474432488905,0.07400189805775881,0.36621541529893875,0.046223736833781004,0.015930715249851346,0.03755646012723446,0.0007213791155194498
355,0.02316352546913549,0.011410964894821518,0.11177381752058864,0.01894153715693392,0.009817413409473374,0.01750410525710322,0.16410640981048347,0.1266461169347167,0.07397478893399238,0.3622254326939583,0.04559604777023196,0.016291329404339194,0.037912525981664655,0.0007199695849279566
356,0.023314638569718226,0.011063755420218513,0.11663514981046319,0.01924751083715819,0.010120894439751282,0.017874914727872237,0.16591611579060556,0.12792615285143255,0.08043336495757103,0.3676135316491127,0.04561195587739349,0.01581828286871314,0.0371288494206965,0.0007185578833254655
357,0.023014833714114502,0.01081750910379924,0.11626568431966007,0.018797661166172475,0.009740148254786618,0.01741486798855476,0.16520098820328713,0.12782244001282378,0.07472808212041855,0.36159389466047287,0.0453626555390656,0.015595159027725458,0.03682678872719407,0.0007171440246449014
358,0.02116480693803169,0.009969406210075249,0.106333669135347,0.018425532447872685,0.009676150113227778,0.01704215688514523,0.17395218946039676,0.13555008270777763,0.07595945429056883,0.37153238207101824,0.04617155157029629,0.016271791700273753,0.03778636390343308,0.0007157280228404786
359,0.023427939682733268,0.01107404317081091,0.11786856995895505,0.018553489411715418,0.00979846850677859,0.017203607235569508,0.1838451001793146,0.14512670978438108,0.0837018433958292,0.37459692656993865,0.0463749329559505,0.016560086188837884,0.038227205909788606,0.0007143098918875634
360,0.02393110900884494,0.011207752365589841,0.12150021025445312,0.018617980100680144,0.010048787033883854,0.017354575917124748,0.16656929347664118,0.12923295516520739,0.0731145415455103,0.36099027544260026,0.04581400575116277,0.01605171416886151,0.03726951275020838,0.0007128896457825355
361,0.023090065107680857,0.010627450673200655,0.11895295246504248,0.018544128665234895,0.009821806769468821,0.017158392508281394,0.19348320737481117,0.1509844085201621,0.08663889095187187,0.41170735508203504,0.04807229544967413,0.018330823676660658,0.04055025950074196,0.0007114672985426509
362,0.02781704266089946,0.013669417157689167,0.13550497442483903,0.01955719423131086,0.010299193704850041,0.01866326893796213,0.16937625259160996,0.13165997895412146,0.07830754481256008,0.3647956565022469,0.045785159710794686,0.016050326358526944,0.03787395562976599,0.0007100428642059023
363,0.0250142841367051,0.012446976498540607,0.11980255171656609,0.019330138189252465,0.010022476362064481,0.018275763606652617,0.1711156629025936,0.13230612630723043,0.07821792848408222,0.3754697278141975,0.046113772224634884,0.017014310276135803,0.03874535756185651,0.0007086163568308818
364,0.027974654594436286,0.014267204555289936,0.13112650541588663,0.01952285831212066,0.010217112471582367,0.018490846402710304,0.17183497548103333,0.13425904810428618,0.07489818893373013,0.36327028274536133,0.04624628331512213,0.016198636684566736,0.037743388582021,0.0007071877904966413
365,0.0216203557618428,0.010402368640279746,0.10661398135125637,0.018292892561294138,0.00953653733304236,0.01685234458418563,0.17444483675062655,0.13584562699543312,0.07678273748606443,0.3734386280179024,0.04645914044231177,0.016308392118662595,0.03801281936466694,0.0007057571793025535
366,0.023859775718301536,0.01084727597408346,0.12440925627015531,0.01867841177736409,0.009900290495716035,0.017569402389926835,0.1684468824416399,0.1305979982833378,0.07411066070199013,0.3659707248210907,0.046172862872481346,0.016417314670979975,0.03763745352625847,0.0007043245373681737
367,0.023145127424504607,0.010587828495590656,0.11998592149466276,0.018342391721671448,0.009592932916712016,0.01709030826459639,0.1677946276962757,0.13022516029886902,0.07539963461458683,0.36320934295654295,0.046260219719260934,0.016166245099157095,0.03785473490133882,0.0007028898788330991
368,0.020934394787764175,0.009644568466683268,0.10740507550071925,0.01804896859684959,0.009416960668750108,0.016615592467132956,0.16839639768004416,0.1305141260381788,0.07497376464307308,0.3663086533546448,0.046191954798996446,0.016378413466736675,0.03760274900123477,0.0007014532178568306
369,0.0207539739087224,0.009192270323546836,0.11013338025659322,0.018002314667683095,0.009415959578473122,0.01648031553486362,0.16454751808196305,0.12742844434687867,0.07357524503022432,0.359009262919426,0.04530478566884995,0.015602513402700424,0.036712629813700916,0.0007000145686186315
370,0.02149844843079336,0.009599595049257914,0.11339981872588396,0.018401012208778413,0.009542540926486254,0.016930887248599903,0.16617877148091792,0.12882146087940782,0.07424086909741164,0.36126677244901656,0.04574794284999371,0.015783650055527686,0.03727930895984173,0.0006985739453173895
371,0.0221360451891087,0.010344314880421734,0.11239414322189986,0.01815915204351768,0.009456639160634949,0.016717506921850145,0.17563006803393363,0.13714618866797537,0.07955554146319628,0.3722571775317192,0.046346281096339224,0.01656153998337686,0.03823738591745496,0.0006971313621714746
372,0.021434502978809177,0.010179159569815965,0.10691131791099906,0.018509198882384226,0.009701375127770006,0.01734113598940894,0.1767537035048008,0.1383672643452883,0.07799346782267094,0.37126750499010086,0.04642067151144147,0.016563704889267682,0.038671295065432786,0.0006956868334186005
373,0.024274390045320615,0.011885019392684626,0.11807876881211996,0.019068471103673802,0.010006211310974322,0.018087018199730666,0.1664082596078515,0.12910578665323555,0.0736695397645235,0.3605690985918045,0.046141187008470294,0.016136964224278925,0.03790342696011066,0.0006942403733156823
374,0.021268118591979145,0.009883752535824897,0.10823913426138461,0.018383210146566853,0.009639401340973564,0.017274330876534804,0.17297285739332438,0.13521483946824447,0.0784371418878436,0.3651968166232109,0.04590998934581876,0.016006961232051253,0.037566174659878014,0.0006927919961386975
375,0.023077311852830462,0.011163130284694489,0.11356684579513968,0.018237767356913535,0.009637073334306478,0.017103538673836738,0.17083877902477979,0.1330256166867912,0.07630893681198359,0.3658276468515396,0.04577251225709915,0.015747182071208954,0.037293946649879214,0.0006913417161825442
376,0.025096614268841223,0.012414679398352746,0.1207171268761158,0.019635310873854905,0.010875778549234383,0.01876527746790089,0.1709889505058527,0.13310230899369344,0.07756771538406611,0.3663787379860878,0.046089649107307194,0.01634858683682978,0.0380663700401783,0.0006898895477609
377,0.023645767563721165,0.011549775650564698,0.11525606587529183,0.01855846625403501,0.0099607990559889,0.017450557369738818,0.17123743519186974,0.13328382374020292,0.07535964529961348,0.36697065830230713,0.04639558997005224,0.01643170421011746,0.03791861841455102,0.0006884355052060807
378,0.02023972009192221,0.009305322142790829,0.10386531401891261,0.01797799952910282,0.0094153072219342,0.016631888889241962,0.16866302862763405,0.13109027949394658,0.0743268959224224,0.3633311793208122,0.04609361384063959,0.01588780856691301,0.0374728131107986,0.0006869796028688994
379,0.02596667832112871,0.013393461286432285,0.11994411763735116,0.019049330754205583,0.009890928422100842,0.01790711748180911,0.16286437641829252,0.12540326704038307,0.0733077049255371,0.36208475977182386,0.04608581494539976,0.01654578992165625,0.03862318163737655,0.0006855218551185248
380,0.03149331409949809,0.018334590097583713,0.12553740898147225,0.020085856883088126,0.010163289337651805,0.019118075357982888,0.16626558694988489,0.12878783193882554,0.0745262261480093,0.36212786585092543,0.04656426990404725,0.01668426566757262,0.03828495340421796,0.0006840622763423383
381,0.02260265647782944,0.01115559918434883,0.10879332646727562,0.018685727647971363,0.00970051416370552,0.017485003388719632,0.17263965345919133,0.13440100817242637,0.07677087970077992,0.36955037862062456,0.047173031885176894,0.01700725732371211,0.03870475050061941,0.0006826008809457933
382,0.01990981897979509,0.008969214784519864,0.1039060742361471,0.01803707437356934,0.009462762318435125,0.01659340360201895,0.17139226663857698,0.13356931902235375,0.07457306552678347,0.3656388446688652,0.046628758497536185,0.016324210539460184,0.03795538879930973,0.0006811376833522722
383,0.0216456099471543,0.00964288778413902,0.11451563769951463,0.018090686725918202,0.009467220414080657,0.016724243870703502,0.1641880704089999,0.12707065942231566,0.07400251347571611,0.3587449923157692,0.04608435668051243,0.01606114744208753,0.03778610844165087,0.0006796726980029447
384,0.020734378264751285,0.008987082350540732,0.11190468030981719,0.018199179315706714,0.009642213198821992,0.016935871343594044,0.1769081812351942,0.13813346815295519,0.07991009689867497,0.37513369917869566,0.04642520286142826,0.01664176336489618,0.03829002995043993,0.0006782059393566247
385,0.020314540874096565,0.00967227398105024,0.10099945643451065,0.01779978208942339,0.009316264049266465,0.01631421032943763,0.1670705212280154,0.12986231467220932,0.07323582246899604,0.3597360387444496,0.04583555618301034,0.01589430682361126,0.03735267641022801,0.000676737421889628
386,0.020728601262089797,0.009216925239525154,0.10956239500083029,0.018141741660656407,0.009630084483069368,0.016793095256434753,0.1711229383945465,0.13322902547661214,0.0764669006690383,0.36630697548389435,0.04661883488297462,0.01654200702905655,0.038267238065600395,0.0006752671600956289
387,0.021740683465031906,0.009870762539139832,0.11315928269177675,0.018096921732649207,0.009602705921861344,0.016855433111777528,0.16536480486392974,0.12779799066483974,0.07287368513643741,0.3632325902581215,0.046067010052502154,0.016110601788386702,0.03757607964798808,0.0006737951684855179
388,0.018923641322180627,0.0075264869772581735,0.10864040001761169,0.017502806265838444,0.009152900273329578,0.01604835883481428,0.1686863312497735,0.13118569650687278,0.07310430034995079,0.3625087782740593,0.046374171040952206,0.016113663231953977,0.037701251450926065,0.000672321461587258
389,0.023594763880828394,0.010658376035280526,0.12381494957953691,0.01810197939630598,0.009642665580031462,0.01691608855035156,0.16613144818693398,0.1283883140538819,0.074815814755857,0.36477626860141754,0.046550387144088747,0.016724869050085543,0.03820190420374274,0.0006708460539457411
390,0.01999757992452942,0.009573014427405723,0.09882544828578829,0.01771944630309008,0.009381572087295353,0.016362650436349213,0.17067697923630476,0.13274360063951463,0.07418680228292943,0.3667340874671936,0.04663758995011449,0.01636133547872305,0.03803795436397195,0.0006693689601226453
391,0.018280822335509584,0.007967091992395581,0.09780728833284229,0.017456271476112305,0.009193790709832683,0.01597057746257633,0.1652210971340537,0.1276065253186971,0.0725815862417221,0.36368304342031477,0.04609128916636109,0.016222317377105354,0.03794818110764027,0.0006678901946962898
392,0.023544588324148207,0.010837691427877872,0.12145190108567476,0.01838615009910427,0.009699172660475597,0.017277798015857115,0.16572330761700868,0.128123798139859,0.07449244000017644,0.3635362431406975,0.04595433250069618,0.016339927352964877,0.03815489774569869,0.0006664097722614928
393,0.020403644361067563,0.008789516583055957,0.1106462721247226,0.01805293101351708,0.009422082142555155,0.016773610620293766,0.17366027422249317,0.135684991593007,0.07363941911607981,0.36717260628938675,0.04675165805965662,0.01614949656650424,0.03833206836134195,0.0006649277074294259
394,0.022743422887288034,0.010194366819268908,0.11980670024640858,0.018656787200598046,0.009762508250423707,0.017695713561261074,0.17519040554761886,0.13719116448191926,0.079886825196445,0.367498479783535,0.04622833831235766,0.016241179127246142,0.03798397723585367,0.0006634440148274709
395,0.020215244311839343,0.00922588174471457,0.10428568276111036,0.018196311517385766,0.009843396622454748,0.01712954544345848,0.17847285307943822,0.13857588755199685,0.08209856655448675,0.38593452274799345,0.04763728706166148,0.01753829326480627,0.039500240702182055,0.0006619587090990742
396,0.017848789039999247,0.0075719363436292045,0.09739052045624703,0.017512461519800127,0.00937756841594819,0.016200954787200315,0.16729864478111267,0.12973636110546066,0.07752926014363766,0.3632454887032509,0.04597380021587014,0.01591307269409299,0.03761148788034916,0.0006604718049036041
397,0.01851786106126383,0.00723742191112251,0.10739205109421164,0.017615349049447105,0.009446346608456224,0.016358189639868216,0.17186268270015717,0.13312647931743413,0.07706567607820033,0.3747321516275406,0.04667103448882699,0.016478400537744166,0.03814881918951869,0.000658983316916205
398,0.018691630073590204,0.008549843023502035,0.09605100662447512,0.01751236356794834,0.009321955320774577,0.016102826740825547,0.16912163756787776,0.13136397316120565,0.07320542596280574,0.36508987098932266,0.046375670749694106,0.01605814937502146,0.037675048597157,0.0006574932598276518
399,0.018716449668863787,0.008204349447623827,0.0997359643690288,0.017632312490604818,0.009292856050888077,0.01637358369771391,0.16592626180499792,0.12879642428597435,0.07227556686848402,0.35890549421310425,0.04599837055429816,0.01596593433059752,0.037350494787096976,0.0006560016483442069
400,0.020678519841749222,0.008704146733725793,0.11416177984792739,0.018033842975273728,0.009875913787982426,0.016957940877182408,0.1677970437332988,0.12991880858317018,0.07370053566992282,0.36608218103647233,0.04689115108922124,0.0166095154825598,0.038146238029003146,0.0006545084971874732
401,0.016511457838350906,0.006983886079251533,0.08998110794927924,0.01724460074910894,0.009228440589504316,0.015877483336953446,0.16828838028013707,0.13019449927378446,0.07330754362046718,0.36821750104427337,0.047029453236609696,0.01657710885629058,0.03835623189806938,0.0006530138210942499
402,0.017922421474941073,0.007690823066150187,0.09695047955028713,0.017486460076179357,0.009341060268343426,0.016207959328312427,0.17304000295698643,0.1348556722397916,0.07990702018141746,0.3692896246910095,0.0463466415181756,0.016421632934361698,0.038251221366226676,0.0006515176348163865
403,0.01926389685831964,0.008275063245491765,0.10440112266223878,0.017875474522588773,0.009560575897921808,0.01671800182084553,0.17017796747386454,0.13186894074315206,0.07619700077921152,0.3703300774097443,0.04703348269686103,0.01676736297085881,0.03864200841635466,0.0006500199531206377
404,0.018165814346866684,0.007795248534239363,0.09834868984762579,0.017557794833555816,0.009227036061929539,0.01622521461104043,0.17531354501843452,0.13717008675448597,0.07773815337568521,0.36880137026309967,0.046674576681107284,0.01649166881106794,0.03827442703768611,0.0006485207907885169
405,0.01932093392824754,0.007878891539439792,0.10898380456492304,0.01771681191166863,0.009466272819554433,0.01649174587801099,0.1691357871517539,0.13130254773423075,0.07638263031840324,0.36557053178548815,0.04714629463851452,0.016663254844024776,0.03858095966279507,0.0006470201626161514
406,0.01932479504030198,0.00812756105005974,0.10648335865698755,0.017934134090319277,0.009510754328221082,0.016931172384647652,0.17273866906762123,0.1342116741114296,0.07717643193900585,0.3725297063589096,0.04689514869824052,0.016805909061804413,0.03868658365681767,0.0006455180834141354
407,0.01788140058051795,0.007417822469869861,0.09931212151423097,0.017468414496397598,0.009149867086671292,0.01620289732236415,0.16862058509141206,0.13088505612686277,0.07521275933831931,0.364937724173069,0.04613773291930556,0.015950163127854466,0.037528904341161254,0.000644014568007384
408,0.019358491426100955,0.007744181152884266,0.11068588104099035,0.017828813567757607,0.009457279930938967,0.01671087458380498,0.17379100434482098,0.13543031703447922,0.07679506577551365,0.3710287809371948,0.04659884162247181,0.016291698161512613,0.03807003190740943,0.0006425096312349875
409,0.017183856590418146,0.007169892720230564,0.09474240434356034,0.0176917853532359,0.009294375139870682,0.016399347281549126,0.18425091095268725,0.14518644618801774,0.0819186244159937,0.3777656346559525,0.04770570797845721,0.016689307941123842,0.039138258434832096,0.0006410032879500642
410,0.02249340329435654,0.009866301710098923,0.1205762593774125,0.01846491017495282,0.010008865827694535,0.01752639896585606,0.1695449512451887,0.13171071315882726,0.07665946893393993,0.365794363617897,0.04649835880845785,0.016241929586976768,0.038228370063006875,0.0006394955530196142
411,0.020015646575484426,0.008600736569133006,0.10847449812572449,0.01828746003448032,0.010085547438939102,0.01742574404925108,0.17716368120163678,0.13873388178180904,0.07795919440686702,0.37151042819023133,0.047037810832262036,0.016899980185553432,0.038823163323104384,0.0006379864413243723
412,0.016744625632418318,0.006632487849856261,0.09586580365430564,0.01709357023355551,0.00918430196470581,0.015762651094701142,0.16641366425901652,0.12900715534342452,0.07296900656074286,0.36172890812158587,0.04594381097704172,0.01573694497346878,0.03705781698226929,0.0006364759677586621
413,0.01536459863127675,0.006307656232456793,0.08543585110455751,0.016761269845301286,0.008906587629462592,0.015237410913687199,0.16725256033241748,0.12966876381542533,0.07210608348250389,0.363400898873806,0.04627006249502301,0.015915095433592798,0.037471712846308944,0.0006349641472302475
414,0.016880670690443366,0.006955505701080255,0.09398509883321822,0.017200739606050775,0.009132017588126474,0.015818365738959984,0.16773354467004536,0.13003126289695502,0.07407207693904638,0.36446899026632307,0.04660549834370613,0.016163757629692556,0.03796754106879234,0.0006334509946601873
415,0.0169964665081352,0.0069080869783647355,0.09560071211308241,0.01720524996635504,0.009210155808250419,0.01603864916251041,0.1702486179769039,0.13265337250195444,0.07394420523196459,0.3634325087070465,0.0466308606788516,0.015968655329197647,0.03780636871233582,0.000631936524982686
416,0.017785613122396172,0.006793580576049863,0.10472595889586955,0.017035766068147495,0.008936062597786076,0.0157598462770693,0.16502044647932052,0.12782253411132843,0.07207143567502498,0.35963477194309235,0.04591794740408659,0.0158039188478142,0.03742432268336415,0.0006304207531449479
417,0.01838425756432116,0.0074776353945708255,0.10372987401206046,0.01735835262807086,0.009323385040624998,0.016265265282709152,0.20429225116968155,0.16106283485423772,0.09183893576264382,0.4184338256716728,0.049599193036556244,0.01970215868204832,0.042862999718636274,0.0006289036941070295
418,0.022122954606311397,0.010362177305796649,0.1118896743748337,0.018671126262051984,0.009919345955131576,0.017800161888590082,0.1710203630849719,0.1332280079019256,0.0750869506970048,0.36531583666801454,0.04673013212159276,0.016308288276195525,0.038123747892677785,0.0006273853628416907
419,0.0215528441243805,0.009522995311999693,0.11464294530451298,0.018384515366051346,0.009893185913097114,0.017629264714196326,0.1768702944740653,0.13819429310970008,0.08342065755277872,0.37377746105194093,0.047656023129820826,0.017256594449281692,0.03932697102427483,0.0006258657743342481
420,0.018282658589305355,0.007464653144415934,0.10274662799201906,0.017577977769542487,0.00958914565271698,0.01658285444136709,0.16800529807806014,0.13051926537882536,0.07441388741135598,0.36224478036165236,0.04680275609716773,0.016274833120405674,0.038018839154392484,0.0006243449435824269
421,0.017925483745057137,0.007340780999038543,0.10045368240680545,0.017488639708608388,0.00947806763870176,0.016406280570663512,0.16865062676370143,0.13096592254005374,0.07323206104338169,0.36418038606643677,0.046898160595446825,0.016434972593560814,0.03804338648915291,0.0006228228855962129
422,0.018596464322763497,0.007219293341404409,0.1085073274327442,0.017112445511156694,0.009209463563456666,0.016003046825062484,0.1744842618703842,0.13619959941133858,0.07911259196698665,0.37006661146879194,0.04696733895689249,0.016932676453143357,0.03862390983849764,0.0006212996153977034
423,0.018293321988312527,0.007620267609672738,0.10136713199317456,0.017477642721496524,0.009339411879773251,0.016397800098638983,0.16259130351245404,0.12568009640090166,0.07220419365912675,0.356753708422184,0.045889899507164954,0.015901904832571746,0.037349995225667953,0.0006197751480209606
424,0.016489156504394486,0.006303466121607926,0.09670905044768005,0.016905636840965597,0.008833622315432877,0.01558378859772347,0.16909116003662347,0.13141719738487154,0.07430995274335146,0.364167220890522,0.046545501425862314,0.01631671218201518,0.03806422231718898,0.0006182494985118621
425,0.016873625834705308,0.0063186498387949545,0.10035204684827477,0.016938119707629085,0.009050436422694475,0.0156475534546189,0.16991192400455474,0.13142291236435993,0.07559358682483434,0.3722459599375725,0.04670889507979155,0.016511795856058598,0.03824541112408042,0.0006167226819279525
426,0.016206283026258463,0.006408426235429943,0.09277402614243328,0.01695560125517659,0.009067100350512192,0.0156968628463801,0.16302212979644537,0.12578153973445297,0.07241531331092119,0.3601480916142464,0.04566044416278601,0.015628551272675394,0.03702470511198044,0.000615194713338295
427,0.01707489697728306,0.005858334547156119,0.10702396724373102,0.016848191781900824,0.008860072161769494,0.015494567278074101,0.16733997967094183,0.12980103495065123,0.07297384701669216,0.36283499002456665,0.04665686795488,0.01611552443355322,0.03789386060088873,0.0006136656078233229
428,0.016018918200279585,0.006256372777352226,0.09247207872103899,0.016759963129879908,0.009006895511993207,0.015432325389701873,0.17129671685397624,0.13300483395578339,0.07643399387598038,0.3701825514435768,0.04697267860174179,0.016708541475236417,0.03853350151330233,0.0006121353804746904
429,0.01710596204502508,0.0062648462757351805,0.10321991329547017,0.01686802721233107,0.009088182760751806,0.015580365643836558,0.16629313621670008,0.1287949946941808,0.07245066259056329,0.36243335753679273,0.046696935780346394,0.016043382370844482,0.03788500959053635,0.0006106040463951233
430,0.01841302542597987,0.0062095492548905895,0.11690795810427516,0.016666152043035252,0.008967851687339134,0.015257007937179878,0.16981319673359394,0.13205020487075672,0.07583492826670409,0.3651984065771103,0.046185987256467345,0.01597172087058425,0.03767924150452018,0.0006090716206982711
431,0.01581394468084909,0.005674671979795676,0.09631151861976832,0.016551811422687024,0.008854227216215805,0.015177743876120076,0.16779339648783206,0.1299706197809428,0.07823208831250668,0.36586571037769317,0.04607087057083845,0.015739241568371653,0.03741394402459264,0.0006075381185085564
432,0.016434753692010418,0.006258361604704987,0.09667245117016136,0.016687803872628137,0.008769540037610568,0.015297199686756358,0.16632900182157756,0.1283714420744218,0.07309275586158037,0.3669690415263176,0.046662498451769355,0.016370257036760448,0.03805426843464375,0.0006060035549610271
433,0.015620794362621381,0.005603350440651411,0.09507081464398652,0.016585983405821025,0.008932130879838952,0.015163562155794352,0.16639382783323525,0.12844859627075494,0.07369389347732067,0.3669700548052788,0.04634348303079605,0.016067767702043056,0.03773730136454105,0.0006044679452012055
434,0.017663601943058892,0.006995768539854908,0.10141728341113776,0.016956813615979626,0.009348424410563893,0.015709288557991384,0.1677097048610449,0.12980724435765295,0.07446376159787178,0.3664548501372337,0.046445685997605325,0.016403117030858994,0.0381285173818469,0.0006029313043849404
435,0.018198799644596874,0.007677194719326508,0.09994681857060642,0.017008395073935388,0.009337742257048375,0.016022421553498135,0.1735205952078104,0.13541793402982877,0.07718980070203543,0.36829952597618104,0.047004608996212484,0.01663079122081399,0.03871679212898016,0.000601393647678256
436,0.01776583059108816,0.0062543951062252745,0.10992572691757233,0.01681501055136323,0.009128124837297946,0.015538792381994427,0.16708478201180696,0.12946472584735602,0.07170765772461891,0.3637024313211441,0.04654542673379183,0.015945187723264097,0.037537327688187364,0.0005998549902572033
437,0.01677260717842728,0.006453649139257322,0.09805863185320049,0.016652204224374145,0.00900252393912524,0.015272220771294087,0.1677434215322137,0.13007886932464316,0.07229199465364218,0.3642687529325485,0.04600888006389141,0.015874835662543774,0.0373925244435668,0.0005983153473077097
438,0.016181094598141498,0.006628894248933648,0.0904245784971863,0.016555964009603484,0.008931150147691368,0.015197797660948708,0.17423573099076747,0.13579744754824788,0.07919760718941689,0.3716084286570549,0.04715705011039972,0.016714697564020754,0.03876022594049573,0.0005967747340254299
439,0.0188724577834364,0.006950734857673524,0.11393111967481673,0.017244702007155867,0.009185840401914901,0.016161270515294746,0.168727283552289,0.13100917501142248,0.07363565303385258,0.36467015594244,0.046525351237505674,0.016029402054846285,0.03785648252815008,0.0005952331656155947
440,0.017453464760910718,0.0067569248509244065,0.10183005752041936,0.01685630076681264,0.008820405203732663,0.015691275981953367,0.1758888501673937,0.13708434528671204,0.07693035937845707,0.3754455730319023,0.04661657232791185,0.01638076901435852,0.038377723563462494,0.000593690657292862
441,0.01669387147994712,0.006649016423034481,0.09531410550698638,0.016774196265032515,0.008898027022951283,0.01554873259156011,0.1662140740081668,0.12892660135403275,0.07172577437013387,0.3605145886540413,0.04591686865314841,0.015883739199489356,0.03754981989040971,0.0005921472242811663
442,0.016605564561905338,0.006586126131514903,0.09502004510723054,0.016862551600206645,0.009009133324434515,0.015728554426459596,0.1694598525762558,0.13164053087821231,0.07353917248547077,0.36556859463453295,0.046885328367352486,0.016237842477858068,0.03829650096595287,0.0005906028818135683
443,0.016247020161245018,0.006223114191743662,0.09513667980208992,0.016702631145017223,0.008809256099630148,0.015455153380753473,0.16713451109826566,0.1298956364276819,0.07107446659356356,0.3600632414221764,0.04593239314854145,0.015695049567148088,0.03698511673137546,0.0005890576451321047
444,0.013681186846224592,0.004833614960080013,0.08355768064502626,0.01610681646852754,0.008483367337612435,0.014552195917349308,0.16390440315008165,0.12663701438577846,0.07202396504580974,0.3603286683559418,0.0459729396738112,0.01575321601703763,0.03705318747088313,0.0005875115294876377
445,0.01771734007052146,0.006827732004967402,0.10378971309401094,0.016584893595427273,0.008946924169140402,0.01536385810468346,0.1695826815441251,0.13144765113247558,0.07547081317752599,0.3685704663395882,0.04719198411330581,0.016707229474559427,0.03840656066313386,0.0005859645501397045
446,0.014494782453402877,0.005077204389272083,0.08922397010028363,0.016115272213937715,0.008643769394257105,0.014672220160719007,0.16553813517093657,0.12814974618377165,0.07232978455722332,0.3614734336733818,0.046146543510258195,0.015905631938949227,0.03751612333580852,0.0005844167223563666
447,0.01594945036340505,0.00577031839202391,0.0967944742878899,0.016201103373896332,0.008783117760322057,0.014970011211698876,0.17436428405344487,0.1362690402427688,0.07981464844197035,0.36845947802066803,0.046173345297575,0.016291619557887316,0.03816553652286529,0.0005828680614140596
448,0.01957770061562769,0.008436046795031871,0.10587851353920996,0.01776853103656322,0.009921584537369198,0.017126632016152145,0.18148758113384247,0.14132302962243556,0.0805659094825387,0.38819259256124494,0.0492426086217165,0.018021908262744545,0.04115806892514229,0.0005813185825974415
449,0.016888425272190942,0.006743298505898565,0.09611731958575546,0.017371507204370574,0.00929822373436764,0.016396852652542294,0.17144134342670442,0.13375339293852448,0.07572945095598697,0.3643777668476105,0.0463540374301374,0.016154509829357268,0.037950290460139514,0.0005797683011992427
450,0.015565399348270148,0.005867043234684388,0.09178254143334925,0.016797593544470146,0.009207488980609923,0.015780100936535747,0.1838624369353056,0.1430478006717749,0.08250573296099901,0.3951892226934433,0.0472754281014204,0.017510237731039525,0.03962724814191461,0.000578217232520115
451,0.016183851077221333,0.006022831255722849,0.0965188751462847,0.016472179163247346,0.008984431314456743,0.015374565310776234,0.1683017812669277,0.13058257955126465,0.07429003585129976,0.36462280303239825,0.04650231366977096,0.01634347471408546,0.038060567900538446,0.0005766653918684798
452,0.015590096754021943,0.006026517638565565,0.09058066431898623,0.016467828466556967,0.008807798931957222,0.015218261102563701,0.1660060092806816,0.1286871597985737,0.07347204294055701,0.36069637537002563,0.04639855669811368,0.016061894362792373,0.037643881514668465,0.000575112794560378
453,0.01519997013383545,0.005701312499513733,0.08994766073301434,0.016433687281096353,0.00876088330114726,0.015030645031947643,0.1656831156462431,0.12815449095796794,0.0724944731220603,0.36277719885110854,0.04628679286688566,0.016258482215926053,0.037672129832208155,0.0005735594559193181
454,0.015094157555722632,0.006263328155546333,0.08326866871211677,0.016396022884873674,0.00880210207105847,0.015153660986106843,0.16758581530302763,0.130086313188076,0.07291723247617483,0.3626137927174568,0.04591994537040591,0.015986273903399704,0.03752734810113907,0.0005720053912761255
455,0.015270779369166121,0.005981120663454931,0.08793597475159913,0.01622399699408561,0.008579056485905312,0.014821692288387566,0.1661984695121646,0.1290027546347119,0.07209558878093958,0.3596289768815041,0.04587493035942316,0.01576601080596447,0.03727959245443344,0.0005704506159687907
456,0.014547378808492795,0.00510853611795028,0.0894557513995096,0.016143985331291334,0.008519387111300602,0.01478615818778053,0.16575988922268153,0.12839462214615197,0.07147017810493708,0.36128841042518617,0.046078138239681724,0.01574293915182352,0.03727865954861045,0.0005688951453423185
457,0.01573425109672826,0.005808921118295984,0.0942976353224367,0.01624331541243009,0.008535001156269572,0.01477731015183963,0.1746283181011677,0.13577374893939123,0.08040991444140673,0.37576472759246826,0.047035553772002456,0.01686933864839375,0.03875798182561994,0.0005673389947485757
458,0.014302724105073139,0.005114390927519708,0.08691339667420835,0.016193557309452444,0.008656104691908695,0.014851918106433003,0.16614989712834358,0.1288995062932372,0.0715517109259963,0.3601847842335701,0.04595601744949818,0.01563952616415918,0.03710738765075803,0.0005657821795461407
459,0.014377209517988376,0.004860914945311379,0.09035718913655728,0.015718797798035665,0.008309979888144881,0.014277047716313973,0.16511574909090995,0.12796742664650082,0.07075132727622986,0.3591214790940285,0.045932368375360966,0.015876358235254885,0.03730855006724596,0.0005642247151001509
460,0.01345946129586082,0.004325221765247989,0.08654553873930126,0.015637306775897742,0.00834695910452865,0.014112207281868905,0.16785836946219207,0.12988951511215419,0.07764981798827648,0.3671975344419479,0.04638197580352425,0.016073117265477777,0.03782006911933422,0.0005626666167821515
461,0.014592050347710028,0.004922214387261192,0.09183483382221311,0.01584040800225921,0.008477211659192107,0.014568216528277843,0.16556508038192988,0.12816698807291688,0.07345576081424951,0.3616278976202011,0.04586287941783666,0.015902169235050678,0.03760404586791992,0.0005611078999699441
462,0.014628099097171799,0.005303470810213184,0.0883027080912143,0.01597490538842976,0.008742959779920057,0.014703189436113462,0.16912398114800453,0.13115619898308067,0.07329607903957366,0.3668606266379356,0.047259277664124966,0.016826620697975157,0.038656529039144516,0.0005595485800474343
463,0.015567057637963445,0.00601231024156732,0.09040621346794069,0.01648751276079565,0.009218783996766433,0.015486593247624114,0.17625393643975257,0.13821649459423496,0.0786226823925972,0.3678658202290535,0.046235887426882984,0.016306724539026617,0.03818341623991728,0.0005579886724044802
464,0.01320877691032365,0.0048401678661321055,0.07882451531477272,0.015715056902263314,0.008592820045305417,0.014321980410022661,0.1787558238953352,0.1393708336749114,0.08058786429464818,0.3808783769607544,0.04725959049537778,0.017598031973466276,0.03964296896010637,0.0005564281924367402
465,0.015012348355958239,0.0055597053975361636,0.08957845156546682,0.015942090126918627,0.008797791955294088,0.014751529996283352,0.17170359306037425,0.13390654331305996,0.07541563827544451,0.3655019536614418,0.04614464463666081,0.016198273934423923,0.03791293147951365,0.0005548671555455221
466,0.015051846145070158,0.005811297795298742,0.08741524210199714,0.01608673409791663,0.008864470361731946,0.01497363555827178,0.18060723096132278,0.14111249749548732,0.08126940503716469,0.38204124867916106,0.047216796409338714,0.017313642939552665,0.039453299902379516,0.0005533055771376294
467,0.015513523170375266,0.005696307855760097,0.09323809542693198,0.01600503955851309,0.008665235483204015,0.01473020858829841,0.16429937966167926,0.1272248774417676,0.07108488585799932,0.3585796758532524,0.04535890743136406,0.015467842621728779,0.036645425297319886,0.0005517434726252107
468,0.017807251046178862,0.006542997358701541,0.10732712864410132,0.01709199038450606,0.009485044726170599,0.016313825343968347,0.1644067235291004,0.12667186813196168,0.07580079305917024,0.3647402212023735,0.04650507066398859,0.01653662947937846,0.038294811453670266,0.0005501808574256068
469,0.01708683023462072,0.007148997599688301,0.09422473467420786,0.01682368667097762,0.008944261455326341,0.015766123938374222,0.1629092738032341,0.12562840196769684,0.07109114117920398,0.36036272048950196,0.046095567662268876,0.016134164249524473,0.03752405187115073,0.0005486177469611992
470,0.01452078267466277,0.005073074886604445,0.0895791488699615,0.015941907709930092,0.008547733371960931,0.014690431742928922,0.16808850057423114,0.13046897808089852,0.0731312908232212,0.36377623230218886,0.046123186312615874,0.01597161227837205,0.037618523091077806,0.0005470541566592566
471,0.017323507272521965,0.006573931069760874,0.10255652209743857,0.016060201422078535,0.008636001800186931,0.015002372406888754,0.16933404393494128,0.1316882657352835,0.07501974310725927,0.36401456892490386,0.04606395829468966,0.01615215986967087,0.03779126079753041,0.0005454901019517844
472,0.01798699944047257,0.007481238100990595,0.09986151033081114,0.016694371768971907,0.009286142641212792,0.015856615832308307,0.16907571349292994,0.13130866207648068,0.07533090952783823,0.36524912267923354,0.045950476359575984,0.016156425420194864,0.037909569777548315,0.0005439255982753712
473,0.015636332693975418,0.0055932946686880316,0.09550460604950786,0.01586579285794869,0.008763069700216874,0.014701290882658213,0.16555651966482401,0.1281308181816712,0.07194873988628388,0.3619209200143814,0.0459265511482954,0.015754026547074317,0.03720768867060542,0.0005423606610710361
474,0.013362951469025575,0.00462096548453701,0.08257476696744562,0.015727375459391624,0.00849808475759346,0.014307508268393576,0.16841995865106582,0.13065501102246344,0.0736431846395135,0.36522583216428756,0.046034992579370736,0.01608311841264367,0.037498499173671006,0.0005407953057840783
475,0.01486466508358717,0.005644296327409393,0.0873283475637436,0.015814617241267113,0.008562075812369585,0.014578898361651226,0.166637990064919,0.129226368595846,0.07219646405428648,0.3616956755518913,0.046109786722809076,0.015993302781134845,0.03751514758914709,0.000539229547863922
476,0.013802763738203794,0.0044231209480130925,0.08905102042481303,0.015492930862819776,0.008234095046645962,0.01401077484479174,0.16602280531078578,0.12860723074991257,0.07297537587583065,0.3618386939167976,0.045739709958434106,0.01584578864276409,0.037322025094181296,0.0005376634027639659
477,0.01284635930787772,0.004076876366525539,0.0830101425293833,0.01523221296374686,0.008191206061746925,0.01370054185972549,0.1669207526370883,0.12939587315777318,0.07301008813083172,0.3629177168011665,0.045760249719023705,0.015895147807896137,0.03740100767463446,0.0005360968859414298
478,0.01391717221122235,0.0045538463302364105,0.08887941588182002,0.01551202208502218,0.008257185557158663,0.013989473838591948,0.16609786804765464,0.1280921395868063,0.07218653466552497,0.3675412878394127,0.046492918860167265,0.01608674884773791,0.03778390232473612,0.0005345300128572025
479,0.012836036799126305,0.003937781603235635,0.08432627692818642,0.015199973090784625,0.008081395903718657,0.013641320465831086,0.16965849716216325,0.13148144234437495,0.07325077839195729,0.36922927349805834,0.04665942946448922,0.016046763258054854,0.03792615067213774,0.0005329627989756883
480,0.013306349253980443,0.005068582934654842,0.07759919911623,0.015547005855478347,0.008345304473186843,0.014216480124741793,0.16778953596949578,0.12975751077756287,0.07382349092513323,0.36779624968767166,0.046287756972014905,0.016332125244662165,0.03833665046840906,0.0005313952597646562
481,0.014281017315806822,0.005127963019185699,0.08671443418134003,0.015560787095455452,0.008519748435355723,0.014426938176620751,0.16976518761366605,0.13185605339240283,0.07486371081322432,0.36661757081747054,0.046309237368404865,0.016059566335752607,0.03784211566671729,0.0005298274106950849
482,0.013610334735130892,0.004484314743422146,0.0865142592927441,0.015422517602564767,0.008307177061215042,0.014107316749868915,0.16306638848036528,0.1259558739606291,0.06966587956994771,0.358866311609745,0.04550567995756864,0.015688258595764636,0.03703959817066789,0.0005282592672410118
483,0.012656319493544288,0.004100064456542896,0.08088875792454928,0.015202088095247746,0.00816686377802398,0.013731446210294962,0.16450090985745192,0.12736426250776275,0.06999608222395182,0.358963780105114,0.04611752443015575,0.015896070981398225,0.037539273500442505,0.0005266908448793798
484,0.012909911086899229,0.004211096588369401,0.08229553094133735,0.015269135899143294,0.008193925867090002,0.013707060669548809,0.1722553951665759,0.13418647939106448,0.07581597603857518,0.3679119378328323,0.04700070656836033,0.01688547572121024,0.03892414150759578,0.0005251221590898843
485,0.011752824601717293,0.003976738102937816,0.07311946745030581,0.015118513582274317,0.008088470908114686,0.013551170931896195,0.1630861395969987,0.1256641538348049,0.07070553936064243,0.36174153834581374,0.04605888137593865,0.016332875192165374,0.03787067653611302,0.0005235532253548208
486,0.012738261697813868,0.0037833984404642253,0.08487665699794888,0.015251336881192401,0.00810853149741888,0.013631150373839773,0.1686118481680751,0.1307085193810053,0.07320492062717676,0.3665083169937134,0.04659074116498232,0.016034290147945284,0.037982817832380535,0.000521984059158932
487,0.013029013833147474,0.004237700208796014,0.0831757745705545,0.015347909944830462,0.008338893062318675,0.013914766168454662,0.16672122050076724,0.1290966108907014,0.07055114861577749,0.36378748416900636,0.046126462426036595,0.016166630666702986,0.037722105905413625,0.0005204146759892546
488,0.01304246264626272,0.0043369309363697536,0.0822869147406891,0.01545083918608725,0.008391169519745745,0.01423704148037359,0.17454447634518147,0.13641316526336594,0.07630712073296309,0.3686551168560982,0.046484011318534614,0.016805747570469976,0.03877480421215296,0.0005188450913349667
489,0.0165185228921473,0.006480561853823019,0.09526302439626307,0.01647117612301372,0.00911174037901219,0.015615985920885578,0.16582853794097902,0.12837720150128007,0.07233538553118705,0.3620680972933769,0.04615666177123785,0.016069612465798855,0.03777917167171836,0.0005172753206872356
490,0.013627278321655467,0.004378795932825597,0.0875955514376983,0.01580298289190978,0.0086433731863508,0.014655901963124052,0.1671726232394576,0.1296234952751547,0.07211222276091575,0.3629875183105469,0.04638256784528494,0.01613629418425262,0.03791411826387048,0.0005157053795390636
491,0.01624023146578111,0.00642016245474224,0.09331658796872944,0.01576039722422138,0.008660108782351017,0.014723613619571552,0.16590346209704876,0.12836819562362506,0.07243560217320918,0.3628433883190155,0.046262670122087,0.016283855633810164,0.03808390023186803,0.000514135283385136
492,0.015732254268368707,0.00609682116064505,0.09137087680865079,0.016196235013194383,0.008721028920263052,0.01519280435750261,0.16848101150244474,0.1307534672319889,0.07507437877357007,0.36474232077598573,0.04637721087783575,0.01628838386386633,0.038285141717642544,0.0005125650477216682
493,0.01660129992524162,0.006285143034801877,0.09810530846007168,0.01646260414272547,0.008818696936941706,0.015455621632281692,0.16908527072519064,0.1314661926822737,0.07463245708495378,0.36379886120557786,0.046018773876130584,0.015940685104578734,0.03762552961707115,0.000510994688046252
494,0.01273037361970637,0.0046360398258912024,0.07619938009884208,0.015409953077323735,0.008309829724021256,0.014059588051168248,0.16712839920073747,0.12919699184130878,0.07366465553641319,0.36666456162929534,0.04686448872089386,0.016383259510621428,0.03836291925981641,0.0005094242198577035
495,0.013061854327679612,0.004234973981328949,0.08355547995306552,0.015315968228969723,0.008250638071331196,0.01398717830015812,0.16717984527349472,0.12965259074699134,0.07274272404611111,0.36276852935552595,0.0462395217269659,0.016280351812019943,0.03786247624084353,0.0005078536586559097
496,0.013902256940491497,0.004555611213618249,0.0887473737820983,0.015291767427697778,0.008303635357879102,0.014017975109163671,0.17169759310781957,0.13384069317253305,0.07553195878863335,0.3661392852663994,0.045994762983173135,0.0161538930144161,0.03767914772033691,0.0005062830199416756
497,0.011462262383429334,0.003583495160819439,0.07418842446058989,0.014943399355979636,0.008052842182223685,0.013428411027416588,0.1640451181679964,0.1269302151282318,0.07312220130115747,0.3589232966303825,0.04536657612770796,0.015762227308005094,0.03711816528812051,0.0005047123192165713
498,0.012393581165815704,0.0038213077315958797,0.08109506973996758,0.015027678763726727,0.008110639778897167,0.01352592563489452,0.1679636249318719,0.13030289839953185,0.07054374124854804,0.3641523808240891,0.04630409833043814,0.015970254503190517,0.03741472726687789,0.0005031415719827789
499,0.012176075976458377,0.003904567563222372,0.07818086105398833,0.014773479365976528,0.007897628317005,0.013106397463707254,0.17169435638934374,0.13382470555370674,0.07646300606429576,0.36618367284536363,0.04633647482842207,0.016227582981809974,0.03813639786094427,0.0005015707937429391
500,0.013396643515443429,0.004772737287930795,0.08150657427031546,0.015252437366871163,0.008410005253972485,0.014063295273808762,0.1627331105992198,0.12533792096655816,0.07459348551928997,0.36152408123016355,0.04592424025759101,0.016214791825041174,0.03790719266980887,0.0004999999999999994
501,0.012878469115821644,0.004075724218637333,0.08332882935646921,0.015168529673246667,0.00832456152420491,0.013823430420598016,0.16404891051352025,0.12677110963268207,0.07002298813313246,0.3602768838405609,0.04634547922760248,0.016160153923556207,0.03760197516530752,0.0004984292062570596
502,0.010788932931609452,0.0031639422155421925,0.07173251807689666,0.01462316262186505,0.007963779772398993,0.013052849046653136,0.16390166860073804,0.12664834522875026,0.07089588399976492,0.3601282387971878,0.04601261578500271,0.01601215419359505,0.037567928340286015,0.00049685842801722
503,0.01216544141061604,0.003596866208681604,0.0811209129402414,0.014773381646955385,0.008050808662665077,0.01329791736206971,0.163295372761786,0.1263171394355595,0.06929598134011031,0.3575867280364037,0.04541845666244626,0.015559524530544877,0.03671714700758457,0.0004952876807834274
504,0.011760465186671353,0.0034155084749727394,0.07892740475945174,0.014639251347398385,0.007971557349083013,0.013074512657476589,0.16675937939435242,0.1293725272989832,0.0715274753049016,0.3614029288291931,0.04620870016515255,0.016119243996217846,0.03756057480350137,0.0004937169800583231
505,0.011912913844571448,0.0036941187228876514,0.07765944430138916,0.014689614670351148,0.007952913813642225,0.01327711446210742,0.16534952782094478,0.1278551332419738,0.07282032221555709,0.3625516891479492,0.04605645937845111,0.015904757753014566,0.03749062987044453,0.0004921463413440891
506,0.01227459943620488,0.003999346419732319,0.07816626867279411,0.014885599142871797,0.008045697113266215,0.013431986281648278,0.16945713125169276,0.1321119355270639,0.0748075045645237,0.3610426291823387,0.04593232441693544,0.016114318557083607,0.03794147102162242,0.0004905757801422952
507,0.012898816369124688,0.004287012617533037,0.08142737073358149,0.015134709741687402,0.008318612689618022,0.013955045252805576,0.166553164832294,0.12920853870455176,0.0715569294989109,0.36097887307405474,0.046263170801103114,0.016073788143694402,0.03774777315557003,0.0004890053119537468
508,0.01316227892821189,0.004926643019098264,0.07774148879107087,0.014958981098607183,0.00811536117689684,0.013579350610962137,0.16871713027358054,0.1309787576436065,0.07344559039920569,0.3647922173142433,0.046671124268323184,0.01628610286861658,0.03824205351993441,0.00048743495227833065
509,0.011634225281886757,0.003613967356614012,0.07562455614097416,0.014829504495719448,0.008060599109739996,0.013395980646600946,0.1690274516120553,0.13114899809006603,0.0759654188528657,0.3663586601614952,0.046043571271002295,0.01608604327775538,0.03791652768850327,0.0004858647166148628
510,0.011652404387132265,0.003193000716419192,0.08012090246193111,0.014526554720941932,0.007839117804542184,0.013035620976006612,0.16293658670037986,0.12590261067962275,0.069495789706707,0.3581107869744301,0.04552997807040811,0.015614898782223463,0.03685039263218641,0.00048429462046093526
511,0.011202313558897004,0.002929880856208911,0.07829021394718438,0.014395467442227527,0.007775092581869103,0.012778106151381507,0.16300736218690873,0.12589433327084407,0.06939357835799456,0.35882692635059354,0.04567613676190376,0.015840823529288173,0.037202198058366776,0.0004827246793127634
512,0.011206302727805451,0.0034202916196591103,0.07333384712692351,0.01471318603726104,0.007918133799103088,0.013209140236722306,0.16431101374328136,0.12717253242153675,0.06979500949382782,0.3590209648013115,0.045982151105999944,0.015836939588189124,0.03757804725319147,0.00048115490866503213
513,0.012874209819710814,0.004197738714356092,0.08215733277611434,0.015050698386039585,0.00798618892149534,0.013812094641616568,0.16702416948974133,0.1292901016655378,0.07205501161515712,0.3647976487874985,0.046370398439466956,0.016344622895121574,0.03795659700408578,0.00047958532401074443
514,0.014785395402577705,0.005500875769939739,0.08810320633929222,0.015382831415627152,0.008327125242794864,0.014267746155383065,0.16723840720951558,0.1298730455688201,0.07107761837542056,0.3612431839108467,0.046083048731088636,0.015969266789034008,0.03754920279607177,0.0004780159408410671
515,0.011597631764016115,0.0035216894229961326,0.07618989099282772,0.014812744519440457,0.008034914385643788,0.013495453738141806,0.16404991149902343,0.12697942942613735,0.07047963496297598,0.3582829475402832,0.04601917965337634,0.0160904701333493,0.037447478529065846,0.0004764467746451781
516,0.012987394889933057,0.003663322557349602,0.0887124907458201,0.014682844211347402,0.007958309055538848,0.013326127821346744,0.16312582977116108,0.1261126913013868,0.06876198463141918,0.3578291445970535,0.0457571079954505,0.015753939049318433,0.037205660808831455,0.0004748778409101148
517,0.010025628664880059,0.002856914607582439,0.06729210647754372,0.0142596302612219,0.007715534014278091,0.012681198009522632,0.1630650281906128,0.1258024047478102,0.07260249070823192,0.36032413095235827,0.04567352496087551,0.01583685833029449,0.03715299600735307,0.0004733091551206193
518,0.011195856722770259,0.0029523213610445965,0.07801015169825405,0.014396051457151771,0.007729945599567145,0.012903589324560016,0.16376007813960314,0.1265769334277138,0.06976682431995869,0.3594516232609749,0.04598201494663954,0.015916916402056815,0.037430936470627785,0.0004717407327589873
519,0.011081355082569643,0.0032346952519219487,0.07399440770968795,0.014559564576484264,0.007801391296379734,0.013129119205405004,0.1633441735059023,0.12639252268709242,0.06902695633471012,0.3572213813662529,0.04567557796835899,0.015800280822440983,0.037221353687345984,0.0004701725893049142
520,0.012752948357956484,0.004272775007120799,0.08013720854651182,0.015216279012383893,0.008106340866652318,0.013981153932400047,0.16448136419057846,0.1270576272625476,0.0719029726460576,0.3616746887564659,0.04643153548240662,0.016381815634667875,0.03793564708903432,0.000468604740235343
521,0.012856607572757639,0.004342909156366659,0.08042840028647333,0.015297325467690826,0.00824559201428201,0.014274852880043909,0.1666793892160058,0.12945739447604865,0.07193123567849398,0.3597813621163368,0.04610450696200132,0.016088360082358123,0.037928556650877,0.0004670372010243106
522,0.017500120803015308,0.007828107257046213,0.09177076183259487,0.016163236240390687,0.008583632583031431,0.015213306376244873,0.17464730571955442,0.13670165659859776,0.07987557090818882,0.36677511781454086,0.04662570096552372,0.016781460540369154,0.03922814652323723,0.0004654699871427967
523,0.01986988343996927,0.009781873261999863,0.09555825209245086,0.017034329590387642,0.009574910122319124,0.016510212747380137,0.16762272771447898,0.1298941349494271,0.07217981778085232,0.3647515907883644,0.04634392065927386,0.01632771035656333,0.037996129225939514,0.0004639031140585693
524,0.011381744054961018,0.0033034648095053853,0.07620845381170512,0.01479396367794834,0.008077724964823573,0.013570357853313907,0.1647796554490924,0.1274043204379268,0.07209783550351859,0.36139579117298126,0.045924534741789105,0.015863295691087843,0.03722964646294713,0.00046233659723603313
525,0.011127770206076092,0.003042647164147638,0.07642427391838283,0.014341704244725407,0.007793073719949461,0.012977677641902118,0.17638360820710658,0.13789732194272802,0.07949531581252814,0.37223138511180875,0.0463860266841948,0.01677152654156089,0.03870369559153915,0.00046077045213607716
526,0.012218108054366895,0.0035423515630100154,0.08218831790145487,0.014738419052446262,0.00810780901229009,0.013436895207269118,0.1635697815567255,0.12631286149844528,0.07028975076973439,0.3602341189980507,0.04567046575248242,0.01600474212318659,0.03731649024412036,0.0004592046942159208
527,0.01167714932525996,0.0034084418643033133,0.0781073923688382,0.01478994665085338,0.008108466162229887,0.013481296150712297,0.16730746030807495,0.12947339069796726,0.07297930512577296,0.36574547290802,0.04648795239627361,0.016488088946789502,0.038248779065907,0.00045763933892896283
528,0.013212660813587717,0.004074917671459843,0.08681508104782551,0.014682333025848492,0.008129413821734488,0.013537067431025207,0.16031569689512254,0.12355087752221153,0.06870007161051035,0.35545552223920823,0.045350931212306024,0.015612494014203549,0.03688707090914249,0.00045607440172462795
529,0.012387740204576402,0.0037645447433533263,0.08168372751679272,0.014643601147690788,0.008097527318750509,0.013530451012775302,0.16423749160021545,0.12691959012299775,0.07004704494029283,0.36087400913238527,0.045729417260736226,0.01579553815536201,0.03722448172047734,0.00045450989804821464
530,0.011439227327355184,0.00326495901299495,0.0773021508473903,0.014394811016973107,0.007807846688956488,0.01301673947891686,0.16409490797668697,0.12681998369516806,0.06860757395625114,0.36046227663755415,0.04572587488219142,0.015708997240290047,0.03715381724759936,0.0004529458433407424
531,0.011795976822031661,0.003202327481994871,0.08147861957550048,0.014366058050654829,0.007923304141149856,0.013037170184543357,0.16304804980754853,0.1257592404028401,0.06969407107681036,0.3606548845767975,0.0455105903558433,0.015655417647212743,0.03710748413577676,0.0004513822530388
532,0.011305947229266167,0.0026884594195507815,0.08179292345885188,0.01415432732901536,0.007755439486936666,0.012687115836888552,0.1662594698369503,0.12898395970696583,0.06970649659633636,0.3603551283478737,0.0460523727349937,0.015947448369115592,0.03750655362382531,0.0004498191425743922
533,0.009895090133068152,0.002492396848174394,0.06969183904584497,0.01406358218519017,0.007611882532364689,0.012459040968678892,0.1632725501433015,0.12637178105069324,0.06857547294348479,0.3567498281598091,0.04563647452741861,0.01565276295877993,0.03712996952235699,0.0004482565273747884
534,0.010085347507265396,0.0027169655260877333,0.06933225153479725,0.014060263498686254,0.007697565233684145,0.012489078001817689,0.1694177757948637,0.13171812606742606,0.07338099107146263,0.3644744575023651,0.04624722795560956,0.016362658143043517,0.03810415584594011,0.00044669442286236966
535,0.012885327209369279,0.00403949178817129,0.08388768995646387,0.014682819170411676,0.008170497891842387,0.013567991275340318,0.16854901500046254,0.13081255663419142,0.0738989420235157,0.36478673964738845,0.04641306102275848,0.016476122988387944,0.038200617861002685,0.000445132844454477
536,0.013478405482601374,0.004320683145306248,0.08705779337324202,0.014508632849901915,0.008088509428489488,0.013376126380171627,0.16574344839900731,0.12838208579923957,0.07251379918307066,0.36115542650222776,0.04611524296924472,0.016175570571795105,0.03773469999432564,0.0004435718075632588
537,0.00982287343358621,0.0028645350415899885,0.06522376777138561,0.014083022309932858,0.00771505318407435,0.012640598166035489,0.16885590683668852,0.1313341719680466,0.07146268859505653,0.36275894343853,0.0462388189509511,0.01605303417891264,0.03778855530545115,0.000442011327595519
538,0.010488998534856363,0.0029971743972055263,0.07053512099664658,0.014172462362330407,0.007743136698263697,0.012723575806012377,0.1636266252025962,0.1264697082573548,0.07025166600942612,0.3592396482825279,0.04565242687240243,0.015995231829583643,0.03743371106684208,0.00044045141995256487
539,0.011567304204800167,0.0033530968667037087,0.07771277097053826,0.014282506331801415,0.007863993488717825,0.01298607675707899,0.16726176124066114,0.12960179635556415,0.07354102395474911,0.36424104273319247,0.04589344710111618,0.015899764280766247,0.03762098206207156,0.0004388921000300549
540,0.011280491939396597,0.0030702439160450014,0.0776701217982918,0.014255012664943934,0.007906771334819495,0.012989068042952568,0.1676319595426321,0.12985513496678322,0.07403688542544842,0.36526902168989184,0.046211061719805005,0.01628508479334414,0.03805926684290171,0.0004373333832178476
541,0.011039048078237102,0.0031197124459140468,0.07479317428078502,0.01429644706659019,0.007704461840330623,0.012856303330045194,0.169971395842731,0.13228789345594122,0.07500214036554098,0.3644050657749176,0.04602123349905014,0.016128764301538468,0.03798945397138596,0.0004357752848998483
542,0.01230091149918735,0.003469475659676391,0.0838432943681255,0.014427511784015223,0.007927802883205003,0.01317590696271509,0.16487405207008124,0.12726807906292378,0.0710309399291873,0.3635380372405052,0.046328431367874144,0.016279942635446788,0.03805990526452661,0.0004342178204538584
543,0.010620944286347366,0.0029090135985825327,0.07274165300186723,0.014198456978192553,0.00768980719440151,0.012753211002564057,0.16240355856716632,0.12532612177310512,0.06860906463116408,0.3585420951247215,0.045541820116341114,0.015619702450931073,0.03692851131781936,0.0004326610052514234
544,0.01042831210361328,0.002605966652299685,0.07388133702334017,0.014002674026414752,0.007707908505108207,0.012610007263720035,0.16147084441035986,0.12450003944104537,0.06838221065700054,0.35747282654047013,0.0454619743861258,0.015714290412142874,0.037013429962098596,0.0004311048546576807
545,0.009300436853663996,0.0025043884643309866,0.0636748825199902,0.013845607574330643,0.007582397782243788,0.012381161039229482,0.16562913525849582,0.12777169418986886,0.0702517282217741,0.3660252705216408,0.04651860520243645,0.016227039555087686,0.03788451543077827,0.0004295493840312084
546,0.01027439774479717,0.0024975430971608146,0.07345825643278658,0.013919859164161608,0.007631580531597138,0.012537611706648022,0.1612659951671958,0.1244461156311445,0.06843622978776694,0.3559508442878723,0.04553631180897355,0.0157035113312304,0.03702588761225343,0.0004279946087238736
547,0.012700664505246095,0.0042158576137808264,0.08016870345454663,0.014889094809768721,0.008507733340957202,0.013927205628715456,0.16575046051293613,0.1282247243914753,0.07137131802737713,0.362664569914341,0.04651353498920798,0.016450333455577493,0.038280526734888555,0.0004264405440806811
548,0.010295210941694676,0.0028594171759323216,0.06997035159729421,0.014159784105140715,0.00777813496242743,0.012853123142849653,0.16450624875724315,0.127228601987008,0.07029252834618091,0.36041794121265414,0.04591380376368761,0.015878391405567526,0.037387648690491916,0.0004248872054396212
549,0.010555478694732301,0.002621556010763015,0.0750385760795325,0.013932987570296974,0.007570253802987282,0.012540942197665573,0.16249169781804085,0.12536004347493873,0.07170197945088148,0.359082967042923,0.04556553568691015,0.015602362807840109,0.03695506788790226,0.0004233346081315195
550,0.009477279413840734,0.0023555347903311485,0.06701930963899941,0.013617375516332686,0.007373299598111771,0.012085202382877469,0.16384454164654016,0.1265823395107873,0.06880110185593366,0.3602366864681244,0.045966808777302505,0.015959838265553118,0.037410208862274884,0.0004217827674798844
551,0.010088711118442006,0.002325946857126837,0.07343107478227466,0.01359119262197055,0.0073916424807976,0.01206328354892321,0.1628752764314413,0.12595208832062782,0.0695403665304184,0.35707485377788545,0.04529085773974657,0.015494139632210135,0.03697397829964757,0.00042023169880075665
552,0.010507761623011902,0.0029679524517632672,0.07105701381806284,0.014052001462550834,0.007653379559633322,0.012670197489205748,0.18261662162840367,0.14391726005123928,0.0819262096658349,0.37414431720972063,0.046995673421770336,0.017250801809132098,0.03955037398263812,0.000418681417402558
553,0.012730628947610966,0.004580049812466314,0.07689376182388515,0.014750627032481135,0.008309525353251957,0.013741255924105644,0.16695231422781945,0.1290803193114698,0.07344354949891567,0.366236275434494,0.04615496275946498,0.016263290075585246,0.03786610988900065,0.00041713193858594004
554,0.011897629717714154,0.0032795012875794782,0.08176936665549875,0.014188795769587158,0.007870790411834605,0.012862110065179877,0.169764344394207,0.13167748706182464,0.07719581387937069,0.36825087666511536,0.04641331490129232,0.016675291024148463,0.03847494293004274,0.0004155832776436329
555,0.010926418172311969,0.0028510569032732746,0.07639498461503536,0.014030385325895622,0.007762741166516207,0.012666703265858814,0.16278794631361962,0.12560382168740034,0.06970190592110156,0.3594246178865433,0.046096963714808224,0.015986098628491163,0.03750534988939762,0.00041403544986029495
556,0.00938509626139421,0.002414229355781572,0.0654546515783295,0.013689937809249385,0.007580145867541433,0.012178848183248192,0.1633055776357651,0.12622227345127612,0.0699184512719512,0.35845033526420594,0.045886173378676176,0.016027332190424202,0.03741673557087779,0.0004124884705123618
557,0.010449313287972472,0.0027859677700689646,0.07236916064284742,0.013738585502142086,0.0075828856293810535,0.01230538283707574,0.16908621042966843,0.1314623207319528,0.07358907088637352,0.363627153635025,0.04653805764392018,0.01652071257121861,0.0382716104388237,0.00041094235486789464
558,0.01124068173521664,0.003067654608821613,0.07726904505398124,0.014349916583159938,0.007956207421375438,0.013150454993592575,0.16516274400055408,0.12778800330124795,0.06960570327937603,0.3612469211220741,0.046338850632309914,0.01616377690806985,0.03771770959720015,0.0004093971181864311
559,0.009433453468955123,0.0024325518703335546,0.06574519195128233,0.013789524871390313,0.00752959523233585,0.01233672914095223,0.16478392370045186,0.1275257899425924,0.06913083307445049,0.3602220699191093,0.045960064977407455,0.015836327988654374,0.03723533544689417,0.00040785277571883313
560,0.009178512141807005,0.0020867232058662923,0.06677395040169358,0.013378794793970883,0.007340892805950716,0.011750757880508899,0.1629675291478634,0.1259628831758164,0.06846255585551261,0.3576116397976875,0.04613562012091279,0.016038478445261718,0.03754727691411972,0.00040630934270713745
561,0.00954112122708466,0.0020913764226861533,0.07032276832032949,0.013495411904295906,0.007377976934367325,0.01194301318610087,0.16357499528676273,0.12624670790974052,0.07431870475411415,0.3608511224389076,0.04603275721892715,0.016125989146530628,0.03761273315176368,0.00040476683438440486
562,0.009688470920082182,0.002336901745366049,0.0693324462743476,0.013552006904501469,0.007364213711116463,0.012084120017243549,0.16294972002506256,0.12603302228963004,0.07087493911385537,0.356800465285778,0.04593757893890142,0.015895076794549823,0.037527144979685546,0.00040322526597456974
563,0.010578850025194698,0.002507083531781973,0.07649999423883855,0.013629025011323393,0.007459323896910064,0.012145324912853538,0.16467365603893996,0.12749973352765664,0.07013559080660343,0.3593571797013283,0.045881469175219534,0.01602851031348109,0.037484360486269,0.00040168465269228967
564,0.009303752108826302,0.002214209833800851,0.06668301362078637,0.01360584056819789,0.007456202511093579,0.012089603435015306,0.163305539265275,0.12622717077611015,0.06816613283008337,0.3584819585084915,0.0457336344756186,0.015775038534775375,0.037191348429769275,0.0004001450097427963
565,0.010640263435197994,0.0029895626408688258,0.07221204636152834,0.013857549306703732,0.007617260588449426,0.01253965696087107,0.19275048226118088,0.1512006851262413,0.08654306847602129,0.4022513389587402,0.048033658601343635,0.018199242278933526,0.04081739755347371,0.00039860635232174353
566,0.015318618790479377,0.006099510434069089,0.08751585392747074,0.014873976015951484,0.008502169922576287,0.014127801189897583,0.16567273028194904,0.1279226225335151,0.0760942243039608,0.3650549232959747,0.04609029162675142,0.01614067698828876,0.03800615835934877,0.000397068695615059
567,0.010470474691828713,0.002877314770648809,0.0716133760055527,0.013932836448657327,0.007658269992680289,0.012695826450362801,0.1661316828802228,0.12874099439941347,0.07287687230855226,0.36148030012845994,0.04606540407985449,0.016067406069487332,0.0377485278993845,0.0003955320547987939
568,0.01051059826859273,0.002787691335834097,0.0729485163697973,0.013898771931417286,0.0075039871997432785,0.01259186981478706,0.1661581540480256,0.12875982344849035,0.07067136876285077,0.36147369295358656,0.04632906718179584,0.016218755021691324,0.0378466272726655,0.00039399644503897244
569,0.009725037336465903,0.0026303696415197917,0.06669597821310162,0.013731525058392435,0.007521962840110063,0.012398537289118394,0.16288927625864744,0.12588256251765415,0.0696546358987689,0.3577641546726227,0.045714269112795594,0.01580057358369231,0.037310734111815694,0.0003924618814914431
570,0.009668376497575081,0.002625992304638203,0.06618074043653906,0.013690567022422329,0.007524937675043475,0.012356661510420964,0.16228757724165915,0.12487584110349417,0.06865732725709676,0.36169926822185516,0.04602571707218885,0.016064641810953618,0.037553268019109964,0.0003909283793017285
571,0.010507032892201095,0.0027206502254557563,0.07362166258972139,0.013667183404322714,0.007543633772002067,0.012302965772687458,0.16850794907659292,0.13061476721195503,0.07377167232334614,0.3664764121174812,0.04601407563313842,0.01626302199438214,0.038175061251968144,0.00038939595360487633
572,0.010602778461179695,0.00298455980282597,0.07193539913278073,0.013623118185205386,0.0076108182416646745,0.012343732264707797,0.1687631918117404,0.13122100953478366,0.07444824706763029,0.36297392249107363,0.04614744856953621,0.01609198502264917,0.03795773265883327,0.00038786461952530917
573,0.010471504341694526,0.0023877464576798958,0.07658019168302417,0.013662246573949233,0.007624681299785152,0.012420152878621592,0.16889625117182733,0.1306473646662198,0.07291682306677102,0.3699436068534851,0.04643924506381154,0.016287077963352204,0.03808404048904777,0.00038633439217667666
574,0.00973509463656228,0.002257792249110935,0.07062791748903692,0.013429316756082698,0.0072962120146257805,0.011931931710569188,0.16362885478883982,0.12630722094327212,0.06846026722341776,0.3608353242278099,0.04594375165179372,0.01596128554083407,0.0373740685172379,0.0003848052866617046
575,0.009100149350706488,0.002437888356325857,0.06245766091160476,0.013536773942178115,0.007287967586307786,0.011939409730257467,0.16355197690427303,0.12629079065518453,0.06815975289791823,0.36027648895978925,0.04584019230678678,0.015836634347215293,0.037390387151390314,0.00038327731807204717
576,0.00866680074541364,0.0020640733386244393,0.06194018176756799,0.013255781366024167,0.007179672646452672,0.011668862024089321,0.163187238201499,0.12612408288987353,0.0682737885043025,0.3583680883049965,0.04565309751778841,0.01566413138061762,0.037077140994369984,0.00038175050148813746
577,0.008708172565093264,0.0020165836491287336,0.06283633364364505,0.013186981022590772,0.007210788599331863,0.01162294636014849,0.1637308865785599,0.12636619633994997,0.06783415339887142,0.3613913506269455,0.04565187161788344,0.015625859750434755,0.03688599141314626,0.0003802248519790389
578,0.009072863968322053,0.002030490005199681,0.06632395305205137,0.013223677629139275,0.007275248723453842,0.011648723628604784,0.1635663604363799,0.12646684338105843,0.06750098131597042,0.35870279669761657,0.045715466234833003,0.01574615645222366,0.03718085736036301,0.00037870038460229607
579,0.008483448860351928,0.0018472498608389288,0.06230409441050142,0.01309456150047481,0.007194911285478156,0.011535412748344243,0.16399129666388035,0.12670726102078333,0.06839660368859768,0.36037031561136246,0.046185343712568286,0.016164792655035853,0.037859486415982246,0.0003771771144037866
580,0.009370656454120763,0.002607679952052422,0.06339665267150849,0.013577882730169221,0.007587675502873026,0.012368603731738403,0.17120406962931156,0.13337082911748438,0.07666016984730958,0.36567778140306473,0.046441820356994866,0.016831442108377816,0.03892255704849958,0.00037565505641757246
581,0.013649783717119135,0.005061164340258983,0.08125678491778672,0.014695198403205722,0.00845185061916709,0.013893558166455478,0.1860276000574231,0.14712667290586978,0.08359196595847607,0.3761986181139946,0.046852778922766444,0.01720046508125961,0.039645679481327536,0.00037413422566575115
582,0.013312147307442502,0.0045088591010426175,0.08356362155172974,0.014179795526433735,0.008166505230474286,0.013366492674686014,0.1673471625894308,0.12968085128813983,0.07334596775472164,0.36425109803676603,0.04592192964628339,0.01613814467564225,0.03802495552226901,0.00037261463715830876
583,0.010358391774934717,0.002950416038220283,0.06977372076362372,0.013736276718555018,0.007793901141849346,0.012539934902451932,0.16355529725551604,0.12651802226901054,0.07044205777347087,0.35798921883106233,0.045857164263725284,0.016060341522097586,0.03760279165580869,0.0003710963058929699
584,0.010608307051006705,0.002475798804516671,0.07712303451262414,0.013429904385702685,0.0075803317624377085,0.012166278302902355,0.16574474852532148,0.12849494415568188,0.0702440995723009,0.36010546535253524,0.045953997783362864,0.016008921852335333,0.03753245957195759,0.00036957924685505135
585,0.009627185322460718,0.002375340767503076,0.06834665536880494,0.013372190069640055,0.007486753285047598,0.012072308175265788,0.17476489674299955,0.136725488351658,0.07794576734304429,0.367831289768219,0.046250365860760215,0.016563627310097216,0.03865302037447691,0.00036806347501731337
586,0.010030188923701644,0.0026569712319542303,0.06941853056196123,0.013721590844215825,0.007846632174914703,0.01261931798653677,0.17286149188876151,0.134203848708421,0.07624457608908415,0.37393724769353864,0.046434523165225984,0.016761544812470674,0.038719392661005256,0.0003665490053398121
587,0.008714198356028647,0.002358470125363965,0.059414421184919776,0.013301807723473757,0.007412490132264793,0.011978982191067189,0.1633581118658185,0.12598239050712437,0.06798321213573218,0.3614467903971672,0.04576110914349556,0.015790897188708186,0.03718791399151087,0.0003650358527697516
588,0.009515638859011234,0.002484430791082559,0.06618940751068295,0.013337551907170564,0.00727580575767206,0.012018627050565556,0.16411642767488957,0.12702335442882032,0.06805908139795065,0.3586949184536934,0.045513272285461426,0.01566568030975759,0.037093324866145846,0.00036352403224133715
589,0.010055711981840432,0.002141828309322591,0.0750812457408756,0.013145921978866682,0.0071420251042582095,0.011614324009860866,0.16304057985544204,0.12587088864529505,0.06804917082190513,0.35935837775468826,0.04579697754234076,0.015895617892965674,0.03726779725402594,0.00036201355867562703
590,0.008932375413132831,0.001997256597314845,0.06529313228093088,0.01308426512987353,0.007206014430266805,0.011544090654933826,0.16449177116155625,0.1270818255841732,0.06949270814657212,0.3617719724774361,0.04582999423146248,0.015807187277823688,0.03741798587143421,0.0003605044469803851
591,0.008738061980693601,0.001845895220139937,0.06493571698665619,0.012894271838013083,0.007035473693395034,0.011214907851535828,0.16574235986918212,0.1285493118222803,0.07057837564498186,0.35955949127674103,0.04587333472445607,0.015981736965477465,0.03743039844557643,0.0003589967120499351
592,0.008385676017496735,0.001988313460878999,0.05995769522851333,0.012948768923524766,0.0071308789774775505,0.011365444876719265,0.16931903995573522,0.13162250639870762,0.07405616994947195,0.3644174873828888,0.04631189638748765,0.016427607787773014,0.03830074034631252,0.0003574903687650117
593,0.010819757040007972,0.0030726308135854198,0.07323314119130372,0.013589852297445758,0.007600750462734141,0.012316640789504164,0.17070293705910444,0.13267869546543806,0.07465781383216381,0.36753707379102707,0.04678901890292764,0.016737764375284313,0.03866809094324708,0.00035598543199261525
594,0.010882074848632328,0.0026954732720696484,0.07768773359712214,0.013374224182916805,0.00751717904349789,0.012102775881066919,0.16716526709496976,0.12952608126215637,0.07266488205641508,0.3638380289077759,0.046277445554733274,0.01649163868278265,0.03832179447636008,0.00035448191658586387
595,0.010003337878151797,0.00231773946507019,0.07274762280285359,0.01318379077129066,0.007358014016062953,0.011883117695106193,0.17015982419252396,0.13203811679268257,0.07475576661527157,0.3686345174908638,0.04647170733660459,0.016441101487725974,0.0384868485853076,0.0003529798373838479
596,0.010244563213200308,0.0025901741164489067,0.07239298846106976,0.01328289569937624,0.00747161508188583,0.012003838672535494,0.1643325684592128,0.1268106066272594,0.07254327721893787,0.3627882361412048,0.04600677425041795,0.01614996758289635,0.03782302653416991,0.0003514792092114823
597,0.009793064909172245,0.0020498560887062924,0.07339389303233475,0.01303101188968867,0.007159959952696226,0.011571230448316783,0.16487649474292992,0.12745026660850273,0.06861715074628591,0.3618011072278023,0.04621800249442458,0.016087908251211046,0.037654223199933765,0.00034998004687936173
598,0.00878838771604933,0.0017834960761319962,0.06606670354958624,0.01283288561971858,0.007078172606998123,0.011267360468627885,0.16333605162799358,0.12607270147418603,0.06827467903494835,0.3603053241968155,0.045813480578362945,0.01582756289280951,0.03731536651030183,0.00034848236518361284
599,0.008417245402233675,0.001762577078989125,0.06254006093367934,0.012890551972668618,0.007142550009302795,0.011393256735755131,0.16344645638018845,0.12608942921506242,0.06819720827043056,0.3611904069781303,0.04594217790290713,0.015957056405022742,0.03738148920238018,0.00034698617890574935
600,0.009015878790523856,0.001835192250473483,0.06781748465728014,0.012883393740048632,0.007063506753183901,0.01130985764611978,0.1627851404249668,0.12571331282379106,0.0679023103788495,0.35832607597112653,0.04597723297774792,0.015983634954318406,0.03746020421385765,0.0003454915028125261
601,0.00856106007413473,0.0018574481739051408,0.06303037949837745,0.01292273584404029,0.0071059606285416525,0.011328522276016884,0.16217122301459314,0.12502281450433655,0.06859942842274905,0.3591883897781372,0.04563675476238131,0.015841653989627957,0.03727418687194586,0.0003439983516557924
602,0.00861089623067528,0.0018929841276985825,0.06318468342069536,0.012930362881161273,0.007041819771984592,0.011387456307420506,0.16563344430178403,0.12795142122777178,0.06920257769525051,0.3643446654081345,0.04624287392944097,0.01613491619937122,0.037644549552351234,0.00034250674017234737
603,0.008739393448922782,0.002225427525991108,0.061054463125765325,0.013125552062410862,0.007300428231246769,0.011749199649784714,0.16384690161794424,0.12669837789144367,0.06845404971390963,0.3591327086091042,0.04586253240704537,0.01590015566907823,0.03748362921178341,0.00034101668308379426
604,0.009189860845799558,0.002373264177549572,0.06406181259080768,0.013126801332691684,0.007393966676318087,0.011868728161789476,0.16816238034516573,0.13049259420949966,0.07312142848968506,0.3641826301813126,0.04623807109892368,0.01633800524286926,0.03831924572587013,0.00033952819509639506
605,0.010256580702844076,0.0025832452105532867,0.07261107051745057,0.013177710655145346,0.00743370302952826,0.011902561411261559,0.1664323413744569,0.12898255753098056,0.07269784323871135,0.3619973734021187,0.04626191863790154,0.016240434627979992,0.03811775417998433,0.000338041290900925
606,0.009790966883883812,0.002678835599363083,0.06690349294804036,0.013451459002681077,0.00763763228605967,0.012274746916955338,0.17352927513420582,0.13526020341087133,0.07613426595926284,0.36999395936727525,0.046710222214460376,0.0167737505864352,0.03875640742480755,0.00033655598517252856
607,0.00860837303334847,0.001785811448462482,0.06426084721460938,0.01274447554606013,0.007079361975775101,0.011256007611518726,0.16319977678358555,0.12598006695043296,0.06822358965873718,0.35983614474534986,0.04595907777547836,0.015845703752711417,0.037367808166891336,0.00033507229257057335
608,0.009495021420298145,0.0022715357945344294,0.06819166895002127,0.013058642903342844,0.00715729029616341,0.011746595619479194,0.16626000870019197,0.12848074515350164,0.06903889570385217,0.36536225825548174,0.04616091540083289,0.015990946209058166,0.03754624472931027,0.0003335902277385065
609,0.009294779328047297,0.0018377114516624714,0.07058647342491894,0.012801193539053202,0.007119831562158651,0.011362515221117064,0.16253950521349908,0.12534767277538778,0.06896690875291825,0.35953725278377535,0.045910030510276555,0.015995296742767097,0.03743013506755233,0.00033210980530370943
610,0.008056591142667458,0.001783605194032134,0.05878247597720474,0.012660218583187088,0.007076692099508364,0.011170867964392529,0.16571318153291942,0.12824141829041763,0.07016943618655205,0.36235357969999316,0.045847042370587586,0.015973025653511285,0.037619054038077596,0.00033063103987735404
611,0.008906650001881644,0.0017753744461515453,0.06739114782540127,0.012587733950931579,0.007020299319992773,0.011028680778690615,0.16292270459234715,0.12584118760423735,0.06857701577246189,0.3584590941667557,0.04583939462900162,0.015940981870517134,0.03753833882510662,0.00032915394605425804
612,0.008493288297904656,0.00176034335154327,0.06337541521061212,0.012684127484681085,0.007086044095922261,0.011208931505098007,0.16279865261167287,0.1258099349332042,0.0681007670238614,0.3576393395662308,0.04558213436976075,0.015657141339033842,0.03708878932520747,0.0003276785384127412
613,0.008821662512491456,0.002005900907170144,0.06417542202398181,0.012857341690687463,0.007053626611013897,0.011379216040950269,0.16390185430645943,0.12660584449768067,0.06760312002152205,0.36062777042388916,0.04581882208585739,0.015842691203579305,0.0373041526414454,0.00032620483151448126
614,0.0075795080192619935,0.00158639392866462,0.05603112282697111,0.012580083590000868,0.0069200018915580586,0.010928101066383533,0.16527064461261035,0.12775919565465302,0.06822424866259098,0.36271424889564513,0.04607029724866152,0.015930871898308396,0.037537237629294395,0.00032473283990437017
615,0.008495321884402074,0.0017823114560087561,0.06321610712911933,0.012609783821972087,0.006960201030597091,0.01104208932374604,0.1639589700847864,0.12661299749743193,0.06766601018607617,0.3611132726073265,0.04582688733935356,0.015905331913381816,0.03741340190172195,0.0003232625781103712
616,0.008075460302643478,0.001658597651112359,0.06026002146536484,0.012569270830135792,0.006973748742893804,0.011007583304308354,0.16435741689056158,0.1269870040123351,0.06790342964231968,0.3614092007279396,0.04563580406829715,0.015838673757389187,0.037282532174140216,0.00032179406064337436
617,0.00765833760087844,0.0015453600897672004,0.05725499643012881,0.01247893295949325,0.00689495909755351,0.01082221166579984,0.16307801473885775,0.12590318490983918,0.06699681840837002,0.35948430746793747,0.04561002580448985,0.01571006150916219,0.03705347618088126,0.0003203273019970544
618,0.008544009330216795,0.0017237203374861564,0.06431562437210232,0.012560886918799951,0.006875439319992438,0.010963921068469062,0.16543166860938072,0.12760249023558573,0.07079799547791481,0.3655917450785637,0.04678888488560915,0.016711292741820215,0.038634582050144674,0.00031886231664772686
619,0.00748842847533524,0.0017276715554544353,0.0536417602095753,0.01277385110151954,0.0070551902797888035,0.011249602324096487,0.16376691162586213,0.12647466213675215,0.06953303255140782,0.3606436401605606,0.045631565526127814,0.015762628288939595,0.0374364442192018,0.00031739911905420584
620,0.008623317134333775,0.00185303251073492,0.0637277829926461,0.012777108262525871,0.007098205786314793,0.011386146512813866,0.16448706835508348,0.1271312633762136,0.06945049576461315,0.3612153232097626,0.04578715972602367,0.015926411608234048,0.03762294864282012,0.0003159377236576607
621,0.008252406376414001,0.0018156331976570072,0.06044074492529035,0.012627543578855694,0.007007388339843601,0.011205083364620805,0.16523718386888503,0.12768647206248715,0.06892577763646841,0.36309761852025985,0.04598833443596959,0.016059318883344532,0.0376522108912468,0.00031447814488147415
622,0.009307270517456345,0.0017918529607413801,0.07123164755757898,0.012615732767153531,0.006996901403181255,0.011089853121666238,0.16473924778401852,0.1271473321947269,0.06824098639190197,0.36350404322147367,0.04607004253193736,0.016005418682470917,0.03758353255689144,0.00031302039713109955
623,0.008318842240259982,0.0017907046152686235,0.06137484444770962,0.012568776751868427,0.006963878516398836,0.011104248330229893,0.16225368473678828,0.12501555662602187,0.06775384414941073,0.36009117811918256,0.04568429160863161,0.01576611176133156,0.0372455938719213,0.0003115644947939183
624,0.00879118661978282,0.002023549543810077,0.06372809964232147,0.012786201469134539,0.006955151027068496,0.011354587532696313,0.1624236637726426,0.12539272422436626,0.06773287449032069,0.3580613315105438,0.045502194203436375,0.015738130593672395,0.03711176421493292,0.0003101104522390992
625,0.00875336492608767,0.0019079234587479732,0.06451515443623065,0.012727176124462858,0.006969121628208086,0.011260935955215245,0.16440191734582185,0.12705977747682481,0.06762899681925774,0.3610724344849586,0.045852111838757995,0.01589286937378347,0.037496333476155996,0.00030865828381745485
626,0.008202890068059788,0.0016886176454136148,0.061229255865328014,0.012621533684432506,0.00694579784758389,0.011158054933184757,0.16708577163517474,0.12925720723578707,0.07160338461399078,0.36583895832300184,0.04609510684385896,0.016137940855696798,0.03806241927668452,0.0003072080038613015
627,0.008577874302864075,0.0017378098145854892,0.06448686041403562,0.012616917613195255,0.006951999812736176,0.011145503108855337,0.16428291648626328,0.12701901758555323,0.06724466662853956,0.3603606343269348,0.04566061031073332,0.015731028327718378,0.03706299727782607,0.0003057596266843167
628,0.008751788071822374,0.0016785067503406026,0.06684482116252184,0.01250664233812131,0.006933306765859015,0.011031764280050992,0.16278855819255114,0.12567319746594877,0.06886827647686004,0.358888678252697,0.04557329034432769,0.015751178190112115,0.037320549692958595,0.0003043131665813986
629,0.009453069875598885,0.0018510391344534582,0.07210036183241755,0.012610757508082316,0.0069889664824586365,0.011167516850400716,0.16328566167503594,0.12614653926575556,0.06738033276051283,0.35908412784337995,0.04569355929270387,0.015841780602931975,0.03731419928371906,0.0003028686378285242
630,0.008049681386910378,0.0016735986650019186,0.059876009821891785,0.012527904752641917,0.006896178732858971,0.01093762299278751,0.1638314167037606,0.1266363581758924,0.06827124245464802,0.35958502143621446,0.04592710621654987,0.015900765219703315,0.03747185561805964,0.00030142605468260934
631,0.008057479493436404,0.001785725990521314,0.05882881877478212,0.012466800905531272,0.006976769893663004,0.011011181259527802,0.16514510605484248,0.12755829766392707,0.06930600572377443,0.36346816569566726,0.04595446875318885,0.01604491430334747,0.03767332173883915,0.0002999854313813674
632,0.008665109047433362,0.0017968167070648634,0.0647162364795804,0.012711894075619058,0.007121537077182438,0.01130072504747659,0.1645606206730008,0.12724294110666962,0.0680319057777524,0.3607954829931259,0.04597129495814443,0.01593533414416015,0.0375417785719037,0.00029854678214316833
633,0.008447492227423936,0.001684762039258203,0.06374654590617865,0.012503321480471641,0.006900449894601479,0.01099445069557987,0.16526657957583665,0.12743665168527513,0.0684777358546853,0.3658203199505806,0.046198184601962566,0.01619664439931512,0.03783359816297889,0.00029711012116689976
634,0.008853862251271494,0.0019033795098948759,0.06557053115684539,0.012593703786842525,0.007077771628974006,0.011217012931592763,0.16453205328434706,0.1270989006618038,0.06914239916950464,0.3619589120149612,0.04580569081008434,0.016057453816756606,0.037646325677633284,0.00029567546263182523
635,0.0075548246852122245,0.0014391068238182926,0.057362509111408146,0.012196269549895078,0.006777072908880655,0.010535899939713999,0.16285923924297094,0.12569180254358797,0.0669102543964982,0.35943430513143537,0.04547432214021683,0.01572617655619979,0.03701997622847557,0.0002942428206974453
636,0.0074613153730751945,0.0013596183684057906,0.057246029761154206,0.0121009613329079,0.00675373492995277,0.010379565507173538,0.16327636316418648,0.12613787616137415,0.06670751832425595,0.35911429226398467,0.04560800464823842,0.015745002822950483,0.0370716106146574,0.00029281220950335763
637,0.00707432610943215,0.0013448655621687068,0.053549292287789284,0.012030400888761505,0.006696156424004585,0.010336745245149359,0.16386139821261167,0.12648194854846223,0.06731955017894506,0.36144490391016004,0.04580523492768407,0.01594254644587636,0.03739778697490692,0.0002913836431691171
638,0.007293827686225995,0.001449119766766671,0.05467185730813071,0.012142332777148112,0.006733775607426651,0.010473719058791176,0.16267189886420966,0.12547105469275266,0.06694814525544643,0.35976720303297044,0.04552046870812774,0.015685554035007952,0.03701667580753565,0.00028995713579409654
639,0.009527005103882403,0.0025239117170713144,0.06605460169957951,0.012671752477763221,0.007209898030851036,0.011352667881874367,0.16603229716420173,0.12801673021167517,0.07153864689171315,0.3674547791481018,0.0466888808645308,0.01681549847126007,0.03875679448246956,0.0002885327014573481
640,0.008579176969942637,0.0018863094936023117,0.06300435499288141,0.012525479425676167,0.007096116128377616,0.011200619110604748,0.16447018571197985,0.12704317482421174,0.06823608614504337,0.36189559698104856,0.04589693462476134,0.015975803881883622,0.037480063177645205,0.0002871103542174633
641,0.007771648251218721,0.0015504558545217152,0.05839283282402903,0.012242500932188705,0.006852951727341861,0.010738983447663487,0.16499604675918816,0.12752281179418787,0.06767895985394716,0.3623553290963173,0.04589692773297429,0.01598830856382847,0.03750718766823411,0.0002856901081124355
642,0.007308730075601488,0.00153194844515383,0.05396261367714032,0.012267550756223499,0.006758457724936306,0.010695834353100508,0.1638295965269208,0.12670426971744747,0.06722716931253672,0.3589698955416679,0.04564451351761818,0.01577224158681929,0.03713118899613619,0.0002842719771595203
643,0.008056351120467297,0.0015337779299443356,0.0614008356584236,0.012297511589713395,0.006826966410153545,0.010816768766380847,0.16386434268206357,0.12633610300254078,0.067358504422009,0.3629715099930763,0.0457032754085958,0.015851079812273385,0.03729932112619281,0.00028285597535509735
644,0.007705662937951274,0.0014283552851338754,0.05902367238886654,0.012057001673383638,0.006690015117055736,0.01048232332104817,0.16370769888162612,0.12632823686581104,0.06717444285750389,0.3614762514829636,0.0457494867965579,0.01584230293519795,0.037308966647833584,0.00028144211667453334
645,0.007538179057883098,0.0014508990772810649,0.057113656774163246,0.012105833366513252,0.006689880468184128,0.010450509563088416,0.16294502057135105,0.12571428541559726,0.06691076681017875,0.36009089052677157,0.045444801449775696,0.015637529967352747,0.036989015992730856,0.00028003041507204207
646,0.007989788419217802,0.0014828146830041077,0.06130239174235612,0.012099024374037981,0.006737705317209475,0.010483048763126135,0.16354627776890993,0.12632955417502673,0.06733248978853226,0.3598900780081749,0.045669641066342595,0.015716197388246655,0.037270800396800044,0.000278620884480549
647,0.00771011637407355,0.0014766246961698925,0.0585891047725454,0.012045639439020307,0.006683413698920049,0.010359952357248403,0.1662743404507637,0.12862118652556093,0.06840278301388025,0.3640496328473091,0.046222653985023496,0.016187148960307242,0.03783110436052084,0.00027721353881155153
648,0.008627039994462394,0.001849517071605078,0.06391766453161836,0.012318262155167759,0.006969554981333203,0.01087990026571788,0.16431780382990838,0.12695625982014463,0.06986564695835114,0.36120137572288513,0.046004703547805545,0.01606544302776456,0.037834778614342215,0.00027580839195498366
649,0.008391021474380977,0.0018967222436913288,0.061018642876297234,0.01246270224219188,0.007159043484716676,0.011175709130475298,0.16321306731551885,0.1258107731700875,0.06916475109755993,0.36157299280166627,0.045974952075630425,0.016274965880438686,0.03789362339302897,0.0002744054577790771
650,0.007915490363666322,0.0015888919037024608,0.05940710373688489,0.012301825761096553,0.006992577319033444,0.010897252560243941,0.16362218670547007,0.12609444113913923,0.06785054337233305,0.36280912160873413,0.046219800040125845,0.016121752467006444,0.037785053439438346,0.0002730047501302263
651,0.00857884596043732,0.0014796082079556073,0.06721390906022862,0.01210040650330484,0.0067919274209998545,0.010531334136612714,0.16314673386514186,0.1258359648170881,0.06704825647175312,0.36083092987537385,0.045582564920186995,0.0158013170119375,0.03724718345329166,0.00027160628283285005
652,0.0073098395921988414,0.001338198389930767,0.056018327246420085,0.011876840190961958,0.006613580460543745,0.010212972696172074,0.16296169627457857,0.12554150491487234,0.07052036430686712,0.36192880421876905,0.04560485742986202,0.015760672837495805,0.03719918597489595,0.0002702100696892558
653,0.007171684960485436,0.0013177296554204077,0.05483486164594069,0.011917136487318203,0.006606317783007398,0.010252490994753316,0.1643194280564785,0.12656504596816376,0.06768003515899182,0.3652546927332878,0.045724659040570256,0.015720659820362925,0.037178393267095086,0.00026881612447950365
654,0.008073059536400251,0.0014685155756524182,0.06230828168336302,0.012026848254026844,0.006658936890016775,0.01039133034646511,0.16344013437628746,0.1259761940687895,0.06814051046967506,0.3622441336512566,0.046030206885188815,0.01594602856785059,0.037523225881159306,0.0002674244609612705
655,0.00779023784562014,0.0013672552217030899,0.06049945766571909,0.011993191688088701,0.006658640981186181,0.010393946495605632,0.16256166398525237,0.1250212620361708,0.06779050119221211,0.36297486573457716,0.04600402293726802,0.016141753084957598,0.037705581728369,0.0002660350928697131
656,0.007069923108792864,0.0013121619438607012,0.05385765933897346,0.011932629381772131,0.006667128775734455,0.010315125255146995,0.1644860727712512,0.12717436228413134,0.06706608850508929,0.36082722842693327,0.04566488889977336,0.01578456456772983,0.037153263296931985,0.0002646480339173336
657,0.007364674884593114,0.001250285853166133,0.05745568849379197,0.01185658939066343,0.006584411533549428,0.010086403571767733,0.1629571158438921,0.12572812287835405,0.06764581426978111,0.35999397188425064,0.045671871211379764,0.015807994175702333,0.03729219576343894,0.00026326329779384364
658,0.00649399544345215,0.0013055552281002747,0.04819540382595733,0.011843955906806513,0.006601029116427526,0.010108876245794818,0.16521420441567897,0.1277228109887801,0.06715256497263908,0.36259467899799347,0.04581721257418394,0.015779296215623618,0.03722130116075277,0.0002618808981660301
659,0.0071988260926445944,0.001315359470754629,0.05514661049237475,0.011837449489394202,0.006602826382732019,0.01017779718968086,0.16371845155954362,0.12635700539685785,0.06762615907937289,0.3613066911697388,0.045750976726412776,0.015787916770204902,0.03732390021905303,0.0002605008486776192
660,0.007833109024795703,0.001436203258253954,0.06023136342409998,0.01200098465778865,0.006687480430991854,0.010390933993039652,0.1671908561140299,0.12947329261805862,0.0711029727011919,0.3646997556090355,0.04609572226181626,0.01628356394357979,0.03810699936002493,0.0002591231629491422
661,0.009523876280582044,0.0026430104697283243,0.06493583809351548,0.012323658639797942,0.0070404346944997085,0.01106830929638818,0.16738448478281498,0.12960989038692788,0.0732721172273159,0.3652331829071045,0.04606872145086527,0.01649525063112378,0.03835856905207038,0.0002577478545778007
662,0.007596793683478609,0.0015431998148415006,0.05672194657381624,0.012211268319515512,0.006858686893247068,0.010732747719157488,0.16288783606141805,0.12554783690720797,0.06763629037886858,0.36112337857484816,0.04563782904297113,0.015745301079005004,0.03722454346716404,0.00025637493713733363
663,0.008869271527510136,0.0021218178158960654,0.06360520750749857,0.012382315989816562,0.006964327584137208,0.011006806575460359,0.1641365984454751,0.12674097921699284,0.07090908586978913,0.36161341369152067,0.04568977300077677,0.01602400983683765,0.037852384895086286,0.0002550044241778816
664,0.007224337311345153,0.00148447094088624,0.05363978459499776,0.012046034523518757,0.006748359868652187,0.010549430327955633,0.1630264524370432,0.12575159557163715,0.06726638283580541,0.36051026433706285,0.04541109334677458,0.015780303068459033,0.037256145291030406,0.00025363632922585384
665,0.006758275833271909,0.001249533420013904,0.05141111562261358,0.011806725256610662,0.006574817054206506,0.010106341470964253,0.16314726006239652,0.1258098924998194,0.0668797081336379,0.3611323297023773,0.045525056030601266,0.01568147763609886,0.03702560691162944,0.00025227066578379596
666,0.007101332789170555,0.0012914748273033182,0.05441330614266917,0.011853998497826979,0.006572368548950181,0.010174040487618186,0.1635972511023283,0.12629527058452367,0.06679443512111902,0.3607670158147812,0.04552943054586649,0.015734469005838036,0.037079474050551654,0.00025090744733025436
667,0.007072405898361467,0.0012359080497844842,0.05469559135381132,0.011772844014922157,0.0065740847421693616,0.010075816203607247,0.1622725384309888,0.12507841135375203,0.06676837783306837,0.3596889182925224,0.045466224942356345,0.015795730240643024,0.037203595880419014,0.00024954668731964495
668,0.007052636155276559,0.0012822669586967095,0.05403460738016293,0.01179961211164482,0.006545805935456883,0.010097403032705187,0.16450212318450214,0.12687024378683417,0.06735580991953612,0.36397227346897126,0.04583521597087383,0.01589709473773837,0.037372464314103127,0.00024818839918211937
669,0.007451981733902357,0.0012535414445665083,0.05831848211819306,0.011779149860376491,0.006550450169015676,0.010050021181814372,0.1627721881493926,0.12549162664217875,0.06706097573041916,0.36054734885692596,0.04554421100765467,0.01574715324677527,0.03708734419196844,0.0002468325963234336
670,0.007051535966456868,0.0012874047954028356,0.053995291516184804,0.01170172226266004,0.006528375978814438,0.010016614064807073,0.16383004635572435,0.12666382767492906,0.06840236075222492,0.35940830409526825,0.04548294460400939,0.015786622324958442,0.037270060274749994,0.0002454792921248141
671,0.006107781318132765,0.0012327000322329695,0.04512159758014604,0.011637879931367934,0.006508195243077353,0.009921180189121515,0.16470113936811687,0.12736637303605675,0.06685972418636084,0.36108115017414094,0.04564015697687864,0.01569252712652087,0.03719800962135196,0.00024412849994282732
672,0.007101458663237281,0.0011822861181826738,0.055565948504954575,0.01164852485526353,0.006480357621330768,0.009884918748866767,0.16350082475692035,0.12628300817450508,0.06687533631920814,0.3599085107445717,0.0456097231246531,0.015738405147567393,0.037197292875498535,0.00024278023310924645
673,0.006876228895271197,0.0011756069317925722,0.05337986990343779,0.011632488871691748,0.006499257773975841,0.009901888092281297,0.16433453559875488,0.12696402544388546,0.06783857475966215,0.3613739162683487,0.04577728863805532,0.01587875667028129,0.0375209036283195,0.00024143450493092116
674,0.007129192861611955,0.0013245097508843174,0.054394362901803106,0.011735001101624221,0.006527334517159034,0.010103866021381691,0.1644707888364792,0.12710950864711776,0.06780943423509597,0.3612586870789528,0.04579947469756007,0.015971020236611365,0.037583450134843585,0.0002400913286896451
675,0.006524653403903358,0.0012805482958356152,0.04876875655027106,0.011771038349252194,0.006590433392557315,0.010136972053442151,0.16363398637622595,0.1263487014803104,0.06669061239808798,0.36057695746421814,0.04561183489859104,0.01576770022511482,0.03732713330537081,0.00023875071764202532
676,0.006567548555904068,0.001294966858040425,0.049052211304660885,0.011787122779060156,0.0065809028790681625,0.010172162219532765,0.16384420599788427,0.1264663101406768,0.06807569321244955,0.36148168295621874,0.04564028726890683,0.01584624690003693,0.037461780849844216,0.00023741268501935179
677,0.007263122373842634,0.001171630520184408,0.05729264586698264,0.011626425868598744,0.006484936375636607,0.009919011653983035,0.1638631174340844,0.12683990045916288,0.0666562408208847,0.3579908758401871,0.0455383975058794,0.015667906543239952,0.03718489957973361,0.00023607724402746654
678,0.007231809923541732,0.0012545321427751333,0.05613257825607434,0.011703954072436318,0.006497037821100093,0.010020119289401918,0.16365295592695475,0.12625019751721994,0.06887631006538868,0.36166840195655825,0.04577629677951336,0.016019572224467992,0.03761370172724128,0.00023474440784663282
679,0.007779156551987398,0.0013547941740398527,0.06056666916701943,0.011798122752225026,0.006586644522030838,0.01020030512008816,0.16358860582113266,0.1262928590294905,0.06716186758130789,0.3606684640049934,0.04560196315869689,0.015843139635398983,0.037350894138216975,0.00023341418963140543
680,0.007207680042483844,0.00122083505957562,0.05624174277763814,0.011602165747899563,0.006531359416840132,0.010029755614232272,0.16461929436773062,0.12745785338338464,0.06862329132854939,0.35924349874258044,0.04579753475263715,0.016056844592094423,0.037700982112437484,0.0002320866025105015
681,0.007027918874518946,0.0012246253012563103,0.054387190565466884,0.011656423419481143,0.006572297605453059,0.010057859442895278,0.16398093421012164,0.12654535081237556,0.06721206698566676,0.3620911702513695,0.04559455392882228,0.01572865159250796,0.037289738468825814,0.00023076165958666977
682,0.00637528147053672,0.0011825521656646742,0.04831645165104419,0.011582313833059743,0.006471890040847939,0.009889147948706522,0.16436754912137985,0.12680921864230185,0.06685081627219916,0.3633022353053093,0.04562851330265403,0.01577681112103164,0.0372131840325892,0.00022943937393656182
683,0.007126215629978105,0.0012401438814777066,0.055240135069470855,0.01163518883404322,0.006467720153159462,0.009905560757033527,0.16423451341688633,0.12692347167758272,0.06686020754277706,0.36082022786140444,0.045668226573616265,0.01578279663808644,0.03734179083257914,0.00022811975861060341
684,0.007322876510443166,0.001196268816238444,0.05764023591764271,0.011622694111429155,0.006506507704034448,0.009954253939213231,0.16510733775794506,0.1274200269836001,0.06868674904108048,0.3644078314304352,0.0461143609136343,0.01621206933632493,0.03798922449350357,0.00022680282663286523
685,0.006767553521785885,0.001305419733580493,0.05096624419093132,0.011678619706071914,0.0065968496113782745,0.010139793896814808,0.16247667334973812,0.12542854549828916,0.06692168563604355,0.35825102776288986,0.045416975300759076,0.015734148398041724,0.03716798136010766,0.00022548859100093394
686,0.007185939446208068,0.0012036130794513156,0.05620972795877606,0.011561682418687269,0.0065059879299951716,0.009891182411229238,0.16383686438202857,0.12634437908418478,0.0675468847155571,0.3626010477542877,0.045722734089940785,0.01589625859633088,0.037453537527471784,0.00022417706468578463
687,0.00701796733046649,0.0012718503749056254,0.05380698768422008,0.011702759511535987,0.006568148438236676,0.010085740825161338,0.16322039756923915,0.1261298206751235,0.06732171848416328,0.35856370627880096,0.04574696971103549,0.0159634409006685,0.03756766952574253,0.0002228682606316528
688,0.006596081976022105,0.001149989691839437,0.05087176525266841,0.011501747672446072,0.006444032429135405,0.009822698059724643,0.16379121467471122,0.12675637645879761,0.06729576271027327,0.35812297016382216,0.04543200852349401,0.015694655012339354,0.037290848605334756,0.00022156219175590571
689,0.006930719154479448,0.0012594132213962438,0.05308078109519556,0.011643080279463902,0.006518307799706235,0.010046257133944891,0.16329876855015754,0.12608777687419206,0.06846262700855732,0.35981893092393874,0.0456108208745718,0.01584381046704948,0.03752087997272611,0.0002202588709489163
690,0.007496760495996568,0.0013661945304193068,0.05765197665896267,0.011698551441077143,0.006569861233583651,0.010143509454792365,0.16434409208595752,0.12697098017670214,0.06832819487899541,0.36137056797742845,0.04576992411166429,0.016032743733376265,0.03771438468247652,0.00021895831107393438
691,0.0071082362381275745,0.0013145932442057528,0.054264520900323986,0.011744134913897142,0.0066154039581306275,0.010236733756028116,0.1650691919028759,0.12742741735419258,0.06737577486783267,0.36408788710832596,0.045760396681725976,0.01588889039121568,0.03743546837940812,0.00021766052496696126
692,0.007275296116131358,0.0012161560158347128,0.05698473935481161,0.011567245586775243,0.0064660567470127715,0.009936098486650734,0.16445041298866273,0.12690658360952511,0.06730190180242061,0.3631866216659546,0.045534197706729174,0.015724228555336596,0.037370860762894156,0.00021636552543662156
693,0.007227291809977032,0.0012000065325992182,0.056678232201375064,0.011538434447720647,0.006434658064972609,0.009905827470356598,0.1627231040969491,0.12549137534806504,0.06691321711987257,0.36008682996034624,0.045438436698168515,0.015713593875989317,0.03725773189216852,0.000215073325264038
694,0.007407645223429427,0.0012266197345525143,0.05821626934921369,0.011528955143876373,0.006440971171832644,0.00989814533968456,0.1642377980053425,0.1269813429331407,0.06708879955112934,0.3602366343140602,0.04574831780046225,0.015891208639368416,0.03741290019825101,0.0002137839372027042
695,0.0073072425177088006,0.001178720113784948,0.05770607735030353,0.011450536956544966,0.006445193303807173,0.009817800924065524,0.1631712967529893,0.12605468552792445,0.06645289957523345,0.35892758816480635,0.04544290164485574,0.015749695897102355,0.03725637588649988,0.0002124973739783604
696,0.006411462037067395,0.0011291040700598387,0.049260752403642985,0.011425857164431364,0.006388276594225317,0.009649889945285395,0.16327590122818947,0.1261022532475181,0.06649566050618887,0.359478360414505,0.045510703790932895,0.015779817756265403,0.03718073097988963,0.00021121364828886597
697,0.00634017824777402,0.0010596318359603174,0.049274535465519874,0.011296016874257474,0.006358621374238283,0.009552316565532237,0.16372205205261708,0.12647736696526407,0.06808421947062016,0.3601694151759148,0.04558439366519451,0.01580261467024684,0.03745487183332443,0.00020993277280407496
698,0.006808533167350106,0.0011297084506622923,0.053243608796037734,0.01135251164669171,0.006370675665675662,0.009626481102895924,0.1640413895249367,0.12655282441992313,0.06718441564589739,0.3625560373067856,0.04574007885530591,0.01590802357532084,0.037424007151275876,0.0002086547601657117
699,0.006410013837739825,0.0010936142090940848,0.04961026679957285,0.011356542113935575,0.0064121002389583735,0.009663294412894175,0.1657368963584304,0.12810547607950867,0.0686951544135809,0.3639228716492653,0.04590905597433448,0.016047381842508913,0.03775209793820977,0.00020737962298724474
700,0.006695773554383777,0.0011163876054524735,0.05226358004147187,0.011275203636614606,0.006376190940500237,0.009554658291745,0.1632688544690609,0.12618748280219733,0.06617806144058705,0.3586222529411316,0.04530821712687612,0.01564914467744529,0.037076374515891075,0.00020610737385376313
701,0.006931007985258475,0.0011493038042317493,0.054259688779711726,0.011384773952886462,0.006401982381066773,0.009667649335460738,0.1638398513197899,0.12648578892694787,0.06838238891214132,0.36121573895215986,0.04567101011052728,0.01595346312969923,0.03771944809705019,0.00020483802532185227
702,0.007264520025637466,0.0012113116077671292,0.056926084554288534,0.011480181640945376,0.006549813636229374,0.009882341633783653,0.16410793736577034,0.12660183223197236,0.06764743775129319,0.36272735297679903,0.045679041929543016,0.015989563893526793,0.03763220710679889,0.00020357158991947004
703,0.006755736353807151,0.0011060548081331945,0.052953115466516466,0.011320216004969552,0.006398276949767023,0.009665406815474852,0.1649434445425868,0.12746423276839777,0.06748118679970502,0.36242044568061826,0.04580427315086126,0.016054023010656237,0.03769085211679339,0.00020230808014582227
704,0.007411793843493797,0.0015083983298609382,0.055379680765327066,0.011646035534795374,0.006625333342526574,0.010084319859743118,0.17833690904080868,0.13906793950591237,0.07936160825192928,0.3797238230705261,0.04719284232705832,0.017636409820988776,0.04016012800857425,0.0002010475084712404
705,0.008220655715558679,0.0017990759028180038,0.06043330644024536,0.011968849448021502,0.006943606803542934,0.01067326110205613,0.1642306251451373,0.12689648399828002,0.06802452094852925,0.36107287704944613,0.045492736902087924,0.01585002215579152,0.03747381307184696,0.0001997898873370577
706,0.0073878466690075585,0.0011670795594000082,0.05863880715332925,0.011379192146705464,0.006465126172406599,0.009821323057985864,0.16433583423495293,0.12688741616439075,0.06769136171787977,0.36211974918842316,0.045840988680720327,0.015981106692925094,0.03771665943786502,0.00019853522915548724
707,0.007390464056516066,0.0011488571244626655,0.05885905482573435,0.011369707551784814,0.006415359120001085,0.009757461075787432,0.1621164282783866,0.12499217889271677,0.06691383253782987,0.35900167673826217,0.045438199397176506,0.015765789011493326,0.037304934859275815,0.00019728354630949897
708,0.007376271786051802,0.0010845821763723507,0.05936879620421678,0.011323377047665418,0.006417121738195419,0.00967731248238124,0.1645442821085453,0.12739516532747075,0.06738312169909477,0.35920670479536054,0.045597143471241,0.015825100848451255,0.03738349005579948,0.00019603485115269687
709,0.006635363539680838,0.0010367695142122102,0.05246756530832499,0.011260910652345047,0.006330956841702573,0.009525341622065753,0.16437674816697836,0.12692209986271336,0.06694023963063955,0.3622275099158287,0.045695094484835865,0.01589978844858706,0.03749332167208195,0.00019478915600919838
710,0.006380086787976325,0.001085031843285833,0.04941214855061844,0.011309918330516667,0.006382077613670845,0.009602573630400003,0.16312937084585427,0.1260566950077191,0.06711813006550074,0.358452008664608,0.04556504040956497,0.015808770200237632,0.037354839593172075,0.00019354647317351147
711,0.006230808250256814,0.0010056378654553556,0.04875324298627674,0.011179429886396974,0.006312870873080101,0.009460790985031053,0.16386055592447518,0.126447536284104,0.06656325533986092,0.36186524033546447,0.04552328605204821,0.01580124730244279,0.037323751207441094,0.00019230681491041408
712,0.006633875847910531,0.001065458120956464,0.05217991431709379,0.01120833427994512,0.006312971588340588,0.009471460239728913,0.16437570583075284,0.12695914176292716,0.06725071668624878,0.3619016960263252,0.045551567990332845,0.015767853008583188,0.037335424404591325,0.00019107019345483234
713,0.006908285160898231,0.0010517813866499637,0.05506835586857051,0.011191261280328036,0.006292144942563027,0.009481713350396603,0.16317171026021243,0.12624480405356736,0.06752747613936663,0.35701570361852647,0.045452345814555886,0.015814615366980433,0.03748514410108328,0.0001898366210117216
714,0.006645042712625582,0.0010387280450231628,0.05257204981753603,0.011175738630117848,0.006279740293393843,0.009429092000937089,0.1640607811510563,0.1266358310240321,0.06667393893003463,0.361980015039444,0.045585975609719755,0.015761450212448836,0.03729707477614284,0.00018860610975594345
715,0.006724062260764186,0.0011153918074342073,0.052580416994169356,0.01124119091546163,0.006290240926318802,0.00953331498312764,0.1640907358378172,0.12672115672612563,0.06752547901123762,0.361398309469223,0.045653450582176444,0.015833901008591056,0.03745943168178201,0.00018737867183214702
716,0.0076197066926397385,0.0010764554244815372,0.06190943979891017,0.01129664268810302,0.0063187253312207755,0.009574821102432907,0.16527926381677388,0.12746149899903686,0.06857169084250928,0.3658085823059082,0.04589714184403419,0.015948268538340925,0.037703072652220726,0.00018615431935464945
717,0.00668111384002259,0.001076834885043354,0.05253806557739153,0.01122210884350352,0.006301505427109078,0.009533044800627976,0.1637301804497838,0.12625012118369341,0.06708367243409157,0.3624833256006241,0.04569554310292005,0.015890527982264757,0.03749049715697765,0.00018493306440731517
718,0.006318211255711503,0.0010608510088786715,0.04907973527442664,0.011182974016992375,0.00628635901666712,0.009485867788316681,0.16378925163298846,0.1264053046470508,0.06721630990505219,0.3615105301141739,0.04565660040825605,0.01598785719834268,0.03751390399411321,0.0001837149190434374
719,0.006332904595183209,0.001001800293852284,0.04984570750966668,0.011074006749549881,0.00625266463321168,0.009374221588950604,0.16406625621020793,0.12664647196652368,0.06673824358731509,0.3618979975581169,0.04565338734537363,0.015845888946205377,0.037376370187848805,0.00018249989528561922
720,0.006784747846540995,0.0010722859244197025,0.05362968943081796,0.011173955589765684,0.006300686317263171,0.00947881694883108,0.16479854770004748,0.1270782964420505,0.06744396202266216,0.3648016959428787,0.04596191188320518,0.016042257519438864,0.03768956055864692,0.00018128800512565475
721,0.006219712225720287,0.0010002124997299689,0.04872819582233205,0.011086648073978722,0.006247353786602616,0.009339429112151265,0.1645218662917614,0.12681673624319956,0.06711937468498945,0.36470893323421477,0.04577178666368127,0.01593992467969656,0.03750597080215812,0.00018007926052441048
722,0.007073299105104525,0.0011580345135371317,0.05563119063153863,0.011232269584434107,0.006375005579320714,0.009578697342658416,0.16393397562205791,0.12648033669684083,0.06697042919695377,0.36220211535692215,0.045776662137359383,0.01589476503431797,0.037525137141346934,0.00017887367341170757
723,0.006144243905146141,0.0010330210518077366,0.0476417675614357,0.01108067599707283,0.006271627686510328,0.00938617707870435,0.16437476631253958,0.12702545827487483,0.06735745798796415,0.36115916520357133,0.04571045273914933,0.01595896570943296,0.03761904975399375,0.00017767125568620402
724,0.005485878654872068,0.0009734518140248838,0.041680739994626494,0.010998196370201186,0.006219437588879373,0.009236094844527542,0.16463597286492587,0.12732459837570786,0.06772061251103878,0.3607620492577553,0.045762769598513844,0.01599584990181029,0.03764521228149533,0.0001764720192152774
725,0.005746778770117089,0.0009237378563739185,0.0447964868391864,0.01097037700819783,0.0061992306727916,0.009172415715875104,0.1642562411725521,0.12673296604771167,0.06684285122901201,0.36289995461702346,0.045775586273521185,0.015888236509636045,0.03746193740516901,0.00017527597583490785
726,0.006272694497602061,0.0009406543671502732,0.049870928190648554,0.011003307538339868,0.006244053560658358,0.009220595311489888,0.16588991396129132,0.12841564018744975,0.069292226806283,0.36232696622610094,0.045919947884976865,0.016158557124435903,0.03803490474820137,0.00017408313734956017
727,0.006888975568290334,0.0009880505276669282,0.05553488483419642,0.01107984916307032,0.006291972703184001,0.009388619317905977,0.16406433377414942,0.12670536113437264,0.0686254546046257,0.3612366631627083,0.04572669547051191,0.016038584522902966,0.037888063304126265,0.00017289351553206913
728,0.006555686755746137,0.0010432507124278345,0.0516408909112215,0.011118058249121533,0.00629928128910251,0.0094380549446214,0.16422556135803462,0.12672475427389146,0.06712053082883358,0.3627102419734001,0.0456480136141181,0.015841093193739653,0.03745098076760769,0.00017170712212352147
729,0.007272829617431853,0.0012510900311099248,0.056666575523559005,0.01129307781229727,0.006461014006345067,0.009770833508810028,0.17303028218448163,0.13457279363647104,0.0755558943375945,0.3717513784766197,0.04699028823524713,0.017127016093581915,0.03950530346482992,0.00017052396883314132
730,0.00860012511984678,0.0020526491564851314,0.06173685606336221,0.01177600304945372,0.006913508722209372,0.010599881253438071,0.1624635649845004,0.12516020887997,0.06707823965698481,0.36071750819683074,0.045667116343975064,0.015913160517811775,0.037595823686569926,0.00016934406733817362
731,0.006623364557162859,0.0011138656059301866,0.0515711807180196,0.011201377218822018,0.0064176618994679305,0.00966012491262518,0.16364678591489792,0.12619643229991198,0.06716281231492757,0.36219022870063783,0.045654499903321266,0.015911978716030718,0.037475277483463285,0.00016816742928377036
732,0.006124295348126907,0.001057593878249463,0.04721059803850949,0.011016152164665982,0.006265927851200104,0.009343100772821345,0.16383907459676267,0.12634637320879846,0.06829857025295497,0.3625971093773842,0.04569756677374244,0.01595193552784622,0.03767565293237567,0.00016699406628287386
733,0.005753160476160701,0.0009419866210009786,0.0446786406217143,0.010953321342822165,0.006212161827716045,0.009179270715685561,0.1643259922042489,0.12688788659870626,0.06702765878289937,0.3620824158191681,0.04564337087795138,0.015849728463217617,0.03744853306561709,0.00016582398991610322
734,0.00558513638243312,0.0009721244308821042,0.0427088333060965,0.01088999030762352,0.006216441700235009,0.009167956782039254,0.1633925223723054,0.12608975984621792,0.06658342573791742,0.360749714076519,0.04553495552390814,0.01585455466993153,0.037367365416139366,0.00016465721173163962
735,0.006923238751187455,0.0009282376820920035,0.05652898671105504,0.010916991176782177,0.006188124680193141,0.009140041904174723,0.16432432681322098,0.12690491636749357,0.0668555648997426,0.3619133040308952,0.04559494843706489,0.015809018351137637,0.03735126731917262,0.00016349374324511307
736,0.006436643248889595,0.0009325577950221487,0.05162727429997176,0.010900961188599467,0.006166935368673876,0.009100904772640205,0.16438258327543737,0.12684282762929797,0.06724954508244992,0.36311196237802507,0.04563419185578823,0.01579388533718884,0.03738267347216606,0.0001623335959394874
737,0.006455376774829347,0.0008926744891141425,0.05221947176614776,0.010876986314542592,0.006160762820218224,0.009083724784431979,0.16460722386837007,0.1269893425051123,0.06749989204108715,0.3638325989246368,0.045805316511541606,0.015925827901810408,0.03753356477245688,0.00016117678126494842
738,0.006406924428301863,0.0009103518010306289,0.05153878665296361,0.010915101773571223,0.006219589858665131,0.009160825086291879,0.16425099205225707,0.12689679712057114,0.06899658627808095,0.36116198301315305,0.04581348178908229,0.01608630265109241,0.03796227118000388,0.00016002331063879005
739,0.006195321895938832,0.000990965306846192,0.0486036179237999,0.010984498332254589,0.00621524027956184,0.009259137633489446,0.1653635364025831,0.12785352386999876,0.06715439837425947,0.36275486201047896,0.04575210232287645,0.015974351856857538,0.03759640082716942,0.00015887319544530149
740,0.007087482670613099,0.0009426449485545163,0.058024493511766195,0.010940836375812068,0.0061785776793840345,0.009179520956240594,0.16431418173015117,0.12655659683514386,0.06737888623028994,0.3652723103761673,0.04568859869614243,0.015829094406217336,0.03739380771294236,0.00015772644703565547
741,0.006317635740560945,0.0009818366059334948,0.04991910122334957,0.010993304353905841,0.0062011448695557195,0.00926524629467167,0.16365894880145787,0.12637345602270217,0.06676478255540133,0.36057078540325166,0.04554490307345986,0.015875455178320407,0.03742198161780834,0.0001565830767277956
742,0.006493687853799201,0.0008984561665783986,0.05255074368324131,0.010847632150398568,0.006160229178203735,0.009085806805524043,0.16352933030575514,0.12607206612592564,0.06720729768276215,0.36229673624038694,0.04554095026105642,0.015838455921038986,0.03747537713497877,0.0001554430958063254
743,0.006051811460929457,0.0009360508593090344,0.04775112759089097,0.010852199286455288,0.006180191283056047,0.009062251419527457,0.16375252958387138,0.12627062473911793,0.06654115058481694,0.36254352778196336,0.04555841106921434,0.015818921802565455,0.037377631198614834,0.00015430651552239652
744,0.006093195067660417,0.0008634922073724738,0.048921086639165876,0.010765483521390706,0.0061142275022575635,0.008922144398093223,0.16432621832937003,0.1270122457877733,0.0668272277340293,0.36084883362054826,0.0455885854549706,0.015865610726177693,0.037471037730574606,0.0001531733470935973
745,0.006302087673975621,0.0009001538335724035,0.05063617756823078,0.010804541682591661,0.006111256139411126,0.00896640690334607,0.16455021016299726,0.12722584118600935,0.06738387607038021,0.3609545737504959,0.04556543044745922,0.015880356170237066,0.03752418663352728,0.00015204360170384255
746,0.005541763735527639,0.0009406176852280624,0.042620284017175436,0.01082615858176723,0.006129716752911918,0.009029382525477558,0.16441397797316312,0.12691098395735026,0.06676681023091077,0.3626965835690498,0.045723859872668984,0.01594261354766786,0.03754713861271739,0.00015091729050326343
747,0.005982060154201463,0.0009469328870181926,0.04693843291606754,0.010912797710625454,0.0061513954889960585,0.009142312925541773,0.1638473253697157,0.12658843606477604,0.06680781561881304,0.3603270217776299,0.04548242511227727,0.015826872223988174,0.037440067064017056,0.00014979442460809662
748,0.006581707157602068,0.0009001509366498795,0.053413092414848505,0.010867496504215524,0.006144847179530189,0.009116715640993788,0.16390713769942522,0.12668805076973513,0.06664430778473615,0.3599033936858177,0.04558365009725094,0.015853530401363967,0.03753265151754022,0.00014867501510057497
749,0.005738475255202502,0.0009205011721860501,0.044783993368037046,0.01084134082775563,0.00613739374675788,0.009087548349634744,0.1640493178740144,0.1264099062886089,0.06756677702069283,0.3640839621424675,0.04565902790054679,0.015891746059060095,0.03758548134937882,0.00014755907302881896
750,0.005581381759839132,0.0008948509617766831,0.04348420927999541,0.010792063194094226,0.006113426963565871,0.008992021105950699,0.16391791850328447,0.12665337602375076,0.06665843203663827,0.36036953032016755,0.045554302353411916,0.015824876632541417,0.03738611014559865,0.00014644660940672596
751,0.005594031389045994,0.0008349104708941013,0.04423816303024068,0.01070014455472119,0.006065083466819487,0.00886069843545556,0.16416953299194575,0.12667554615763948,0.06654636133462191,0.3626683384180069,0.04552519768476486,0.015832225605845452,0.03738767970353365,0.00014533763521386284
752,0.006584363839647267,0.0008820531263154408,0.05364591547986493,0.010778559005120768,0.0061073959775967525,0.00892891368130222,0.16252316385507584,0.12546033269027249,0.06651620808988809,0.3584168180823326,0.045294735487550496,0.015762566635385156,0.03739896472543478,0.000144232161395357
753,0.006669681437779218,0.0009844937992966151,0.05343391696223989,0.010911918577039614,0.006177874619606882,0.009196532089845277,0.16418197173625232,0.12662747064605356,0.06674559488892555,0.3632465273141861,0.04562278101220727,0.015869543049484493,0.03749687811359763,0.0001431301988617891
754,0.006523167362320237,0.0008655813164295978,0.05320263649336994,0.010753208812093362,0.006112906339694746,0.008962491463171319,0.16305363830178976,0.12592752495547757,0.06663827151060105,0.3590342074632645,0.04538734359666705,0.015747293131425977,0.03734783623367548,0.00014203175848908408
755,0.006758884438022505,0.0008682981660967926,0.05553014362230897,0.010776049556443467,0.006102541231666691,0.009004826031741686,0.16444333158433438,0.127034814551007,0.0672352857887745,0.3617115065455437,0.04580543115735054,0.01606281204149127,0.037737279757857324,0.00014093685111840533
756,0.0060170503827976065,0.0009041913241162547,0.04774605601560324,0.010775496484711766,0.0061371759977191685,0.009019551254459657,0.16411815118044615,0.12657810302916914,0.06701293550431728,0.3631023928523064,0.04562579756602645,0.01586468596942723,0.03753227442502975,0.00013984548755604622
757,0.006133778594085015,0.0009251525261788629,0.04871114906854927,0.010748969035921619,0.006126584223238751,0.008981411904096603,0.16423079743981361,0.1267747368430719,0.0671612050384283,0.36226475834846494,0.04558866247534752,0.015890248492360114,0.0374954798258841,0.0001387576785733248
758,0.0063976110119256194,0.0008246006269473583,0.05237926425179466,0.01068272614502348,0.006071468855952844,0.008847024844726548,0.16409068200737237,0.12665654257871212,0.06643024198710919,0.3620607316493988,0.045591593720018864,0.015811467543244362,0.03739562155678868,0.00013767343490647647
759,0.005356142694654409,0.0008181978545508173,0.042055166163481775,0.010587785829557106,0.006033622348331847,0.008726278197718785,0.16487509682774543,0.12741938817780465,0.06732534505426883,0.3622067704796791,0.045746208913624284,0.016005511628463864,0.03771179225295782,0.00013659276725654833
760,0.006003780174069107,0.0008320447524965858,0.04835796571569517,0.01068225892377086,0.006114681871258654,0.008881780662341044,0.16389637161046267,0.12656869158381595,0.06836805045604706,0.3609340742230415,0.0457085776142776,0.01600500368513167,0.03788435952737927,0.00013551568628929387
761,0.005966153535700869,0.0008729617968128878,0.04756886035902426,0.010684415546711535,0.006130870978813619,0.00894459656556137,0.16406084448099137,0.12662860702257603,0.06677870079874992,0.3620044380426407,0.04568858267739415,0.015901348646730186,0.03754619788378477,0.00013444220263506766
762,0.006058478142949753,0.0008649900664750021,0.04857167926384136,0.010705259145470335,0.006110746445483528,0.008971832043607719,0.16449093017727137,0.12701796025503426,0.0665877815335989,0.3624208435416222,0.04564727237448096,0.015896977204829455,0.037509580701589586,0.0001333723268887198
763,0.00632249756163219,0.000853154081687535,0.05134709754493087,0.010653417947469278,0.006078262194932904,0.008872995429555885,0.16396055594086648,0.12648201441625134,0.06644557733088732,0.3624949872493744,0.04559249728918076,0.015859462786465883,0.03745480850338936,0.00013230606960949176
764,0.00638082931691315,0.0007983238417182293,0.052489519119262695,0.010622383130248636,0.006055291499069426,0.008789906531455926,0.1656496122479439,0.1279270605184138,0.06868840958923102,0.3647765025496483,0.045976484660059214,0.016268666787073015,0.03816401828080416,0.0001312434413209128
765,0.006156087950512301,0.0008097273310340824,0.05012564102653414,0.010623714851681143,0.006066107639344409,0.008822622598381713,0.1639449553564191,0.1261843705549836,0.06723030526190996,0.3652498185634613,0.045778204873204234,0.01600170214660466,0.03773171985521913,0.000130184452510695
766,0.0061165161620010625,0.0008583336712035816,0.04923201866913587,0.010682210588129237,0.006066819478292018,0.008863372000632808,0.16460968926548958,0.12699776182416828,0.0678524486720562,0.36375207751989364,0.0457565538585186,0.016079306695610286,0.037860230449587105,0.00012912911363063018
767,0.006381245313968975,0.0008506764767844289,0.051958314690273254,0.010650275775697082,0.006086589515325614,0.008884779590880498,0.16464920844882727,0.1270435897517018,0.06650834474712611,0.36374871134757997,0.04566466901451349,0.015872490499168633,0.037505348492413756,0.00012807743509648717
768,0.005587748991092667,0.0007967661882503308,0.04458253179909662,0.010593079047976062,0.006043399829650298,0.00875978809199296,0.16485197134315968,0.12722029561409726,0.06710844840854406,0.3640070840716362,0.04565485594794154,0.015893301786854865,0.03755439668893814,0.00012702942728790866
769,0.007009250450937543,0.0007993551007530186,0.05878096069209278,0.010570372454822063,0.006019590592768509,0.008684909337898717,0.16378825157880783,0.12637935482198373,0.06648159772157669,0.3618180245161057,0.04554055845364928,0.01581413052044809,0.03740810351446271,0.00012598510054830856
770,0.00530162651266437,0.0008225019216297369,0.04146713583031669,0.010578137409174815,0.006042407939094119,0.008763577823992818,0.16395292468369008,0.1265032568015158,0.06650298591703177,0.36224119663238524,0.04547801520675421,0.01579928589053452,0.037361754849553105,0.00012494446518476992
771,0.005940358462976292,0.0008150648067385191,0.047906716901343314,0.010655591689283029,0.006075503147440031,0.008864745034952649,0.1650662377476692,0.1274322587880306,0.06717165745794773,0.36400439739227297,0.04570842068642378,0.015968448808416726,0.03765166411176324,0.0001239075314679441
772,0.0053422096360009165,0.0007863753419769636,0.042246016953140494,0.0105368383374298,0.006024786426860373,0.008694351324811578,0.16467858981341124,0.12721323090372608,0.06726460866630077,0.3623134881258011,0.04575984627008438,0.015940656093880533,0.037737854197621344,0.0001228743096319478
773,0.006238187316921539,0.0008076854302089487,0.050986085121985526,0.01058403613860719,0.006010626324859913,0.008738193061435594,0.16377622354775667,0.1265823892550543,0.06628899052739143,0.35962984561920164,0.045618018880486486,0.01592427515424788,0.03757319571450353,0.00012184480987426384
774,0.005874862350174226,0.0008496841070154915,0.0469121738220565,0.010621760319918395,0.006076277718238998,0.008853071456542239,0.16357799265533685,0.12634837793884798,0.0660654267296195,0.3600585237145424,0.04539751084521413,0.01579078808426857,0.037334525212645533,0.0001208190423556388
775,0.005343334551434964,0.0008155223758876673,0.04196044504642486,0.010555164725519716,0.006033217662479729,0.00874945754185319,0.16504914481192828,0.127257425384596,0.06748699937015772,0.36552850604057313,0.045888747274875644,0.016054511163383724,0.03781717233359814,0.00011979701719998427
776,0.0058958418521797284,0.0008177434337994782,0.047435546712949875,0.010647519055055454,0.006079664723074529,0.008877154212677851,0.16363740656524897,0.12644860204309225,0.06623394098132848,0.35963662564754484,0.04545020060613751,0.015806617867201566,0.037393346335738896,0.0001187787444942759
777,0.006781106312701013,0.0007805039811501046,0.056699201161973176,0.010520790028385818,0.006013314047595486,0.008674400008749217,0.16432631742209197,0.12668216663878412,0.06695607844740152,0.36410379856824876,0.0457539844326675,0.01593438945710659,0.03761524548754096,0.00011776423428845408
778,0.005862796104338486,0.0007599555068736663,0.04773602255154401,0.010476248187478632,0.005985665725893341,0.008598327171057463,0.1645336054265499,0.1269440820091404,0.06693306602537633,0.36354484111070634,0.04578064987435937,0.015971181262284518,0.03761819778010249,0.00011675349659532477
779,0.005223906984610949,0.0007571664587885607,0.04134762160247192,0.010542242729570717,0.006056674051797018,0.008764824183890596,0.16480664815753698,0.1272561964346096,0.06695634629577399,0.36314062029123306,0.045808829460293056,0.016010561026632786,0.03777506807819009,0.00011574654139046145
780,0.005560984506155364,0.0007644094291208603,0.0446681339177303,0.01047627562074922,0.006011808125185781,0.00865744832844939,0.16357526332139968,0.12631290256977082,0.06644335798919201,0.360359725356102,0.04549270793795586,0.015826611267402767,0.03741366798058152,0.00011474337861210518
781,0.0057500055627315305,0.0007943348735352628,0.04625068607274443,0.010511601495090872,0.006018497180775739,0.008673405929584987,0.16396456323564051,0.1265557564678602,0.06676264125853777,0.3618113279342651,0.04556713923811913,0.01581669398583472,0.037470045033842325,0.00011374401816106753
782,0.00600432972132694,0.0007689614840273862,0.04905649438733235,0.010487237590132282,0.005998698006442283,0.008687839095364325,0.16444904152303935,0.12717592353001236,0.06675025280565024,0.3604312568902969,0.045616679918020965,0.015882717911154032,0.03754965551197529,0.00011274846990063289
783,0.005508124035259243,0.0007874542907302384,0.043909066310152414,0.010481947037624196,0.006006206019083038,0.008665445062797516,0.1637971444055438,0.12640955466777087,0.06731917057186365,0.36156824231147766,0.045615260303020475,0.015922863176092504,0.037701740954071285,0.00011175674365646057
784,0.0052508088658214545,0.0007638534635589167,0.04158497859025374,0.010441257996717468,0.005981615136261098,0.00858452623942867,0.16457386538386345,0.12706541575025768,0.06685632709413766,0.36277867704629896,0.04565375540405512,0.015875350590795277,0.0375154691748321,0.00011076884921648807
785,0.005439729988574981,0.0007694909843849018,0.0434295610350091,0.010410213790601119,0.005953925789799541,0.008511634165188298,0.16390487141907215,0.12661386454710738,0.06636249516159295,0.3606293201446533,0.04555211625993252,0.01585165848955512,0.03742210762575269,0.00010978479633083484
786,0.005923247021564748,0.00075678771127059,0.048379321675747634,0.010426645044935868,0.005999706673901528,0.00861317889066413,0.16411815360188484,0.12680656352313235,0.06638612579554319,0.36085553616285326,0.04549635928124189,0.015805437695235014,0.03743277993053198,0.00010880459471170569
787,0.006127029475464951,0.0007875874817727891,0.050098974222783,0.010487808764446526,0.005989418266108259,0.008650569498422555,0.1643738940358162,0.12694224790902808,0.06675422713160514,0.3620105668902397,0.04561179419979453,0.015917788073420525,0.03758846689015627,0.00010782825403329479
788,0.005058751226169988,0.0007455725285581138,0.03985539663117379,0.010412674356484786,0.005969273629307281,0.008583638205891475,0.16363580022007226,0.12643243508646265,0.0662651913240552,0.35978041142225264,0.04545917073264718,0.0158070623409003,0.0374205831438303,0.00010685578393169046
789,0.006646177388029173,0.0007562701728602405,0.055621806322596966,0.010417054663412273,0.005969269228808116,0.008576412804541179,0.1648918930441141,0.12741149500943721,0.06686943527311087,0.3624305009841919,0.04581989850848913,0.016047343006357552,0.03784264801070094,0.00010588719400477978
790,0.005601538289920427,0.0007881965766500798,0.044855995394755155,0.010435799631522968,0.0059513094805879515,0.00861621931544505,0.1645147118717432,0.12696491890819744,0.0673244321718812,0.3631385937333107,0.04574336791411042,0.016053103469312192,0.03781229425221681,0.00010492249381215455
791,0.005552436517609749,0.0007716890134361165,0.04450770855182782,0.010477732250001282,0.006021097479970194,0.008704944705823437,0.16528615672141314,0.12768787262029946,0.06790527738630772,0.3636353433132172,0.04572408413514495,0.016013287799432875,0.037805160693824294,0.00010396169287501625
792,0.005709068327269052,0.0008136941361954087,0.045652139524463564,0.010480316646862775,0.00602769190154504,0.00873935098061338,0.16419601254165173,0.12669027684023604,0.0667237438261509,0.3627514585852623,0.04561105584725737,0.01591829168610275,0.037627425696700814,0.00010300480067608207
793,0.006241202732780948,0.0007941890551592223,0.05118188434280455,0.010446400032378733,0.005994856300821994,0.008664097264409065,0.16498489510267972,0.12735243355855347,0.06683461219072342,0.36400950849056246,0.04564944533631206,0.015925985109061003,0.037592257186770436,0.00010205182665949184
794,0.006128179946972523,0.0007471115604857914,0.05054565075552091,0.010382017033407465,0.005943146295612678,0.008534398727351799,0.1642447467893362,0.12678407442290335,0.06651664488017558,0.3623224511742592,0.04556848704814911,0.015852695144712926,0.03748561125248671,0.00010110278023071431
795,0.005340123646601569,0.0007263650921231601,0.042876809975132345,0.010350608814042062,0.005953264809795656,0.008515137922950089,0.1644634660333395,0.12689430981408806,0.06682478170841932,0.36333058327436446,0.04580529015511274,0.015999595774337648,0.03771406225860119,0.00010015767075645463
796,0.005963679286651313,0.0007822937543096487,0.04853201034711674,0.010431615047855303,0.005977607690147125,0.008653733372921125,0.16477713491767645,0.12725294762058184,0.06679699961096049,0.3629026785492897,0.045720681361854074,0.015975252771750093,0.037720102537423375,9.921650756456139e-05
797,0.00627785587857943,0.0007540523254647268,0.05196614338783547,0.010393699066480622,0.005965759928221815,0.00859559056116268,0.164787420630455,0.12721077034948394,0.06647996921092272,0.3634322091937065,0.04571931743994355,0.015952055901288988,0.037686386983841656,9.827929994393597e-05
798,0.006877472762425896,0.0007273791761690518,0.05823584088357166,0.010389054712140933,0.005936416955955792,0.00854525823961012,0.1643787819892168,0.12694148941664024,0.06663823090493678,0.362026558816433,0.04571241736412048,0.016019243048503995,0.03773121377453208,9.734605714443882e-05
799,0.0050056873660651036,0.000727035376803542,0.03953142794780433,0.01034384630038403,0.005931610480183735,0.008485834707971662,0.16526138354092837,0.1273120767204091,0.06726177539676428,0.3671359896659851,0.04582298090681434,0.01596213555894792,0.03765805354341865,9.641678837679972e-05
800,0.0054445888614282015,0.0007380882683719392,0.04380414781626314,0.010352774150669574,0.005951512146566529,0.008502717281226068,0.16427453737705947,0.12676917754579337,0.06762565206736326,0.36272661238908765,0.04567462671548128,0.01596042509190738,0.03782113082706928,9.54915028125261e-05
801,0.005327404759009368,0.0007376263190963072,0.04265307508176193,0.010307512572035193,0.005916030053049326,0.008442303503397853,0.16492041535675525,0.12715212813345717,0.06715563274919986,0.36535338312387466,0.04573339810594916,0.015914039267227054,0.0376628546975553,9.457020958381311e-05
802,0.0054420837826910425,0.0007014299719230622,0.04416830484988168,0.010277511330787092,0.005913645957480185,0.008370834778179414,0.1642166642472148,0.12678804037859664,0.06680812183767557,0.36199252158403394,0.04559815488755703,0.01587030692026019,0.03756724745035171,9.36529177834528e-05
803,0.006480664103582967,0.0007102595861397277,0.05446713410783559,0.01027574140462093,0.0059088123583933335,0.008392597723286599,0.1647419175133109,0.12733899959130213,0.06649766825139522,0.361696794629097,0.04568979442119599,0.015972129302099347,0.03769343923777342,9.273963646474502e-05
804,0.005741175891307649,0.000716675976946135,0.04699712011497468,0.010316654510097579,0.0059227361663943155,0.008415513244108297,0.16429287679493426,0.12691061946097762,0.06643196549266576,0.36152827739715576,0.04558252627030015,0.015888921124860643,0.037580256815999746,9.18303746414078e-05
805,0.004927057791792322,0.0007052321499031678,0.03898331803502515,0.010271255730185658,0.005903431135811843,0.008388552418909966,0.1642073502764106,0.12680562783498317,0.06683219391852617,0.361707504093647,0.0456300251185894,0.01591845047660172,0.037723077461123466,9.092514128748813e-05
806,0.005791823977779132,0.0007071567786624655,0.04760004874551669,0.010312034335220233,0.00592107937700348,0.00844484610715881,0.16497625987976788,0.1270785515778698,0.06731901150196791,0.36662540435791013,0.04578392319381237,0.015974493604153393,0.03772001713514328,9.00239453372737e-05
807,0.005712501023663208,0.0007114213030945393,0.04676730935461819,0.010305848909774795,0.0059115845346241255,0.00845552519604098,0.16351621467620134,0.12633227633778005,0.06617676131427289,0.35960076451301576,0.04539969731122255,0.015793449059128762,0.03743972554802895,8.912679568520471e-05
808,0.005575144840986468,0.0007350999402660818,0.04515153359388933,0.010330116434488446,0.0059144586950424126,0.008495254573062994,0.16507248766720295,0.12730205978732556,0.06695330254733563,0.3653387546539307,0.045807352382689716,0.016020479425787926,0.0377870655618608,8.823370118578605e-05
809,0.005183495520032011,0.0007601550851177308,0.04097340643638745,0.010364364390261472,0.0059356225800001996,0.008594694460043684,0.1639461327344179,0.1265330830239691,0.06648083236068487,0.3618443444371223,0.04554687086492777,0.01588393384590745,0.037600211799144745,8.734467065349999e-05
810,0.005681071763683576,0.0007301012965399423,0.046257289592176676,0.01032422473654151,0.0059378491030656734,0.00851404401473701,0.16413829028606414,0.1267390073509887,0.06653520353138447,0.3617105782032013,0.04551328150555491,0.01589796240441501,0.03756925193592906,8.645971286271892e-05
811,0.004801159854105208,0.0007378507584689942,0.03737664864165709,0.010339901351835578,0.0059423050290206446,0.008554143738001585,0.165389596670866,0.12773608012357726,0.06668638102710248,0.3641897618770599,0.045738522335886954,0.01598841566592455,0.037736061681061986,8.557883654761883e-05
812,0.005265180095739197,0.0006904620846398757,0.04251569715561345,0.010254370816983282,0.00590304127545096,0.00838295451248996,0.1641433609649539,0.12665970966918394,0.06643244214355945,0.362556129693985,0.04553617853671312,0.015865733893588186,0.037538420595228675,8.47020504020935e-05
813,0.0053731269057607275,0.0007073082368151517,0.043428023240994665,0.010248127143131568,0.005902686202898621,0.008392388609354384,0.16485891211777925,0.12721531745046377,0.06682626008987427,0.36413094252347944,0.045619182661175726,0.015905645722523332,0.03760265512391925,8.382936307966815e-05
814,0.004908492145477794,0.0006866513972454413,0.03900606569368392,0.010199271776946262,0.0058624331752071155,0.008300456503638998,0.16417399290949106,0.12674074058886617,0.06658619903028011,0.36204719692468645,0.04556546807289123,0.015861194347962737,0.03755330694839358,8.29607831934141e-05
815,0.005471969922655262,0.0006801355569223233,0.04471234345110133,0.010171634005382657,0.005858365335734561,0.008268083131406456,0.16436967793852092,0.12704426035052166,0.0666297735646367,0.36096154898405075,0.04555998891592026,0.015903007052838803,0.037609750870615244,8.209631931586465e-05
816,0.006070991548767779,0.000690198915435758,0.05058635785244405,0.010220054030651227,0.005887785319646355,0.008341097610536963,0.16516738217324017,0.1274530891678296,0.06755591779947281,0.36475896239280703,0.04584666434675455,0.016073202062398196,0.037905046716332436,8.123597997892897e-05
817,0.0051911341666709635,0.0007051127222439391,0.04163703250233084,0.010227159661008045,0.005888748614233918,0.008374196971999481,0.16450033001601697,0.1270547239226289,0.06655106525868178,0.36216435134410857,0.045581163745373486,0.015877401223406196,0.03754740515723824,8.037977367380902e-05
818,0.00508148853405146,0.0006971690611862868,0.04061634409008548,0.010235633776756004,0.005898619843355846,0.008379010597127489,0.16447195764631034,0.12707289193058385,0.06679293159395457,0.3616729438304901,0.0456386698409915,0.015949895326048135,0.037666525971144435,7.952770885091529e-05
819,0.00547573257208569,0.0007011198184045497,0.044524098327383396,0.010218869778327644,0.005891271700966172,0.008376225683605298,0.16432578675448895,0.12682531694881619,0.06673565525561571,0.3627026125788689,0.04559980882331729,0.01591030163690448,0.0376123339869082,7.867979391978378e-05
820,0.00510961732652504,0.0006742768512594921,0.04114330585580319,0.010184093710267916,0.005866398317448329,0.008308524545282126,0.164668926037848,0.1272085737087764,0.06667338218539953,0.3622716352343559,0.04568912163376808,0.01597020202316344,0.03772180248051882,7.783603724899227e-05
821,0.005371131998253986,0.0006778169735298434,0.04372901546303183,0.01016530887573026,0.005855361884459853,0.008261335518909618,0.16485346313565968,0.12738908882020042,0.06733570005744696,0.3623084530234337,0.04566222820430994,0.016014373628422618,0.03782446309924126,7.699644716607876e-05
822,0.006211665821319911,0.0006883949318762461,0.052022316039074215,0.01018901050556451,0.005862954120675568,0.008286491740727797,0.16533424705266953,0.12774590378394352,0.06761610731482506,0.3635122448205948,0.04578228266909719,0.016073638293892144,0.03796739932149649,7.616103195745818e-05
823,0.005598103687225376,0.000674036996133509,0.046033179911319166,0.010184763802681119,0.005852668125589844,0.008300826427876018,0.16417470965534448,0.12679412375437096,0.06615889780223369,0.36152262389659884,0.04555437322705984,0.015861523058265447,0.03753994647413492,7.532979986834157e-05
824,0.005072772862331476,0.0006888334676659724,0.04062974175903946,0.010188558499794453,0.005859701917506755,0.008304078405490144,0.16434115432202817,0.12690396246034652,0.06640586704015732,0.3620569810271263,0.04561979407444596,0.015954933362081647,0.03771054036915302,7.450275910265394e-05
825,0.005010055575985462,0.000678734967004857,0.040109622827731076,0.010160555125912652,0.005857356960768811,0.008285467253881507,0.1645895389840007,0.12706959935603662,0.0664410213008523,0.3628888040781021,0.045628507435321805,0.015924460673704743,0.03760333834215999,7.367991782295372e-05
826,0.005562556878430769,0.0006580602812391589,0.04585254192352295,0.010125616734148935,0.00583650004118681,0.008219612424727529,0.16462872121483088,0.12699126728111879,0.06684241145849228,0.36400762051343916,0.045783957559615375,0.016050630109384657,0.03786532785743475,7.286128415035218e-05
827,0.005642190313665196,0.0006668979890491755,0.046540496975649145,0.010190734802745283,0.005871392651170026,0.00832481350225862,0.164379352144897,0.12672624866245313,0.06748972367495298,0.36419247537851335,0.04573114486411214,0.01596152689307928,0.037866787239909175,7.204686616443333e-05
828,0.005770142104302068,0.00068408674778766,0.04765519354259595,0.01016371474834159,0.005863084123120643,0.008296175565919838,0.1647253291681409,0.1271649179747328,0.06663780082017183,0.3632674291729927,0.04569741860032082,0.015985896112397313,0.03771293805912137,7.123667190317379e-05
829,0.004881911230040714,0.0006614669075133861,0.039011157723143695,0.010131189809180796,0.005835234341793694,0.008221065672114492,0.16464466881006956,0.12708616171730683,0.06647256650030613,0.36325298249721527,0.04570099683478475,0.015959495725110174,0.0376758947968483,7.04307093628636e-05
830,0.005626943454262801,0.0006511406294521293,0.046573361393529925,0.010098971682600677,0.005824361019767821,0.008178793406113983,0.1650169247761369,0.1274766423855908,0.06670096032321453,0.3630766376852989,0.04567445367574692,0.015956582548096777,0.0376656711101532,6.962898649802806e-05
831,0.004903084971010685,0.0006625941859056183,0.03922023026971146,0.01010245414217934,0.005820927076274529,0.008188099547987803,0.16425770688802005,0.12682897574268281,0.06626346688717603,0.36198719292879106,0.04559014178812504,0.01591025679372251,0.03759107142686844,6.883151122134795e-05
832,0.005289677725522779,0.0006656414391727594,0.043048766482388603,0.01011804526206106,0.005839933843526523,0.008214042545296252,0.16460890211164952,0.12719221803126857,0.066548222117126,0.36186210066080093,0.045592828374356034,0.015931004332378505,0.037651263922452924,6.803829140358208e-05
833,0.005115727150405291,0.0006629020260334074,0.04133432306116447,0.010126879654126241,0.005842761693929788,0.008258338994346559,0.16422843001782894,0.12698543866863474,0.06626110151410103,0.3601313024759293,0.045567212905734775,0.01592574892565608,0.037663263361901046,6.724933487349033e-05
834,0.0052915761829353865,0.000671918759962864,0.042985370417591186,0.010179170744959266,0.005876845310558565,0.008336973562836646,0.16453508678823708,0.1270517756813206,0.06656248029321432,0.3625086352229118,0.04564837450161576,0.015974039724096657,0.03770491257309914,6.646464941775482e-05
835,0.005575603143370245,0.0006646629131864757,0.0459131836425513,0.01013621964957565,0.0058448706971830685,0.008251709098112769,0.16495895702391863,0.12718958789482712,0.06694541033357382,0.36534914672374724,0.045727725885808465,0.015995108149945737,0.03777099987491965,6.56842427809043e-05
836,0.005157951958244667,0.0006479214715000125,0.04191939649754204,0.010090931045124308,0.005813607742311433,0.008182260862668045,0.1643603639677167,0.1268818986834958,0.06627648435533047,0.36248805075883866,0.04557343740016222,0.015909532876685263,0.037610426917672156,6.4908122665237e-05
837,0.005500082978687715,0.0006549970480591583,0.045261758624110374,0.010120473889401183,0.005825026519596576,0.008201288594864308,0.1648489598184824,0.1273329884163104,0.06658917684108019,0.36283894032239916,0.04564910447224975,0.015954769821837543,0.03770298268646002,6.413629673074545e-05
838,0.005740642482123803,0.0006489883960966835,0.04773134705610573,0.010092941974289716,0.005833022881415672,0.008215647010365501,0.16427664700895547,0.12676129688043147,0.06636370569467545,0.36283334642648696,0.04566341945901513,0.01593739287927747,0.03765530092641711,6.336877259503976e-05
839,0.005188121444371063,0.0006469860963989049,0.04222644547699019,0.010091093584196641,0.005833441889262758,0.008187133807223291,0.16447213757783175,0.12695607328787445,0.06641716621816159,0.3628312826156616,0.04568724576383829,0.01595957949757576,0.03772037010639906,6.26055578332735e-05
840,0.005204245513596106,0.0006400203754310496,0.0424630640889518,0.010077534924494102,0.005818398394330871,0.008165033973637038,0.16465017534792423,0.1270088045159355,0.0665696308016777,0.36409652680158616,0.04565476607531309,0.01593086514621973,0.03764087501913309,6.184665997806806e-05
841,0.004689932674227748,0.0006299181048234459,0.03743598150322214,0.01003289254149422,0.005787924359901808,0.00809069563401863,0.1646262712776661,0.1270958208711818,0.066425596550107,0.362995745241642,0.04564075358211994,0.015902628377079963,0.03761476268991828,6.109208651943906e-05
842,0.005449609986681025,0.0006295882249105489,0.04503468183102086,0.010039510048227385,0.005788164740079082,0.008105720256571658,0.1651044026017189,0.12749256729148328,0.06704930756241083,0.3637461870908737,0.04579413551837206,0.016066647600382566,0.03790276134386659,6.0341844904721806e-05
843,0.005274475521582644,0.0006437660801566381,0.043122371926438065,0.010091461829142645,0.005832142144208774,0.008178627025336027,0.16471309047192334,0.12717429908225314,0.06652750093489886,0.3630779400467873,0.04562787264585495,0.015921639977023005,0.03767868280410767,5.9595942538498064e-05
844,0.005099620009423234,0.0006393543811100244,0.041427783004473896,0.010061248316196725,0.005813113212934695,0.008148717501899227,0.164681657217443,0.12727310301270336,0.06640568934381008,0.3617699593305588,0.04562744600698352,0.015950470650568604,0.037703109346330164,5.885438678252317e-05
845,0.00570965209917631,0.0006422340095014079,0.047501901013311,0.010051467537414283,0.005809928200324066,0.008150894357822836,0.164811010658741,0.12714947970816864,0.06660642847418785,0.3642770692706108,0.0457132700830698,0.015977850556373595,0.03772821016609669,5.811718495565313e-05
846,0.005041228322079405,0.0006351309223646239,0.0408856712281704,0.010057587031042203,0.0058189231596770695,0.008164648993988522,0.16501842625439167,0.12728733932599426,0.06687069423496723,0.3649337008595467,0.04582765605300665,0.016058185929432513,0.03785786302760243,5.738434433377229e-05
847,0.005563113716198132,0.0006332635280159593,0.04612988430308178,0.010042064962908626,0.005801020396756939,0.008125813846709207,0.16462706532329321,0.12715512567665427,0.06658852491527796,0.362386466562748,0.04567765053361654,0.015986928110942246,0.03776116156950593,5.665587214972159e-05
848,0.005498486901342403,0.0006339678102904144,0.045475303661078215,0.010036133020184934,0.005813300631416496,0.008133504414581693,0.16467316634953022,0.12715130276046693,0.06641829963773489,0.36290359646081927,0.045636027678847314,0.015939103858545422,0.03765584789216518,5.593177559322762e-05
849,0.005326313457044307,0.0006227005803339126,0.04387106960057281,0.01002123368671164,0.005804060137597844,0.008101454071584158,0.16468023620545863,0.12714533442631365,0.06674187686294317,0.3630254089832306,0.04564677076414227,0.015971287293359636,0.03772844402119517,5.521206181083096e-05
850,0.006279602980066556,0.0006221286254003644,0.053408653038786724,0.010030216217273846,0.005800230843306053,0.00810684792813845,0.16404819805175067,0.12673286709468812,0.0661244098097086,0.36087615936994555,0.04551008064299822,0.015875673992559312,0.037559048365801574,5.449673790581596e-05
851,0.004799501883098856,0.0006119829361523443,0.038712277042213826,0.010020347993122413,0.005794209591113031,0.00810007619438693,0.1645097466185689,0.12698179710423574,0.06646004281938075,0.3629574880003929,0.04565718173980713,0.01595275611616671,0.03771582599729299,5.378581093814085e-05
852,0.005755129353201482,0.0006320370186585933,0.04806583389872685,0.010028296406380833,0.0057971470465417955,0.008123274429817685,0.16496967896819115,0.12736784461885692,0.0665205992758274,0.36369229257106783,0.045680238492786886,0.015950270742177964,0.0376829874701798,5.3079287924367966e-05
853,0.005298923354712315,0.0006234919798771444,0.04359100833535194,0.010021552914986387,0.0057949726877268406,0.008092870705877431,0.16453245766460894,0.12699922085739673,0.06636167448014021,0.3630265653133392,0.04562019938603044,0.015908595593646168,0.03763087783008814,5.237717583759407e-05
854,0.005191297574492637,0.000615938696955709,0.04259569224668667,0.010001861228374764,0.005787618682370521,0.008069331024307758,0.16482430119067432,0.12719335508299992,0.0665579903870821,0.36396685540676116,0.04573404984548688,0.01597904753871262,0.03773836195468903,5.1679481607381916e-05
855,0.00583419236500049,0.0006383862041730026,0.048793146898970005,0.010028202476678415,0.005796365856076591,0.0081300453573931,0.16476224027574063,0.12718728905310855,0.06643433738499879,0.3634141951799393,0.04569366807118058,0.01598305571824312,0.03771037328988314,5.098621211969209e-05
856,0.0054801371414214374,0.0006348530170726008,0.04529148282017559,0.01002149764681235,0.005785290146013722,0.008128894661786035,0.16432467382401228,0.12680242797359825,0.06653862819075584,0.36289518475532534,0.04566953247413039,0.01596666914410889,0.03776155058294535,5.029737421681432e-05
857,0.004934879484062548,0.0006228090410331788,0.03996413276763633,0.010003244294784963,0.005779613071354106,0.008078018474043347,0.16451131738722324,0.12703878909815103,0.06625294610857964,0.3624193772673607,0.04560054680332541,0.01592877428047359,0.03765713516622782,4.961297469730083e-05
858,0.004611207779089454,0.0006189193659338343,0.03677348027704284,0.009977419930510222,0.005769596018944867,0.008053912877221592,0.16448875218629838,0.12693830193020403,0.06628868617117405,0.3632001385092735,0.04559474429115653,0.01592710935510695,0.03764509838074446,4.893302031589844e-05
859,0.005306317703798413,0.0006210689423824078,0.04369262377731502,0.010012817318784072,0.005786495860957075,0.008095773292006924,0.1646861819550395,0.12718040723120794,0.06639377307146788,0.3627365976572037,0.045656817592680456,0.015949081117287277,0.037707135919481514,4.825751778348245e-05
860,0.005207996664103121,0.0006225480937246175,0.04269965715939179,0.009994184877723456,0.005779954386525787,0.008095448059611954,0.16445330549031495,0.1269827146665193,0.06634101402014494,0.36238830387592313,0.04563531065359712,0.015952702891081572,0.03767622141167522,4.7586473766990186e-05
861,0.005081686429912224,0.0006189461740177648,0.04147170085925609,0.00999092006823048,0.005787587756640278,0.00809052421245724,0.1650388428941369,0.1272673399420455,0.06691739615052938,0.36537008434534074,0.045752476900815964,0.015972480271011592,0.037755316309630874,4.6919894889355024e-05
862,0.006211166597495321,0.0006287752466960228,0.052666651562321934,0.010004090325674042,0.005782219619140961,0.00810073383327108,0.16466211136430503,0.1270845241146162,0.06653279177844525,0.3634561121463776,0.0456436132080853,0.015955057041719557,0.0376861097291112,4.625778772944136e-05
863,0.004811273032100871,0.0006036060541191546,0.03892898270860314,0.009968593914527446,0.005769838360720314,0.00803763594594784,0.16481190249323846,0.12719913095934315,0.06655063517391682,0.3638040736317635,0.04566398477181792,0.01595426769927144,0.03767382511869073,4.5600158821979796e-05
864,0.005272357462672517,0.0006080777125134773,0.04350200080079958,0.009945968259125948,0.005758011437137611,0.008010908038704656,0.16468173321336507,0.12715927285607903,0.06639443598687648,0.3629020094871521,0.04564545722678304,0.015967228962108494,0.03769832970574498,4.4947014657502034e-05
865,0.0053180690549197605,0.0005995364028422046,0.04404376462334767,0.009947520087007434,0.00576028787472751,0.008020781283266842,0.1647905958816409,0.12719684257172048,0.06659848745912314,0.3636150673031807,0.04563946900889278,0.015973089123144747,0.0377383204177022,4.4298361682277215e-05
866,0.005174531615921296,0.0006308107261247641,0.04228427011985332,0.009982427576323971,0.005782261784770526,0.00811473033099901,0.1647406954318285,0.1271660288795829,0.06642661727964878,0.3634070411324501,0.0456920369528234,0.01600623158738017,0.037765135429799555,4.365420629824849e-05
867,0.005536854993260931,0.0006053034538126667,0.046166738646570595,0.009974733158014715,0.005769148215767928,0.00804317615693435,0.1646294230595231,0.12705240080831573,0.06654004864394665,0.36346143037080764,0.045614353660494086,0.015929433051496744,0.03769519720226526,4.3014554862969324e-05
868,0.005121518499800004,0.0006015129415573028,0.04205992113566026,0.009941880078986286,0.005758789597894065,0.008020713436417281,0.16480731274932622,0.12713504557032138,0.06662054564803839,0.36439292430877684,0.045677230693399906,0.01597164748236537,0.037707981932908294,4.237941368954111e-05
869,0.004384305722487625,0.0005998336238008051,0.03470530899940059,0.00993777476833202,0.005759284115629271,0.008002967655193061,0.16487934496253728,0.1271717397379689,0.06667546089738607,0.3647349804639816,0.04570584828034043,0.015999809233471753,0.03775294553488493,4.174878904655087e-05
870,0.004967901132476982,0.0005948538446318707,0.040595404239138586,0.009926415223162621,0.005748927177046425,0.007973780660540797,0.16477141361683606,0.12716214965330436,0.06650879755616187,0.36377397179603577,0.04564844435080886,0.015944965137168764,0.03768367525190115,4.11226871580093e-05
871,0.004823152773315087,0.0006019227382239479,0.039071059529669584,0.009945385379251093,0.005760811222717166,0.00802140705054626,0.1647517867386341,0.12714544443879278,0.06658753156661987,0.36374608129262925,0.045639375876635316,0.01594732953235507,0.037718943785876036,4.0501114203289265e-05
872,0.0048584727235720495,0.0006053501081623835,0.03939414703054354,0.00993107542162761,0.005754315199737903,0.008007253526011482,0.1648929923772812,0.12730793872615323,0.06657858435064554,0.3635106489062309,0.04570202929899096,0.015997366420924662,0.037781390361487865,3.9884076317064796e-05
873,0.005634337184892502,0.0006029534372828493,0.04717343944357708,0.009945778123801574,0.005756210637628101,0.008009907466475851,0.16480129994452,0.12729136643465608,0.06640965156257153,0.362768779695034,0.045667022746056316,0.015985670732334256,0.03777181068435311,3.9271579589250695e-05
874,0.005197705098544248,0.0006012880674461484,0.0428292021737434,0.00992072043591179,0.005754119597258978,0.007999498295248486,0.16462433319538833,0.1271279046544805,0.06628770772367716,0.3626464158296585,0.045616372209042313,0.015972795197740197,0.03771503008902073,3.866363006494244e-05
875,0.005451961606740952,0.0005933403630479006,0.04545572673669085,0.00990831759700086,0.00574410237459233,0.007975028254440986,0.16440345775336027,0.1269740568706766,0.06628392990678549,0.36197226494550705,0.045622436236590146,0.015986408246681093,0.03779050800949335,3.806023374435652e-05
876,0.005210907524451613,0.0005940270189967123,0.043026164395269004,0.00994138719397597,0.005771816942433361,0.008067628566641361,0.16443303674459459,0.12698058570967988,0.06619586069136858,0.3622180759906769,0.045571821834892036,0.015960339549928905,0.03770459089428187,3.746139658277081e-05
877,0.005188458149496001,0.0006095138641285302,0.0426438074442558,0.009956744877854362,0.005771425088460092,0.008069416717626154,0.16482824515551328,0.1273214117740281,0.06640940587967634,0.3627498984336853,0.04561683442443609,0.01597531158477068,0.037758372537791726,3.686712449046659e-05
878,0.00530946724320529,0.0005942412613876513,0.044017224851995704,0.009921373665565624,0.005753801975515671,0.00800447162182536,0.16465693432837725,0.12703642669366672,0.06655851826071739,0.36388760805130005,0.04562962325289845,0.015957796713337302,0.037763760332018136,3.6277423332669265e-05
879,0.0052632868610089645,0.0005987227526929928,0.04351246855221689,0.009919817640911788,0.005746040496160276,0.00798875482287258,0.1645812949165702,0.12708122346084566,0.06637475900352001,0.3626808628439903,0.045631868205964564,0.015967246051877736,0.03776557082310319,3.569229892949134e-05
880,0.0059483281045686455,0.0005872450801689411,0.05048217965522781,0.009905501798493787,0.005737748237152118,0.007970362133346499,0.1649065723642707,0.12726792419562116,0.06645343471318484,0.3640403375029564,0.04570761611685157,0.016022861981764436,0.037795102875679734,3.511175705587417e-05
881,0.004641941004956606,0.000587850531519507,0.03741172343725339,0.009900450322311372,0.005745453297276981,0.007977256950107403,0.16464579552412034,0.12712120809592306,0.06625860948115588,0.36293657720088957,0.045594320818781855,0.01595223289914429,0.03769006542861462,3.453580344153202e-05
882,0.004699788670404814,0.0006020009299390949,0.03784469736274332,0.009909933537710459,0.00575596427952405,0.007993748073931783,0.16486798115074636,0.12722963276319205,0.06646762527525425,0.36404381692409515,0.045694454573094845,0.01600389895029366,0.03778920453041792,3.396444377089443e-05
883,0.004438328497053589,0.0005866756104296655,0.0353899099980481,0.009894710243679583,0.005738380659022368,0.007956666982499883,0.16500975713133811,0.12735224119387567,0.0665012126788497,0.3642285868525505,0.045708929654210806,0.016023983992636204,0.037807166762650016,3.3397683683050696e-05
884,0.004638613104179967,0.0005836878213813179,0.0374168663402088,0.009904410602757707,0.005757517539313995,0.007978663634276018,0.16463308669626714,0.1270854968111962,0.06634280383586884,0.36316242814064026,0.04561094017699361,0.015956307435408233,0.037721758149564265,3.283552877169389e-05
885,0.005469867153442465,0.0005828623290653923,0.04574468136415817,0.009882797847967594,0.005744030328060035,0.00796741154335905,0.16439581140875817,0.1269760493072681,0.06618390548974276,0.36189242750406264,0.04557109074667096,0.01595496674999595,0.03772768657654524,3.2277984585066264e-05
886,0.0054968709533568475,0.000583877918052167,0.04599713486386463,0.009911137796007097,0.005752833661972545,0.007983887000591494,0.16500101946294307,0.12732544126920403,0.06650248300284148,0.3644077152013779,0.04571292474865914,0.016027423040941357,0.03783337138593197,3.172505662590376e-05
887,0.005239271256141364,0.0005868269738130039,0.04339622431434691,0.009897049138089642,0.005744040047284215,0.00797506771341432,0.16507386174052954,0.12742735208012163,0.06685994118452072,0.36410286128520963,0.04574201032519341,0.016069173393771053,0.037931394390761854,3.117675035138202e-05
888,0.005130212458607275,0.0005881859449800686,0.04229119340889156,0.009895665355725215,0.005749690793163609,0.00798889902944211,0.16492583826184273,0.1273317307466641,0.06646856870502234,0.36359486132860186,0.045704268757253884,0.016026646271347998,0.03782932236790657,3.063307117306287e-05
889,0.0044062823872081935,0.0005825623798045854,0.0351132070471067,0.009879329928662629,0.005740631415392272,0.007956759163062089,0.16511296164244413,0.12744597742566838,0.06661430727690458,0.3643276676535606,0.04569363771006465,0.016017155861482023,0.03782170182093978,3.009402445684008e-05
890,0.005574175572837703,0.0005779914448794443,0.04684127818909474,0.009873921441612764,0.005728885797725525,0.007927761456812732,0.16477042492479085,0.12714845767477528,0.06636786404997111,0.36388867497444155,0.04565999135375023,0.01599497920833528,0.03776869336143136,2.9559615522887237e-05
891,0.004226108740840573,0.0005743496461036556,0.03340221743565053,0.009853964793728664,0.005722898463136517,0.007908403236069717,0.16486507132649422,0.127240030025132,0.06638549715280533,0.3639241099357605,0.045645938534289596,0.015985385375097395,0.03774472335353494,2.902984964560464e-05
892,0.004583417055255268,0.0005792072716758412,0.03692009361693636,0.009872024087235332,0.005737994145601988,0.007947500544833019,0.16479742880910636,0.12719063489930704,0.06644738372415304,0.3637444958090782,0.04563952125608921,0.015977834165096284,0.03778343731537461,2.8504732053567647e-05
893,0.0045758065200061536,0.0005773067299742251,0.036870903882663696,0.009848800877807661,0.005721665691817179,0.007910008792532609,0.16476399265229702,0.1271718676551245,0.06631739884614944,0.36359535753726957,0.04564287401735782,0.01598666710779071,0.03774576792493463,2.798426792947508e-05
894,0.0049283070358796975,0.0005701374420823413,0.04046762587386184,0.009849147032946348,0.00572119778371416,0.007902389386435971,0.16498793493956326,0.12735845838906243,0.066459409147501,0.36395646035671236,0.0456720202229917,0.016019554482772945,0.03779793754220009,2.746846241009756e-05
895,0.004457843335694633,0.0005766547657003685,0.03569697772618383,0.00985140124685131,0.005723135132575408,0.007916245452361182,0.1648524548858404,0.12723828855669125,0.06637679114937782,0.3638074710965157,0.04566637529060245,0.016004615323618056,0.03777379654347897,2.6957320586227266e-05
896,0.005277380967163481,0.0005774871601715859,0.04388309009373188,0.009855993359815329,0.00572324001986999,0.007918884526588954,0.1650274770334363,0.127369389613159,0.06642299778759479,0.3642383456230164,0.04569548657163978,0.016017021238803865,0.037794619984924796,2.64508475026278e-05
897,0.005246450949925929,0.0005726756059630134,0.04361989331082441,0.009860604716232046,0.00572869478201028,0.007921671055373735,0.1647975292056799,0.12719661812298,0.06635975334793329,0.3636785507202148,0.04565325072035194,0.015999269485473634,0.03776438338682055,2.594904815798396e-05
898,0.005058920869487338,0.0005699118317352258,0.04177531527820975,0.009847563510993496,0.005726311329635791,0.007905054150614887,0.16500749830156564,0.12737247525947168,0.06651409175246954,0.36401142328977587,0.045673968456685546,0.01602022028528154,0.03781671682372689,2.545192750485256e-05
899,0.0044322435598587616,0.0005732883722885162,0.03547660520998761,0.009843278798507526,0.0057214530126657335,0.00791709455079399,0.1649564452469349,0.1273492864682339,0.06649079099297524,0.3637307807803154,0.04567824937403202,0.016025756066665054,0.03782204315066338,2.4959490449614016e-05
900,0.00506540536734974,0.0005768986698967638,0.04176472980761901,0.009865865227766335,0.005735817768436391,0.007926426077028736,0.16483683977276087,0.1272404239862226,0.06638142839074135,0.36363448649644853,0.04565086681395769,0.015997452754527332,0.03777722343802452,2.4471741852423154e-05
901,0.004377989949716721,0.0005718981024983805,0.03494557866360992,0.00985379702760838,0.005722898837120738,0.007922922130092047,0.16512711215764284,0.12744282401399687,0.06671525947749615,0.3644903838634491,0.04571947986260057,0.01604311531409621,0.03787378612905741,2.3988686527161662e-05
902,0.005330892174970359,0.0005688610242941649,0.044501928007230164,0.00985891554155387,0.005733000484178774,0.007923734374344349,0.16479314118623734,0.12719390159472824,0.06642286609858275,0.3636704757809639,0.04563644211739302,0.01597307939082384,0.03777621490880847,2.351032924139055e-05
903,0.004482722817920148,0.0005683087036231882,0.036032471572980285,0.009838023880729452,0.0057203229109290986,0.007904460653662682,0.16493737921118737,0.12730170119320974,0.06638352368026972,0.36402478069067,0.04566543726250529,0.015994541253894566,0.03777527566999197,2.3036674716303198e-05
904,0.0048709061578847464,0.0005686517121830548,0.03990779721061699,0.009846479428233579,0.005727249497431331,0.007908032339764759,0.1648231077939272,0.12722885858966038,0.06634291503578424,0.3636141687631607,0.04564554467797279,0.015996023174375297,0.037764204759150745,2.256772762667845e-05
905,0.0050818994670407845,0.0005714449212973705,0.041990308405365794,0.009845015266910196,0.005726165676605888,0.007906612561782822,0.1650087172165513,0.12733080902835353,0.06650923490524292,0.36444033235311507,0.04568787543103099,0.016005552280694245,0.03779474059119821,2.2103492600834867e-05
906,0.005106448550941422,0.0005702238725461938,0.0422468202188611,0.00984831175301224,0.005728819005889818,0.007912404858507216,0.1652403526008129,0.12751228605629877,0.06672227643430233,0.364920349419117,0.04575320761650801,0.016048475122079253,0.03787164017558098,2.1643974220584656e-05
907,0.004280814903904684,0.0005671569960213674,0.034024905133992436,0.009836768510285764,0.0057216006011003625,0.007901706249685957,0.16498325243592263,0.12733264560811222,0.06651593092828989,0.3641685649752617,0.0456832773052156,0.01600419720634818,0.0377874156460166,2.1189177021188818e-05
908,0.004909678324474953,0.0005660364528011997,0.040323147107847034,0.009841707209125162,0.0057246470358222725,0.0079014714458026,0.16507483050227165,0.12737591089680791,0.06652983315289021,0.3646425947546959,0.04571192460134625,0.016020704386755825,0.037806526850908996,2.0739105491312015e-05
909,0.005143516413227189,0.0005716122167541471,0.04261207482777536,0.009824925241991878,0.005709906303673051,0.00788748181948904,0.1648875830695033,0.12728704515611752,0.06643703691661358,0.36366147845983504,0.045700496435165404,0.016019086260348557,0.03779768785461783,2.029376407297855e-05
910,0.005234439997002483,0.0005645606021062122,0.04359083255985752,0.009826387226348742,0.0057134164235321805,0.007881748894578777,0.1650184193626046,0.12737576640211046,0.06652369257062674,0.3640821263194084,0.04570182748138905,0.016020037420094013,0.03781354352831841,1.9853157161528404e-05
911,0.005209774617105723,0.0005670693828506046,0.04331628264626488,0.009834826359292493,0.0057190170671674425,0.007898170271073469,0.16472499147057534,0.12715910507831724,0.06640724577009678,0.3633322313427925,0.04564638398587704,0.0159868071321398,0.037761148530989885,1.9417289105573995e-05
912,0.0045308279106393455,0.0005667764418831212,0.03653094445471652,0.009831397031666711,0.005716449965257197,0.00789152163779363,0.16483449507504702,0.1272266531828791,0.06648011170327664,0.3637447789311409,0.04567468566820025,0.01599351838231087,0.037796809896826745,1.898616420695703e-05
913,0.004893242863181513,0.0005674104100762634,0.04014804846374318,0.009834562119795009,0.005716817441862076,0.007891722460044548,0.16495810970664024,0.12730444816406816,0.06651911493390798,0.36420277804136275,0.045674567390233275,0.015994289284572007,0.037777313683182004,1.8559786720706125e-05
914,0.005100433481857181,0.000567377541665337,0.0422234678757377,0.00982227194472216,0.00571318018482998,0.007885727248503827,0.16478647869080304,0.12720952824456616,0.06640191618353128,0.3634418025612831,0.04565324354916811,0.015985282650217415,0.037761861085891725,1.8138160854995087e-05
915,0.005112428839493077,0.0005662586370817734,0.04235446111997589,0.009819668880663813,0.0057165322010405365,0.007887485463288612,0.16490607839077712,0.12730472198454662,0.06646825056523084,0.3636709704995155,0.04568218672648072,0.016030851937830447,0.03782885894179344,1.772129077110096e-05
916,0.004661921905062627,0.0005631463358440669,0.037884005415253344,0.009809824195690453,0.00570892469258979,0.007873694587033242,0.1648847796022892,0.1272837816271931,0.06642967853695154,0.3636739894747734,0.04567258534952998,0.016007226705551148,0.037792173027992246,1.7309180583363e-05
917,0.004922937898663804,0.0005591562053268717,0.040536284603876996,0.009804560826160014,0.005703097950026858,0.007855313862091862,0.16492564752697944,0.127295238210354,0.06645218376070261,0.36396996676921844,0.045670149940997364,0.016000454127788544,0.03778060590848327,1.690183435914255e-05
918,0.00530966015503509,0.0005600389333267231,0.044394001341424884,0.009805540699744597,0.005705507897073403,0.00786483074480202,0.16482663433998823,0.1272834913805127,0.06635420937091112,0.3631055295467377,0.045639881398528814,0.015989630622789262,0.03776289960369468,1.6499256118782445e-05
919,0.004592565295752138,0.0005568651494286314,0.037254461902193725,0.009803474455839022,0.005709222011500969,0.007866519762319512,0.16478058211505414,0.12721496862359344,0.06638303585350513,0.3633259668946266,0.045656430348753926,0.015994647843763234,0.037781098019331695,1.6101449835567274e-05
920,0.005522024934180081,0.0005620624718176259,0.046497969998745246,0.00980366274015978,0.00570460625749547,0.007878571841865778,0.16502816658467054,0.1274338084855117,0.06655250266194343,0.3636078670620918,0.045673858001828195,0.016004407685250042,0.03781260028481483,1.570841943568441e-05
921,0.004645017144503072,0.000562194359008572,0.03772731381468475,0.009800612443359568,0.0057039555947994815,0.007863648256170563,0.16490140836685896,0.12734231563517823,0.06642495617270469,0.36325509399175643,0.04566784966737032,0.016011181520298123,0.037806643173098564,1.532016879818532e-05
922,0.005156660270586144,0.0005595674842879816,0.04286957448348403,0.009801184025127441,0.005705580170615576,0.007864112305105664,0.1648535331711173,0.1272907184669748,0.06636332906782627,0.3632927894592285,0.04567112307995558,0.016005790140479804,0.037794508319348094,1.493670175494705e-05
923,0.004772273616981693,0.0005557936641707783,0.039064370811684054,0.009797440352849662,0.005704699747730047,0.007861065538600087,0.1649360092356801,0.12734938665525988,0.06645281743258238,0.3635313928127289,0.045666994713246825,0.01600738991983235,0.037798994313925506,1.4558022090634454e-05
924,0.004922076441289391,0.0005560983052419032,0.040559908194700255,0.009795628150459378,0.005703732944675721,0.007857005321420729,0.16479086820036173,0.12723630350083112,0.0663319680839777,0.3632205411791801,0.04563920991495252,0.015986319445073605,0.03777898550033569,1.4184133542662964e-05
925,0.004894156167574692,0.0005605289079539943,0.040232834394555536,0.009805893420707434,0.005711297036032193,0.007886582211358472,0.1648040099069476,0.12722168462350963,0.06637477297335863,0.3634893596172333,0.04566609812900424,0.01600330090150237,0.03781546894460917,1.3815039801161674e-05
926,0.005080372358497698,0.0005554244301492872,0.042151010548695925,0.009792955254670232,0.005699384245963302,0.007854679535375908,0.16482439506798982,0.12725005267420783,0.06633717734366655,0.36340998113155365,0.045662359800189734,0.016004805080592634,0.03779853330925107,1.3450744508936696e-05
927,0.004568082887271885,0.0005544212292079465,0.03703448167070746,0.009801230172161012,0.005709440063219518,0.00786251695244573,0.16499151587486266,0.1273683270206675,0.06646140404045582,0.36389100551605225,0.045683360286057,0.0160212607588619,0.03782231668010354,1.3091251261435578e-05
928,0.005116026852920186,0.0005568125994614093,0.042491298756795005,0.009797368932049721,0.005706845124950633,0.007856770264334045,0.1650332070887089,0.12735351881710813,0.06648188475519419,0.36445105224847796,0.04570725169032812,0.016021826770156622,0.03781655943021178,1.273656360671134e-05
929,0.004592760877858382,0.0005569696073507657,0.03725858184043318,0.009793647023616358,0.005703005954273976,0.007850555109325797,0.16497314013540745,0.12731801486806943,0.06645790692418814,0.36421847343444824,0.0456713180989027,0.01599262240342796,0.03777431696653366,1.2386685045388272e-05
930,0.004789878569135908,0.0005570063411141745,0.039229474152671175,0.009792215510969982,0.005704021546989679,0.007848293340066448,0.1650626990944147,0.1273781850351952,0.06654883064329624,0.3644980937242508,0.045712277945131066,0.01602309700101614,0.03782348046079278,1.20416190306263e-05
931,0.00498670274973847,0.0005559571485719061,0.04120791973546147,0.009792448696680367,0.005705230878083967,0.007853868312668055,0.16502050384879113,0.12737094276817515,0.0664806928485632,0.36415653824806216,0.045687444321811196,0.01600772039964795,0.03780582919716835,1.1701368968087673e-05
932,0.004783402710745577,0.0005541575495044526,0.039195904426742346,0.009784412157023326,0.005698321192176082,0.007844009724794886,0.16495113857090474,0.12732076874235645,0.06643014084547758,0.36396427601575854,0.04568533701822162,0.01601173053495586,0.037807599920779464,1.1365938215903223e-05
933,0.004705178702715784,0.0005549818199142465,0.038403874717187134,0.009787052433239296,0.005703413175069727,0.007849125075154006,0.16486133821308613,0.1272698425571434,0.06635827850550413,0.3635876655578613,0.04565097745507955,0.01598544088192284,0.037773487996309994,1.1035330084639103e-05
934,0.005304662256094161,0.0005523929236915138,0.04442669819109142,0.009781831945292651,0.00569813943002373,0.007849383680149914,0.16507086493074893,0.12738669776590542,0.06652300842106343,0.3644796282052994,0.04575042119249702,0.01605995069257915,0.037881290167570116,1.0709547837263932e-05
935,0.004904449611785822,0.0005544895170714881,0.04039905007230118,0.009795543429208919,0.005707206457736902,0.007855969516094774,0.1648671930655837,0.12726901329588144,0.06636365354061127,0.3636526107788086,0.04565118392929435,0.01599480272270739,0.03778198128566146,1.0388594689117037e-05
936,0.005173723754705861,0.0005521534353647439,0.043119851860683414,0.009782102721510455,0.005697152196080424,0.007838608822203242,0.1649850782006979,0.12733980341581627,0.06642447263002396,0.364110504090786,0.04569427389651537,0.016016682237386705,0.03781089903786779,1.0072473807876537e-05
937,0.005223685357486829,0.0005510461272933753,0.04362948900670745,0.009782859770348295,0.005701658630277962,0.007843550632242114,0.16486894711852074,0.1272546595078893,0.06638750731945038,0.3638100102543831,0.045666228514164686,0.015997780254110694,0.037788230646401647,9.761188313527815e-06
938,0.0055017583290464245,0.0005497770074725849,0.046423890063306314,0.009781687456415967,0.005697925320419017,0.007844304345780984,0.1649071840569377,0.12731932770693674,0.06638801321387292,0.3635400220751762,0.04567726412788033,0.016015295637771487,0.03781114472076297,9.454741278332982e-06
939,0.004384660543291829,0.0005502683220584004,0.03524906553793698,0.009778521646512672,0.005695758201181888,0.007836226478684694,0.1649499535560608,0.12734369434183462,0.06639324314892292,0.3637196272611618,0.04569241860881448,0.016022275667637587,0.03782206736505032,9.15313572680057e-06
940,0.004849613564147148,0.0005492724268151506,0.0399075829423964,0.009779560973402112,0.00569958237465471,0.007836920593399554,0.16487366072833537,0.12728321423055605,0.06634419206529855,0.36357372999191284,0.04565745871514082,0.01599619472399354,0.03778258459642529,8.856374635655612e-06
941,0.004520605922152754,0.0005515269161151081,0.036595712846610694,0.009778323984937743,0.005697060510283336,0.007833354832837359,0.16491229888051748,0.12730734430951998,0.06635920945554971,0.3637120321393013,0.04567717863246799,0.016010264027863742,0.037804162967950104,8.564460933810388e-06
942,0.004648350948991719,0.0005485575301463541,0.03790359460399486,0.00977473469101824,0.005696964869275689,0.007831981466733851,0.16496613807976246,0.12731494239997118,0.06642232295125723,0.36416623592376707,0.04570547118782997,0.016023046476766466,0.0378228509798646,8.277397502335114e-06
943,0.0050418626167811455,0.0005506884784153953,0.04181639499147423,0.009777085937093944,0.00569964229944162,0.007837285299319773,0.16494785528630018,0.12732336203334854,0.06638930197805167,0.3639057129621506,0.04568348964676261,0.01601263559423387,0.03780172150582075,7.995187174430129e-06
944,0.004540122208709363,0.0005476563865158823,0.03683082261122763,0.009773934568511323,0.005695241686771624,0.007829891727305948,0.1649752689525485,0.12734706279588864,0.06639594174921512,0.36394194066524505,0.045685644075274465,0.01601490192115307,0.03780576670542359,7.717832735397312e-06
945,0.005509511685522739,0.0005489807002959423,0.046511428942903874,0.009774170856690034,0.0056952344384626485,0.007828884525224566,0.1648767801001668,0.12731025052489714,0.06631449181586505,0.3633334174752235,0.04565658289939165,0.01600274653173983,0.037791852839291096,7.445336922613044e-06
946,0.005136663134908304,0.0005472130146699783,0.042800591874402015,0.009774315916001797,0.00569522702426184,0.007831551259732806,0.1649164341390133,0.12733717180090026,0.06633738148957491,0.3634525015950203,0.045680757611989975,0.016019846126437188,0.037819765601307155,7.1777024255009545e-06
947,0.004298465634929016,0.0005475839738210197,0.03441570657305419,0.009770955017302185,0.005694591980136466,0.007828819699352608,0.1648732118308544,0.1273121602833271,0.0662924712523818,0.36327686309814455,0.04565985249355435,0.016008218144997956,0.03780223559588194,6.91493188550555e-06
948,0.004880550038069487,0.0005483149167048396,0.04023060007020831,0.009768075548345223,0.005690677824895829,0.0078238834743388,0.16481798999011515,0.12728854849701748,0.06625160463154316,0.3629679292440414,0.04563712514936924,0.01599531122483313,0.03778283772990108,6.657027896065961e-06
949,0.004423244268400595,0.0005471763942296093,0.03566944225458428,0.009766221651807428,0.005689958929724526,0.007821109748329036,0.16489752121269702,0.12732678005704656,0.0663140717893839,0.36336531937122346,0.04568333206698298,0.01602716944180429,0.037826212123036385,6.4039930025904055e-06
950,0.004441473436600063,0.0005482892321197142,0.035838956164661796,0.009770140243927018,0.005694288329686969,0.007826792661217042,0.1648038737475872,0.12724532621214166,0.06627126485109329,0.36325399577617645,0.045655150339007376,0.01600195006467402,0.03779224520549178,6.1558297024311524e-06
951,0.005057854883489199,0.0005466816149237274,0.04201972365844995,0.009767393820220604,0.005692644134978764,0.007821816037176178,0.16486742310225963,0.12728074111510068,0.06631227862089872,0.36352828294038775,0.04567517200484872,0.016017565364018084,0.037811098527163266,5.912540444859765e-06
952,0.004969292476016562,0.0005461202487822448,0.041138983692508194,0.00976869643200189,0.005694994438090362,0.007825419824803248,0.16489057131111623,0.1273051796015352,0.06632339023053646,0.3635159283876419,0.045675425045192244,0.016014391928911208,0.03780824169516563,5.6741276310430085e-06
953,0.0050438493330148045,0.000545884949315223,0.041888386255595836,0.009765329892979934,0.005690954645979218,0.007822265475988388,0.1649017734453082,0.12732158793369308,0.06631716955453157,0.36346117556095126,0.045681657269597054,0.016021769773215056,0.03781880354508758,5.440593614019091e-06
954,0.004878010984975844,0.0005472864247167309,0.04021431900328025,0.009769680711906403,0.00569494655210292,0.007828183672972954,0.16491161957383155,0.12733008390059694,0.06633977834135293,0.36347465217113495,0.04568000575527549,0.016023699939250947,0.037825905904173854,5.211940698674518e-06
955,0.00491934705642052,0.0005457676468722638,0.04064455206971616,0.0097651875927113,0.005691017711069435,0.007821591472020373,0.16487937811762093,0.12729839929379522,0.06631840486079454,0.3634713292121887,0.04567374298349023,0.016018545301631094,0.03781717540696263,4.9881711417212166e-06
956,0.0044560021429788325,0.0005458872376038926,0.0360091513954103,0.00976662581670098,0.005693359326687642,0.007821899969712831,0.16485040746629237,0.1272851395769976,0.06629044394940138,0.363319830596447,0.04565825248137116,0.016005947487428784,0.03779968600720167,4.7692871516743914e-06
957,0.004438171134097502,0.0005456771105855296,0.03583409823477268,0.009762909967685118,0.005691298673627898,0.007819916389416903,0.16492253337055446,0.12731941895326598,0.06634915620088577,0.3636906161904335,0.045682883262634276,0.016019898094236852,0.03782100006937981,4.5552908888306516e-06
958,0.0046404036125750284,0.0005440214429654588,0.03787356746615842,0.009760846069548279,0.005690418968151789,0.00781810813350603,0.1649221120402217,0.12732096853433178,0.06634299382567406,0.3636730596423149,0.04567701779305935,0.016014683060348034,0.03781278189271688,4.346184465246692e-06
959,0.005209821306925733,0.0005447117843687011,0.043559443205595016,0.00976476552314125,0.005693495756713673,0.007820084923878312,0.16491653230041264,0.1273174662142992,0.06633446142077445,0.36365107595920565,0.0456781099550426,0.01601975644007325,0.03781735897064209,4.141969944718592e-06
960,0.004448250669520348,0.0005453031637443928,0.03593802234390751,0.009763511572964489,0.005693748514750041,0.007819649146404118,0.16490998957306147,0.12732190289534628,0.0663375535979867,0.3635423377156258,0.04567328272387385,0.016019531385973097,0.03782037263736129,3.9426493427611055e-06
961,0.005504388263216242,0.0005455283126138966,0.046497257449664174,0.009763637080322952,0.005693072157737333,0.007819393192767166,0.1648605430498719,0.12728198471013458,0.06631382647901773,0.3634503945708275,0.04566534161567688,0.016010609921067953,0.03780790297314525,3.748224626588125e-06
962,0.004865368774335366,0.000544027006435499,0.04012306757504121,0.009760825912235305,0.005690917713218368,0.00781472063390538,0.16492496263235806,0.12732069523772224,0.06635113600641489,0.36370151340961454,0.04568376429378986,0.016022092709317804,0.037821804918348786,3.5586977150931954e-06
963,0.005515877198195085,0.0005445574801342445,0.04662270226399414,0.009760522734723054,0.005691949326137547,0.00781471078225877,0.16489965580403804,0.12730863076867535,0.0663323475047946,0.36357461512088773,0.04566717045381665,0.016010982170701026,0.03780430993065238,3.374070478830305e-06
964,0.005044886656105518,0.0005435327571831295,0.04192378422012553,0.009758254064945505,0.005690520265488885,0.007812912273220719,0.16492974441498517,0.1273301034932956,0.06635482273995877,0.36365567296743395,0.04568175636231899,0.016021741600707174,0.037819374538958075,3.1943447399957925e-06
965,0.005469810059003067,0.0005426708353297727,0.04618075757171027,0.009760736720636487,0.005692433973308653,0.007815836078952998,0.1649355798959732,0.12733067304361612,0.06635888200253248,0.36370749771595,0.04568483149632811,0.01602287576533854,0.03782132808119058,3.0195222724101375e-06
966,0.005115994562220294,0.0005438757447336684,0.04263053992763162,0.009760886000003665,0.005692354307393543,0.007816334729432129,0.1649235600605607,0.12732558415737003,0.06634867917746305,0.3636396020650864,0.04567986438050866,0.01602107654325664,0.03781969491392374,2.8496048015005297e-06
967,0.004909523428068496,0.0005437617120151117,0.04056598593015224,0.009762973489705474,0.00569518260017503,0.007819774723611773,0.1648773031309247,0.12728816233575344,0.06632580440491438,0.36355348378419877,0.0456734161823988,0.01601618668064475,0.03781308038160205,2.6845940042838276e-06
968,0.0051975269481772555,0.0005431744928500847,0.04345206763828173,0.009762199356919155,0.005695081347948871,0.007819338527042419,0.16490550842136145,0.1273056218866259,0.0663355752825737,0.3636592373251915,0.045678722113370894,0.016019399743527174,0.03781674988567829,2.5244915093499056e-06
969,0.004308131099969614,0.0005439711418148363,0.03455116403056309,0.009760105877649038,0.00569206852815114,0.007815412280615419,0.16492351833730937,0.12731277268612756,0.06634700372815132,0.3637665301561356,0.04568315977230668,0.016021440364420415,0.03782123988494277,2.3692988968458324e-06
970,0.0050925677336636,0.000542959601534676,0.042404381680535154,0.009763478563399985,0.005695015203673393,0.007819488257518969,0.16493787597864867,0.1273127529537305,0.06635782122612,0.36390996873378756,0.04568546125665307,0.016020651301369072,0.03781993743032217,2.2190176984599955e-06
971,0.004997602564981207,0.0005426927501503087,0.04145900062285364,0.009759068430867046,0.005691421337542124,0.007814276701537892,0.16491554863750935,0.12730212821625173,0.066342094540596,0.36379623115062715,0.04567571161314845,0.0160139596555382,0.037811583001166583,2.0736493974071678e-06
972,0.0046325253410032016,0.0005428453212516615,0.03780707536498085,0.009757853433256969,0.005690771840454545,0.007813119178172201,0.16494059637188913,0.12732117475243285,0.06635461933910847,0.363853619992733,0.045682843308895826,0.016020168084651232,0.03781887022778392,1.9331954284137425e-06
973,0.00487449707579799,0.0005421341402325197,0.040234314277768135,0.009756664896849543,0.005689904853352345,0.007812900134013034,0.16491678338497878,0.12730499729514122,0.0663426373153925,0.36377946883440015,0.045676402375102045,0.01601560367271304,0.037813265435397626,1.7976571777037994e-06
974,0.004980910955055151,0.0005419490266831417,0.041299723624251786,0.009757929557235912,0.005691544766887091,0.00781380652624648,0.16491582728922366,0.12730061433976517,0.06634988244622946,0.36381232291460036,0.04568082727491855,0.016018112283200027,0.03781621707603335,1.6670359829850612e-06
975,0.005501281219767407,0.0005419809461272961,0.04650290524587035,0.009758562367642299,0.005691919980745297,0.007814126153243705,0.164926752820611,0.1273052143631503,0.0663580009713769,0.3638751670718193,0.04568275222554803,0.01601815512403846,0.03781675668433308,1.5413331334360138e-06
976,0.004959671398682986,0.0005419927919319889,0.04108704397222027,0.009757536556571722,0.005691173177910969,0.00781250897271093,0.1649224976077676,0.1273073920980096,0.06634967718273402,0.3638112053275108,0.0456808433867991,0.01601829272694886,0.037817454617470506,1.420549869693029e-06
977,0.00445968364510918,0.0005419775348855183,0.03608733713626862,0.009757516556419432,0.00569110278156586,0.007812342530814931,0.16491436026990414,0.12730014602420853,0.06634875908493995,0.3638020917773247,0.04568125670775771,0.016019000997766854,0.03781902873888612,1.3046873838381508e-06
978,0.005457137149642221,0.000541676778721012,0.04606471013976261,0.009757752163568511,0.005691709826351143,0.007812649520928971,0.16492259856313468,0.127308276144322,0.06634887866675854,0.3638041362166405,0.04567812588065863,0.01601728769019246,0.037815291341394185,1.1937468193873833e-06
979,0.005236333148786798,0.0005415904869551013,0.04385849371319637,0.009755151020362974,0.00568951504828874,0.007810151635203511,0.16492312215268612,0.12731055524200202,0.06634762063622475,0.36378705501556396,0.04567691944539547,0.016016211500391363,0.037813809141516684,1.0877292712792555e-06
980,0.0049905307911103595,0.0005417437670985237,0.04139846799662337,0.009756253467639909,0.005690754977695178,0.0078113210445735605,0.16493431497365235,0.12731607534224168,0.06635737530887127,0.36384241580963134,0.04568132283166051,0.01601875592023134,0.03781741755083203,9.866357858642177e-07
981,0.00465967306663515,0.0005414404512521287,0.03809324267785996,0.009755392465740443,0.005690022176713683,0.007810645291465334,0.16493110526353122,0.12731331705581397,0.06635605078190565,0.3638377755880356,0.045681653916835784,0.016018797224387527,0.03781806444749236,8.904673608940958e-07
982,0.004845971673785243,0.0005412596232417854,0.039958208857569844,0.009754895366495476,0.005689655461173971,0.007810191370663233,0.16492537539452315,0.12730928214732556,0.06635284125804901,0.36382190585136415,0.04567852038890123,0.016016655974090098,0.03781491853296757,7.992249455124867e-07
983,0.004626020243449602,0.0005412257761236106,0.037758941762149334,0.00975490883574821,0.005690102968947031,0.00781052018282935,0.16494380440562964,0.12732197614386678,0.06636408623307943,0.36387756317853925,0.045683957450091836,0.01601972719654441,0.037819290440529583,7.129094402450999e-07
984,0.0051019317616010085,0.000541008479649463,0.042520164244342594,0.009755207726266235,0.005690129230788443,0.007810512417927384,0.16493630595505238,0.12731671046931298,0.06635918579995632,0.3638562589883804,0.04568100096657872,0.016017476702108978,0.03781639952212572,6.315216969912644e-07
985,0.004629587380622979,0.00054119661972436,0.03779530085157603,0.009753971378086135,0.005689060145232361,0.007809102663304657,0.16493914630264045,0.12732123555615543,0.06635752487927675,0.36383996456861495,0.04567905785515904,0.016016634553670882,0.037814609427005055,5.550625190150466e-07
986,0.004907793056918308,0.0005411083417129703,0.040578444342827424,0.009753384330542758,0.005688625344191678,0.007808748114621266,0.16493509467691184,0.1273174963425845,0.06635677069425583,0.36383674293756485,0.04567947508767247,0.016016814019531013,0.03781533632427454,4.835326609376453e-07
987,0.0049759198911488054,0.0005410250779277703,0.04126041539711878,0.009753681923029944,0.005688978129182942,0.007809115003328771,0.1649407461285591,0.12731961340177805,0.06636279541999102,0.36387124061584475,0.045682222861796615,0.016018285090103744,0.037817766331136225,4.1693282872995325e-07
988,0.005183733299782034,0.000540868967618735,0.043340111488942054,0.009753538086079061,0.00568911631271476,0.00780929954489693,0.16494376845657827,0.1273222940391861,0.06636318173259496,0.36387502700090407,0.04568117931485176,0.01601736298762262,0.03781692842021585,3.5526367970539657e-07
989,0.00520698177133454,0.0005409241552115418,0.04357217377983034,0.009753302688477562,0.005688706075306982,0.007808795155142434,0.16494547948241234,0.12732393472688272,0.06636378224939107,0.3638756603002548,0.04568146541714668,0.01601765598170459,0.03781712399795652,2.985258225135503e-07
990,0.004542926079011522,0.0005407491486948857,0.03693326257634908,0.009753404394723475,0.005689125205390155,0.007808991597266867,0.1649416895583272,0.12732150258962066,0.06636224053800106,0.36386229246854784,0.04568064725026488,0.016017309250310065,0.0378165939822793,2.4671981713419924e-07
991,0.004757650221290532,0.0005407430889135867,0.03908058170927688,0.00975337418494746,0.005689074800466187,0.007808862873935141,0.16494328603148461,0.127322740573436,0.06636255141347647,0.36386600136756897,0.04568022936582565,0.016016944590955973,0.03781609637662768,1.9984617487173113e-07
992,0.004538069221598562,0.0005408253392488405,0.03688416047953069,0.009752816497348249,0.005688569179619662,0.007808261679019779,0.1649362411350012,0.12731865858659147,0.06635783277451993,0.36383701115846634,0.04567810548469424,0.016015814850106835,0.03781464146450162,1.5790535835002957e-07
993,0.004965860268566757,0.0005407367513726058,0.04116307179210708,0.009752545494120569,0.005688266857760027,0.007807885343208909,0.16493945568799973,0.1273207925609313,0.06635957192629575,0.36384746581315996,0.045679316762834786,0.016016496624797583,0.03781543243676424,1.2089778150797776e-07
994,0.003995337254309561,0.0005406812392720894,0.03145823162049055,0.009752913453849033,0.005688726741936989,0.007808362750802189,0.16493924539536237,0.12732080412097274,0.06635928861796855,0.3638452529907227,0.04567930204793811,0.016016475204378367,0.03781550703570247,8.88238095955171e-08
995,0.004633212411135901,0.0005406479509474593,0.03783737564226612,0.009752747369930148,0.005688595813990105,0.007808213066891767,0.16493907663971186,0.12732064563315362,0.0663594739511609,0.3638451397418976,0.045679324120283124,0.016016578301787376,0.037815647572278975,6.168375916970595e-08
996,0.004798877831490245,0.0005406343908362033,0.03949410846689716,0.009752869309158996,0.005688761279452592,0.007808373245643452,0.16493871659040452,0.12732033523498104,0.06635949406772852,0.36384467631578443,0.045679366961121556,0.016016596974804998,0.03781563164666295,3.9477898091944e-08
997,0.004225297886296176,0.0005406107990893361,0.033758578676497564,0.009752776945242658,0.0056886861508246515,0.007808295302675105,0.1649395026266575,0.12732094367966057,0.06635969504714012,0.3638464167714119,0.04567945124581456,0.016016595531255007,0.03781574508175254,2.220644552508581e-08
998,0.004412071472324896,0.0005406050182500622,0.03562640615273267,0.009752678585937247,0.005688608787022531,0.007808207519701682,0.16493904478847982,0.12732047911267727,0.06635960172861814,0.36384652107954024,0.04567935736849904,0.016016505332663654,0.03781560836359858,9.8695719314423e-09
999,0.005564135032182093,0.0005405913307185983,0.047147176484577356,0.00975268626352772,0.00568861348729115,0.0078081971587380394,0.16493882052600384,0.1273203368880786,0.0663594987243414,0.3638457119464874,0.045679332222789526,0.016016477113589646,0.037815572787076236,2.4673990708934305e-09
1000,0.005047346258652397,0.000540586513307062,0.04197933941613883,0.009752677578944713,0.005688611287041567,0.007808196771657094,0.16493877358734607,0.12732029346516355,0.06635948810726404,0.363845694065094,0.04567932775244117,0.01601647133938968,0.03781557781621814,0.0
