epoch,train_mse,train_rel_l2,val_mse,val_mae,val_rel_l2,lr
1,0.9341850930679356,0.9573230724781752,0.9420581866521388,0.28814504146575926,1.065670919418335,0.0009999975326009292
2,0.7977318295990699,0.9377131927758455,0.7944401621818542,0.3200648494064808,2.120489764213562,0.0009999901304280684
3,0.8147348744634655,0.9042740855365992,0.6277114657685161,0.23990832529962064,1.3263246804475783,0.000999977793554475
4,0.7454068297818595,0.8684087984263897,0.6923631248995662,0.27865548692643644,1.3377209097146987,0.0009999605221019082
5,0.6875530577439349,0.8259776936843991,0.8405518636107445,0.32607191801071167,2.7203316509723665,0.0009999383162408303
6,0.7150756090028153,0.8392914544790984,0.6858009422197938,0.26527164578437806,1.3889837652444839,0.0009999111761904045
7,0.666200358212518,0.8351435046643019,0.6468776921276003,0.277766327932477,1.0251790940761567,0.000999879102218492
8,0.644098348587795,0.800151195563376,0.6046286304481328,0.2425145234912634,1.3976302295923233,0.00099984209464165
9,0.626757381573043,0.8041880322620273,0.7890424072742462,0.3652462221682072,2.5371994495391847,0.000999800153825128
10,0.5945379658316596,0.7886201314628124,0.9433781035244465,0.3994741890579462,2.8809371292591095,0.0009997532801828656
11,0.6087699209430866,0.7989009529352188,0.5369673521257937,0.21422032210975886,0.9557830452919006,0.0009997014741774863
12,0.6122380981010792,0.7805312732234597,0.695581235550344,0.2854634329676628,1.9068152725696563,0.0009996447363202945
13,0.5751801469428756,0.7776954771950841,0.5021445527963806,0.19183634091168641,0.7764950513839721,0.00099958306717127
14,0.5877799377311022,0.7738393986597657,0.4988614073488861,0.20967081785202027,1.0627882391214372,0.0009995164673390624
15,0.5638994828430441,0.7743259241804481,0.5407389730215073,0.22648464571684598,1.0616165578365326,0.0009994449374809851
16,0.5601856108594803,0.7799925319850445,0.7704787358641625,0.3108065739274025,2.330963361263275,0.0009993684783030088
17,0.581139081036963,0.7495983688160777,1.558198055624962,0.4764708332717419,4.6437185972929,0.0009992870905597548
18,0.562502933160431,0.7651197157800198,0.6773963780142367,0.2914765292778611,2.0397983729839324,0.0009992007750544874
19,0.5460455074578932,0.755042908526957,0.4552412564866245,0.1926766224205494,0.8450787097215653,0.0009991095326391058
20,0.5541229252197809,0.7497334768995643,0.46176285756519064,0.20224377755075693,0.9321866542100906,0.0009990133642141356
21,0.5411179453716614,0.7468818759545683,1.4872291897423566,0.4510373279452324,4.290083554387093,0.0009989122707287207
22,0.540032499611334,0.73558578658849,0.47259617059025916,0.20131079163402318,1.017022866010666,0.0009988062531806124
23,0.5354111092270614,0.7403026551008225,0.46402270419057456,0.19798765741288663,0.8926977902650833,0.0009986953126161617
24,0.518770223156389,0.7263158043846488,0.4361305681057274,0.18516811206936837,0.8038664937019349,0.0009985794501303066
25,0.5218393599134288,0.7395416535437107,0.5456881549209356,0.24087442681193352,1.3256150364875794,0.0009984586668665637
26,0.5168120547019498,0.7314594281837344,0.4535142864100635,0.18668996077030897,0.7937508910894394,0.0009983329640170144
27,0.5027242457930697,0.7350117737427354,0.5555354221723974,0.24107090961188077,1.456892541050911,0.0009982023428222956
28,0.49759988624209656,0.7223962921649217,0.42315096765523774,0.18106117211282252,0.7505988225340843,0.0009980668045715857
29,0.5036741520398209,0.7219022966921329,0.5058235934469849,0.19435517992824317,0.9712080985307694,0.0009979263506025922
30,0.5324115565232205,0.7341737922281026,0.42701001960667784,0.17233548993244768,0.7213616997003556,0.0009977809823015393
31,0.5175007429275865,0.7331429999321699,0.4625260614790022,0.20960380118340255,1.03342557400465,0.0009976307011031536
32,0.4928084715582372,0.7200250398367644,0.4183836463605985,0.1738027086481452,0.7190904021263123,0.0009974755084906496
33,0.5030426642235397,0.7239799670875072,0.5580934226512909,0.25410415735095737,1.5555214434862137,0.0009973154059957155
34,0.5019747807848034,0.7311468346044421,0.4410597116686404,0.18691398091614247,0.8179885655641556,0.0009971503951984987
35,0.5014212178517482,0.7217304211109876,0.4290550781879574,0.18165166042745112,0.8601189106702805,0.0009969804777275892
36,0.48582764241291443,0.7177277643233537,0.4427825393388048,0.19874584227800368,0.8590122789144516,0.0009968056552600035
37,0.49628497797602905,0.7106414855457842,0.44500405943254007,0.1836889147758484,0.7346584081649781,0.000996625929521169
38,0.49504159288590016,0.7154727142304182,0.5770291276276112,0.2731274012476206,1.9607566595077515,0.0009964413022849061
39,0.49121004972839727,0.7161596197634935,0.440238212805707,0.18491496229544283,0.8276505798101426,0.0009962517753734112
40,0.4856181055365596,0.7146063573658467,0.4108403024612926,0.16976816039532422,0.7286897525191307,0.0009960573506572383
41,0.4824619499257096,0.709446938149631,0.4140226169023663,0.17122673755511642,0.7200590819120407,0.0009958580300552808
42,0.4751526862177343,0.7106182129122317,0.4225988083926495,0.17475249245762825,0.7108522713184356,0.0009956538155347526
43,0.4739928563900321,0.6999380638822913,0.43074644738808276,0.18774043656885625,0.9829926759004592,0.0009954447091111687
44,0.4797218107589288,0.7178855398669839,0.44816707517020404,0.18662996692582964,0.7440954759716988,0.0009952307128483248
45,0.4779813486529747,0.7055910002440214,0.3935575700365007,0.16255592703819274,0.7039881706237793,0.000995011828858278
46,0.4694116706621571,0.7076911383308471,0.42587795078288765,0.19079836923629045,0.8418986082077027,0.0009947880593013246
47,0.4762822403728933,0.7030389223247766,0.4199473206419498,0.18867300748825072,1.0430165335536004,0.00099455940638598
48,0.4670030069904897,0.7056686909869313,0.39762189640896395,0.16571902884170414,0.7563807085156441,0.0009943258723689563
49,0.4725842676769389,0.7076219687238335,0.39883176077855753,0.16736780339851975,0.7698156103491783,0.0009940874595551397
50,0.4665921516614617,0.7077154278755188,0.46696609710343184,0.22664265297353267,1.3080787867307664,0.0009938441702975682
51,0.46432060094739425,0.7079139038920402,0.39691352219088005,0.16487909611314536,0.7075503185391426,0.000993596006997409
52,0.46424634969880574,0.6955831712111831,0.6214325049892068,0.304275868460536,1.9099692493677138,0.0009933429721039333
53,0.4646881233114982,0.7036807392723858,0.5599178260192275,0.27983637191355226,1.7156383037567138,0.0009930850681144938
54,0.4624932196966256,0.6963081426918507,0.4202542813494802,0.17501176623627543,0.784876012802124,0.0009928222975744982
55,0.47429087734890346,0.7049255205318332,0.5268499091267586,0.23499731551855801,1.3763534873723984,0.000992554663077386
56,0.4688318172273284,0.7078516166657209,0.3856666619423777,0.16139642409980298,0.7532967805862427,0.0009922821672646018
57,0.4579524306733219,0.6959913736209273,0.5766371738165617,0.2925672326236963,1.9604449778795243,0.0009920048128255691
58,0.4510679029532184,0.6917505791410804,0.604510292224586,0.2975786078721285,2.16237590610981,0.0009917226024976642
59,0.4560337998431351,0.6892879202961921,0.40551768806762994,0.20107351373881102,1.047948095202446,0.0009914355390661888
60,0.4526873730814259,0.6979545377194881,0.7969472344964743,0.31166321970522404,2.8401846438646317,0.0009911436253643437
61,0.4492229403826059,0.7077444052323699,0.3889704075292684,0.17159734209999442,0.7272494897246361,0.0009908468642731987
62,0.453306273756607,0.694643835350871,0.3783254788897466,0.1618720398284495,0.6859864816069603,0.0009905452587216663
63,0.4466910048082354,0.6959866162389516,0.45867206663824617,0.25325210578739643,1.2974678784608842,0.0009902388116864716
64,0.44327963074829313,0.6894690982997418,0.41655276766978205,0.19108210895210503,0.889917217195034,0.0009899275261921227
65,0.4383817479214486,0.6915762651711702,0.4293747128918767,0.17604634016752244,0.8625740557909012,0.0009896114053108821
66,0.4398514902575698,0.6938078258186579,0.4287180521991104,0.1796252100728452,0.725049290060997,0.0009892904521627353
67,0.4435027447263565,0.6887403970584274,0.4103706882800907,0.1812017098069191,0.8443344011902809,0.0009889646699153601
68,0.42207213383662745,0.6809600392356515,0.42100793838035316,0.19709186647087334,0.9861211642622948,0.0009886340617840958
69,0.4326017927707653,0.6906047804281116,0.4716820991365239,0.2287047065794468,1.2454318419098853,0.0009882986310319113
70,0.4303049295976962,0.6856771549209952,0.3716241839225404,0.16089099533855916,0.7085185587406159,0.0009879583809693727
71,0.4374302105312381,0.6970831686630845,0.41981476652435956,0.20269519463181496,1.0278311491012573,0.0009876133149546106
72,0.4341330048893724,0.6859550707042217,0.5546449454501271,0.2513971645385027,1.8555001392960548,0.0009872634363932876
73,0.41716367143089883,0.6754313718527556,0.42618256914429364,0.19146059826016426,1.0395429223775863,0.0009869087487385634
74,0.41105606926248583,0.6698670061305165,0.5442616425454616,0.26097218245267867,1.5676505774259568,0.0009865492554910623
75,0.4004710471046565,0.6798406526446342,0.38153882742626594,0.16487025497481228,0.717117877304554,0.0009861849601988373
76,0.4073924431242631,0.6863089120015502,0.4144539216067642,0.18984116595238448,0.9392892971634865,0.000985815866457336
77,0.4150267864039051,0.6725510600954294,0.3606035919045098,0.1600321932695806,0.7065194681286812,0.0009854419779093645
78,0.39524396796587097,0.6687575241550803,0.4572521806228906,0.20172611400485038,1.1067172825336455,0.000985063298245052
79,0.405213370677302,0.6775885593146086,0.37959782232064754,0.1749623602256179,0.8255659684538841,0.0009846798312018136
80,0.4091839787248318,0.6693896582350135,0.4163077291101217,0.21502729039639235,1.0464194551110269,0.0009842915805643145
81,0.39357680672837886,0.6729612989351154,0.3785825097118504,0.1695980705320835,0.6796300038695335,0.0009838985501644318
82,0.39042188751627693,0.6706349546089768,0.4822711331769824,0.2381806757301092,1.6057426452636718,0.0009835007438812166
83,0.39968435265800506,0.6575948126614094,0.3596240312792361,0.16967217717319727,0.7861570909619331,0.0009830981656408565
84,0.3859896731115441,0.6626180993393064,0.35255764005123635,0.15779969254508613,0.6731224089860917,0.0009826908194166361
85,0.39575393987724966,0.6569488005712628,0.35122148467926306,0.1632245377637446,0.7170850291848183,0.000982278709228898
86,0.3872956930179498,0.6619033826515078,0.37248973159585147,0.17466608099639416,0.8254554584622383,0.000981861839145004
87,0.3943927643686038,0.6574066746979952,0.33227207863237707,0.15650441460311412,0.6976078152656555,0.000981440213279293
88,0.3718400687594112,0.656035871990025,0.40148054345045237,0.18768693301826717,0.8341584637761116,0.000981013835793042
89,0.40986771313528153,0.6631863787770271,0.3373729599639773,0.15483387019485234,0.6760712131857872,0.000980582710894425
90,0.3786343795931316,0.6674707001075149,0.39554290345404297,0.18053597770631313,0.8429053485393524,0.0009801468428384706
91,0.3849213990753924,0.6515528758987784,0.40522202752763403,0.16508230622857809,0.7163551583886146,0.0009797062359270204
92,0.38426076370087686,0.6534194279462099,0.39055076983058823,0.16377472095191478,0.7071283251047135,0.000979260894508687
93,0.3734979398759606,0.6688066294416786,0.38461532627698036,0.18744239769876003,0.8434749990701675,0.0009788108229788102
94,0.3687717327236896,0.6471571069210768,0.4922893586568534,0.22779716812074186,1.608188383281231,0.0009783560257794143
95,0.3835472201808443,0.6621895465999842,0.3860520976828411,0.17306828731670976,0.7502401188015938,0.000977896507399164
96,0.3731842557504933,0.652439684048295,0.3304532490670681,0.1522343114949763,0.6606777653098106,0.0009774322723733204
97,0.38421310836311023,0.6487799603492022,0.43605880425311627,0.20044785924255848,1.1281990855932236,0.0009769633252836956
98,0.3501007112543448,0.6412368370220065,0.38729374585673215,0.16636727303266524,0.7641785308718682,0.0009764896707586083
99,0.3633264615142252,0.6432028740644455,0.37880494457203895,0.16331429788842797,0.7306450769305229,0.0009760113134728371
100,0.36610293097364777,0.6392063869163394,0.41295103763695806,0.19574502240866423,0.9195469781756401,0.0009755282581475756
101,0.3868556177949358,0.6587635736912489,0.3765712859109044,0.18274315670132638,0.8760166481137276,0.0009750405095503846
102,0.36953442659796565,0.6562195491045714,0.3642479704227298,0.17379193007946014,0.7505697622895241,0.0009745480724951461
103,0.3580535737042737,0.6402973543852568,0.3176544904359616,0.15175540009513497,0.646235404908657,0.0009740509518420147
104,0.349714076185046,0.6313463602215051,0.3468951653165277,0.16228279676288365,0.6537903934717179,0.0009735491524973707
105,0.35107359524809,0.6264026436023414,0.3582549978513271,0.1728649609722197,0.8065409362316132,0.0009730426794137714
106,0.34869180597270316,0.6398442337289453,0.39648470338433983,0.19044341314584018,1.1069104462862014,0.0009725315375899012
107,0.35615410404716386,0.6407138543203473,0.3843906705966219,0.16957110054790975,0.8124587327241898,0.0009720157320705237
108,0.36794947179332665,0.6465951791033149,0.4393763888161629,0.20039086062461137,1.2174094259738921,0.0009714952679464311
109,0.35902148747445606,0.640736576076597,0.4148326182505116,0.1738840363919735,0.9315376311540604,0.000970970150354394
110,0.36173080375010613,0.6470698315650225,0.3707617023261264,0.1674916001036763,0.7569113522768021,0.0009704403844771115
111,0.3548687867507397,0.6407484207302332,0.36580277539324013,0.18952801469713448,0.8725094705820083,0.0009699059755431586
112,0.3547496862251137,0.647048556804657,0.39381557058077304,0.17352776937186717,0.7324054151773453,0.0009693669288269359
113,0.356970906393326,0.6342484278604388,0.36217947701225056,0.17240071184933187,0.7420838236808777,0.0009688232496486166
114,0.3477708148697275,0.6351560292765498,0.3920857619959861,0.17210183888673783,0.780411709845066,0.0009682749433740951
115,0.3557095469164778,0.6476528231054545,0.41956847718684004,0.16447231136262416,0.710015669465065,0.0009677220154149325
116,0.36539674303203357,0.6591554660350084,0.37458818836603314,0.16969424709677697,0.734181760251522,0.0009671644712283048
117,0.37666631727915956,0.6486029790714383,0.3938916738377884,0.19187954925000666,0.8596963122487068,0.000966602316316948
118,0.3522815911937869,0.638178862631321,0.40552641404792666,0.17042107200250028,0.7366449102759361,0.0009660355562291042
119,0.3554880014900846,0.6446600841358304,0.39938817655202,0.18263588119298219,0.76035777926445,0.0009654641965584666
120,0.3416076107423578,0.6342550985515117,0.31381880620028824,0.15044132713228464,0.6438830062747002,0.0009648882429441245
121,0.3389852622005492,0.6308025926351547,0.39905892942333593,0.16712066931650044,0.7431830376386642,0.0009643077010705074
122,0.34408980456137217,0.6334755670279264,0.3248724261007737,0.15338824121281505,0.6538826569914817,0.0009637225766673293
123,0.3424800330418293,0.6347338365390897,0.3416335492569488,0.15714697446674109,0.6641809567809105,0.000963132875509532
124,0.3472578279908703,0.6380435895174742,0.37365327440784313,0.16416136287152766,0.6847949758172035,0.0009625386034172276
125,0.36050697024547845,0.6383684745058418,0.38994938533287493,0.16729855751618744,0.7074060872197151,0.000961939766255642
126,0.34555300976244324,0.6338339335285127,0.3735300938831642,0.1733580267056823,0.7238379746675492,0.0009613363699350561
127,0.33348634979793135,0.6283484879881144,0.37596392661798744,0.1740179430693388,0.7909777566790581,0.0009607284204107479
128,0.32242893008660756,0.631844418309629,0.5109717472456395,0.2290623091161251,1.2923872768878937,0.0009601159236829338
129,0.3312632789322379,0.6307539599016309,0.36043055006302893,0.18885533418506384,0.9305535599589347,0.0009594988857967092
130,0.3420687811463722,0.6334831178188324,0.349512311257422,0.1733123989775777,0.7731353387236595,0.0009588773128419891
131,0.34508679184273205,0.6285034949891269,0.4800332160666585,0.19461326561868192,1.0002488896250725,0.0009582512109534474
132,0.33344088275771355,0.6286114228889346,0.4188573922263458,0.1896578051149845,0.8334018290042877,0.0009576205863104573
133,0.3264690003536089,0.6273076932877302,0.34857392322737724,0.17201434560120105,0.8232242435216903,0.0009569854451370291
134,0.349224728900117,0.6335706587880849,0.35426911647664383,0.17474367823451759,0.7764549449086189,0.00095634579370175
135,0.33009304083934693,0.6293182142078877,0.3448238272219896,0.17104321662336588,0.809994849562645,0.0009557016383177212
136,0.33289888242034066,0.6319896768778562,0.3709727886365727,0.18519259728491305,0.8918058782815933,0.0009550529853424964
137,0.34775115546035523,0.6303383640944957,0.352450612722896,0.17860688865184784,0.8545733720064164,0.0009543998411780187
138,0.35450110992660483,0.6344582631252706,0.32852952149987685,0.1570634303614497,0.6507136836647988,0.000953742212270557
139,0.33466586692375133,0.6325596263632178,0.34242787782568485,0.16028570830821992,0.7526703789830208,0.0009530801051106435
140,0.30492530534902473,0.6157138539478183,0.35898023762274534,0.1805326446890831,0.8916001245379448,0.0009524135262330084
141,0.3338801898735255,0.6272186877205967,0.31572415758855643,0.15764807285740973,0.6564968585968017,0.0009517424822165161
142,0.32195239360989947,0.6218943448737264,0.43236842335900294,0.17536457646638154,0.8400280639529228,0.0009510669796841
143,0.31281672540098954,0.6082966884598136,0.3288952176924795,0.15652508921921254,0.7194711491465569,0.0009503870253026977
144,0.30966262470064976,0.6127825974486768,0.313312113750726,0.16551393307745457,0.6723712787032128,0.0009497026257831842
145,0.3251865431750048,0.6177578810602427,0.3696313899708912,0.18171127345412968,0.8134191140532494,0.0009490137878803065
146,0.3328633943703608,0.6281150229275226,0.37361275700386615,0.1812016198411584,0.827352449297905,0.0009483205183926168
147,0.31127894587480115,0.623013972491026,0.3975866952911019,0.19179988875985146,0.9416376039385795,0.0009476228241624046
148,0.3119915662384301,0.6173613427206874,0.3781086901202798,0.175314361974597,0.806072348356247,0.0009469207120756306
149,0.33016983808047373,0.636772233620286,0.31635303715011104,0.15580982565879822,0.743059504032135,0.0009462141890618578
150,0.31085519011212454,0.6131181517615915,0.34677129524061456,0.15368627849966288,0.650877894461155,0.0009455032620941827
151,0.3238069840153912,0.6224673928692936,0.3171630222466774,0.15298079466447234,0.6428643852472306,0.0009447879381891678
152,0.3228712393936803,0.6209259510040284,0.39681319184601305,0.18766523189842702,0.9857184424996376,0.000944068224406771
153,0.307105122484063,0.6262782318517566,0.3299916568910703,0.17106519117951394,0.8263822674751282,0.0009433441278502771
154,0.31560467171475465,0.6282765217125416,0.3572314796037972,0.16931473203003405,0.8037458345293998,0.0009426156556662263
155,0.31822948699173137,0.620617054682225,0.3144445241196081,0.16307957489043473,0.6879947781562805,0.0009418828150443455
156,0.3321723515389749,0.6299252729862929,0.3350820014951751,0.16867257431149482,0.7710976481437684,0.0009411456132174754
157,0.3068940351044148,0.6214063309133053,0.31640020178165285,0.1573673085309565,0.6713384509086608,0.0009404040574615006
158,0.32920373533997915,0.6361085498705507,0.32305897157639263,0.16473601013422012,0.7754658535122871,0.0009396581550952768
159,0.32116684375578186,0.6268123395740985,0.3269421900738962,0.1589830887503922,0.6983323782682419,0.0009389079134805596
160,0.30912482993808227,0.6191707419231534,0.3205266135279089,0.15502114621922375,0.6575745597481728,0.0009381533400219305
161,0.33284633004805075,0.6308375578373671,0.3353746462846175,0.15868548648431896,0.6972328439354897,0.0009373944421667251
162,0.3158663070469629,0.6168659823015332,0.3186055613332428,0.16296994108706714,0.7086075350642205,0.0009366312274049588
163,0.29583673117558645,0.6076802585273982,0.35131316469050944,0.16813996955752372,0.7943224757909775,0.0009358637032692533
164,0.30318074243623416,0.6173024736344814,0.3468997857533395,0.17377242501825094,0.9595101609826088,0.0009350918773347616
165,0.3065085700574855,0.6179578812792897,0.3224409540882334,0.16220444664359093,0.737742868065834,0.0009343157572190944
166,0.3172854532400379,0.6169383125379682,0.3699742509517819,0.1862946070730686,0.9496985837817192,0.0009335353505822438
167,0.30261316752767015,0.6079943044111132,0.29574425415485167,0.14981966400519015,0.6372476652264595,0.0009327506651265082
168,0.3079211318090529,0.6009661437943578,0.37852750178426503,0.177312539704144,0.8300812289118766,0.0009319617085964164
169,0.3085270552383008,0.6199580920860172,0.36029538090806457,0.16454241201281547,0.809249410033226,0.0009311684887786508
170,0.32124715050395025,0.6268894575536251,0.34153610893990843,0.16016784198582174,0.7165451928973198,0.0009303710135019706
171,0.32590995316750193,0.6232384294271469,0.4031851524719968,0.18174281101673842,0.9068391531705856,0.000929569290637135
172,0.3022905355574039,0.6100034615024924,0.37994344318285583,0.19936456419527532,0.9640047281980515,0.000928763328096825
173,0.3234595659683691,0.6253202510997653,0.3173286961275153,0.16360924523323775,0.6680562868714333,0.0009279531338355654
174,0.31213243575621163,0.6201142035424709,0.3162648334458936,0.15350398272275925,0.6462206974625587,0.0009271387158496464
175,0.3136077564449806,0.6158577084541321,0.3366479626507498,0.1595555802807212,0.6830934211611748,0.0009263200821770449
176,0.2990825706496253,0.6130831696093082,0.3126738740131259,0.1671444421634078,0.7114179089665413,0.0009254972408973448
177,0.324718898219362,0.6296372732147575,0.3189243401633576,0.16914998106658458,0.7485687121748924,0.000924670200131657
178,0.3007700912967266,0.6134624727070331,0.34841997192706914,0.16881628688424827,0.7959187254309654,0.0009238389680425404
179,0.2818368363827176,0.6059846611693501,0.28899139068089424,0.15190683910623193,0.6528100118041038,0.0009230035528339198
180,0.3024950282415375,0.6124478509649635,0.2901954284810927,0.14994914354756475,0.628964127600193,0.0009221639627510063
181,0.30341535066290815,0.6136177778244019,0.3160295805428177,0.15714256120845677,0.7052947923541069,0.000921320206080215
182,0.28551974104266264,0.5994161415845156,0.30997589461039754,0.16744362600147725,0.7266620427370072,0.0009204722911490834
183,0.31069453609306946,0.6176214847713709,0.33096023893449455,0.1704425575211644,0.7866575211286545,0.0009196202263261897
184,0.3201724118091079,0.6283937714993953,0.5079932326450944,0.229972517862916,1.250475288927555,0.0009187640200210698
185,0.29921034090693865,0.6120721992105246,0.3806805268395692,0.18215927593410014,0.8090619578957557,0.000917903680684134
186,0.30759643500623496,0.6090341540053487,0.3629702194593847,0.18062903452664614,0.7985021576285363,0.0009170392168065844
187,0.31598886761858014,0.6158275736495853,0.33764771081041545,0.1758326232433319,0.772597074508667,0.0009161706369203305
188,0.2943625408932348,0.6110959453508258,0.30047767111100254,0.15740545503795147,0.6724660649895668,0.0009152979495979051
189,0.29532253480392684,0.6102586183696985,0.36844825439620765,0.18265801910310983,0.7771199733018875,0.0009144211634523797
190,0.2899502199132257,0.6073004906997085,0.3239901918452233,0.16773078246042133,0.6612271517515182,0.0009135402871372796
191,0.29718524745185276,0.6047154994681477,0.37408264002297076,0.16743413396179677,0.7443218559026719,0.0009126553293464986
192,0.2852908828892396,0.5928828686475753,0.2923607134493068,0.14720963640138507,0.6662680387496949,0.0009117662988142125
193,0.2968372740268023,0.6111932199448347,0.3722138442797586,0.17308779284358025,0.8163495689630509,0.0009108732043147939
194,0.3129429276825249,0.6119079595431686,0.35118377904873344,0.17595512513071299,0.7575255021452904,0.000909976054662725
195,0.29388859730206607,0.6167501358315348,0.413162308675237,0.1714928362518549,0.7467503398656845,0.0009090748587125104
196,0.30604449362544983,0.6169097432866693,0.335405745357275,0.19012268111109734,0.9178072333335876,0.0009081696253585908
197,0.2934397594815891,0.604162847623229,0.3086674732156098,0.1565251125022769,0.6677464917302132,0.0009072603635352535
198,0.2803176944998995,0.6035141300410032,0.3498214331106283,0.16129756439477205,0.6714880391955376,0.0009063470822165457
199,0.30053080575962665,0.6035962833091617,0.2648128460976295,0.1464233797043562,0.6318764671683311,0.0009054297904161855
200,0.28752879789135477,0.5932963732630014,0.32190893474617044,0.15388697367161513,0.650801782310009,0.0009045084971874724
201,0.28757777522587274,0.5946813680231571,0.34260528878076,0.16759566273540258,0.6776223167777061,0.0009035832116231988
202,0.31318647320040327,0.6186828510835767,0.33105778410099446,0.18164373561739922,0.8463581323623657,0.0009026539428555596
203,0.294958079609205,0.603750665858388,0.36623395546339454,0.17284159120172263,0.8153462946414948,0.0009017207000560626
204,0.29513281812869535,0.6125482857227326,0.3744722434086725,0.19122243989259005,0.9564922019839287,0.000900783492435437
205,0.2775049925618077,0.6035198289901018,0.34801368140615524,0.1753225138410926,0.8436374202370643,0.0008998423292435441
206,0.2714839721513272,0.6079639621078968,0.3406732199480757,0.16602090932428837,0.8207796096801758,0.0008988972197692842
207,0.28970174865899023,0.5978861199691892,0.3829886541934684,0.19291346091777087,0.9680129379034043,0.0008979481733405066
208,0.2892365431038343,0.6027012610808015,0.3047804660629481,0.1553598765283823,0.703300166130066,0.0008969951993239164
209,0.2912900564740994,0.6016013231128454,0.2963939819252118,0.15631511909887194,0.6696358993649483,0.0008960383071249824
210,0.2775403675983398,0.6008744353428483,0.32448837026022376,0.15909676691517233,0.6513973638415337,0.0008950775061878439
211,0.29365718665685564,0.5991985378786922,0.3579391328734346,0.19729276262223722,0.678857946395874,0.0008941128059952187
212,0.3324095336907703,0.6183202359825373,0.2890904128435068,0.15414384631440042,0.6365162387490273,0.0008931442160683081
213,0.3194362184531201,0.612977789901197,0.32430781305301937,0.16470951586961746,0.7130991384387017,0.0008921717459667036
214,0.3156564866301778,0.606777735799551,0.33650532201863825,0.1690075859427452,0.7709173426032067,0.0008911954052882926
215,0.28019236043983253,0.603666782565415,0.3935546008404344,0.18745269924402236,0.8907720938324928,0.0008902152036691634
216,0.27099385339861326,0.5958443267270923,0.3339564017485827,0.17451161853969097,0.8417293295264244,0.0008892311507835103
217,0.29208715284876235,0.5989581234753132,0.3270983945345506,0.17628395417705178,0.851662640273571,0.0008882432563435378
218,0.2743646949318645,0.5875395100563765,0.2808941068360582,0.16515275426208972,0.7870101004838943,0.0008872515300993655
219,0.2855922886588814,0.6051861042156815,0.30839936222182585,0.15154883526265622,0.6541526988148689,0.0008862559818389307
220,0.2755177062954317,0.5820173811167478,0.31529890859965237,0.16698559634387494,0.7120336845517159,0.0008852566213878929
221,0.26664636159766814,0.5903418272733688,0.29951059182640166,0.17150988504290582,0.7633907705545425,0.0008842534586095366
222,0.2731286399306555,0.5922871081158518,0.3634276313125156,0.15694210566580297,0.6958529636263847,0.0008832465034046733
223,0.2701144108086737,0.5952130537480116,0.2552919237059541,0.14681152356788515,0.6284775465726853,0.0008822357657115442
224,0.2678095819797818,0.5903786217793823,0.2878450453397818,0.16099553350359203,0.7299924179911613,0.0008812212555057223
225,0.27291831619149887,0.6028474058955908,0.2703340059495531,0.14886958515271545,0.6543039664626121,0.000880202982800014
226,0.2735431708410033,0.5968610126525163,0.31100916921859606,0.15488912845030428,0.666220723092556,0.0008791809576443595
227,0.2689579115110973,0.5949475457891822,0.3006252601277083,0.157390960957855,0.6785551860928536,0.0008781551901257345
228,0.294347755470335,0.6058641431853176,0.2778185670380481,0.150294666364789,0.6226927623152733,0.0008771256903680505
229,0.2839479333077179,0.6007510984316469,0.34750924761756324,0.16363802421838045,0.6848241180181504,0.0008760924685320542
230,0.2794941295982426,0.6042580403387546,0.38459646962583066,0.1916381809860468,0.8854270920157432,0.0008750555348152283
231,0.2870553669312358,0.6002191225066781,0.2974518972216174,0.17518732659518718,0.7090395703911782,0.0008740148994516897
232,0.27350505715767215,0.5961664594709873,0.33101871551480144,0.18965845704078674,0.8500292032957077,0.0008729705727120896
233,0.2650263903600717,0.5849312577396631,0.4020314086927101,0.20279359668493271,1.0371867805719375,0.000871922564903511
234,0.2689073530342284,0.58999930806458,0.29181398942600933,0.16144285462796687,0.7396224945783615,0.0008708708863693681
235,0.27885683123131455,0.5957961661741138,0.34475108361803,0.19762663524597884,0.9472067534923554,0.0008698155474893034
236,0.2728917339594773,0.5837787874042988,0.33792771922890097,0.17753899227827788,0.8395737141370774,0.0008687565586790856
237,0.28804218722871155,0.5971717828884721,0.2695452071959153,0.1528432651422918,0.6653956964612007,0.0008676939303905066
238,0.2776886437430221,0.5938350619748235,0.3458829194772989,0.17621885221451522,0.771362079679966,0.0008666276731112787
239,0.2600166548818379,0.5808770742267371,0.32433968256227674,0.16298718247562646,0.7116818219423294,0.0008655577973649307
240,0.2662913467942417,0.5894472636282444,0.2946191013557836,0.15536419190466405,0.6765156120061875,0.0008644843137107043
241,0.2632972189985594,0.5764315463602543,0.268538278748747,0.15335202906280757,0.6259275615215302,0.00086340723274345
242,0.26478722572283003,0.5936096595600248,0.3114348024420906,0.15042238477617503,0.6398500606417656,0.000862326565093522
243,0.27098359973315383,0.6099295442923903,0.3304315542103723,0.18943669851869344,0.8807170495390892,0.0008612423214266735
244,0.271176767452198,0.5775988879613578,0.3262992865056731,0.16252915766090154,0.6999462604522705,0.000860154512443952
245,0.2708417744473991,0.5902667756192386,0.3675942596979439,0.19231810048222542,0.9677701413631439,0.000859063148881593
246,0.2683180619042105,0.5890165738761425,0.369701311562676,0.16031912872567772,0.723216661810875,0.0008579682415109142
247,0.276210403548248,0.6058930547907948,0.284156801213976,0.16145244892686605,0.7118073895573616,0.0008568698011382094
248,0.2629099733676412,0.5854475870728493,0.3318058596691117,0.1746148208156228,0.7614020437002182,0.0008557678386046416
249,0.2751871677977761,0.5842016264796257,0.29508409032132477,0.1627373941242695,0.7147668391466141,0.0008546623647861356
250,0.28460775436469704,0.5995004139840603,0.3088305697659962,0.15084649855270982,0.6400649651885033,0.0008535533905932725
251,0.2855930583049485,0.5888371469452978,0.30573814739473165,0.155920984223485,0.6440751850605011,0.0008524409269711795
252,0.3010423896892462,0.6116311355493963,0.3078264308627695,0.1719134084880352,0.7812522441148758,0.0008513249848994234
253,0.2577204386532685,0.5918440874665976,0.30330119797727095,0.16325993947684764,0.7406041026115417,0.0008502055753919019
254,0.2726547163587384,0.5900713151320816,0.36279982440173625,0.17730953805148603,0.7736892610788345,0.0008490827094967352
255,0.2795734068420643,0.5873989345505833,0.3399723084876314,0.17864963561296462,0.7941700741648674,0.0008479563982961559
256,0.2675275700918064,0.5823390103876591,0.2928399856667966,0.164343779720366,0.7176992863416671,0.0008468266529064013
257,0.2585097137845878,0.5816550077870488,0.28914005975238977,0.15059688817709685,0.6804657965898514,0.000845693484477602
258,0.2728339594314093,0.58900157045573,0.3832411710405722,0.2053592225536704,1.0214933469891547,0.0008445569041936732
259,0.24838337575547484,0.5887689804658294,0.25752523726550863,0.14618283966556192,0.639845821261406,0.0008434169232722031
260,0.2611097882650938,0.5801634781062603,0.29695613731164483,0.16310405731201172,0.7164427071809769,0.0008422735529643433
261,0.275670544244349,0.5938220638781786,0.27374337853398173,0.14856440778821706,0.6363235205411911,0.0008411268045546973
262,0.2670929614549095,0.5790578292682766,0.30748428649967535,0.1645892895758152,0.7039188697934151,0.0008399766893612086
263,0.2582343526799377,0.58438138384372,0.31666005607694386,0.17880544234067203,0.7973178818821907,0.0008388232187350503
264,0.26524526106586566,0.5832264425233007,0.28086870594415814,0.16130959875881673,0.7100325092673302,0.0008376664040605113
265,0.2615567230663146,0.5858597183600068,0.3337817996973172,0.17883455026894807,0.8264548406004906,0.0008365062567548858
266,0.24653460992449255,0.5763772530481219,0.32353721556719395,0.16411085315048696,0.7270269483327866,0.0008353427882683592
267,0.2868068929004949,0.5903185012750327,0.34219285011058675,0.15018814541399478,0.6513957381248474,0.0008341760100838957
268,0.25575598740579153,0.5726108022034169,0.3028086147271097,0.1720753375440836,0.7967075735330582,0.000833005933717125
269,0.27728305062046277,0.6089768424630165,0.2933300545322709,0.15927656292915343,0.6674133196473122,0.0008318325707162285
270,0.26339113442591044,0.5881393039599061,0.3025547901634127,0.16940023824572564,0.7137892812490463,0.0008306559326618251
271,0.2639559597009793,0.5866752384230495,0.39483356000855563,0.21910116579383612,1.115529938042164,0.0008294760311668577
272,0.2617701962456522,0.5742620653472841,0.3737031230470166,0.17705915905535222,0.8130719378590584,0.0008282928778764774
273,0.26963500313504485,0.5880032269284129,0.2796715928649064,0.15244257040321826,0.6222384840250015,0.0008271064844679296
274,0.2661865563270112,0.5888133652508258,0.3518233317648992,0.17396272923797368,0.8197787091135978,0.0008259168626504385
275,0.2474054966805852,0.5773552732542158,0.3293201980763115,0.1718577492982149,0.7590077862143516,0.0008247240241650909
276,0.24966275013430278,0.5680376557633281,0.3680837490130216,0.17838493138551711,0.7116698905825615,0.0008235279807847213
277,0.24533517460949952,0.5728585262782872,0.2995596575201489,0.14655546536669134,0.6240613967180252,0.0008223287443137948
278,0.25776045288366733,0.573359927907586,0.31565983551554383,0.17350464835762977,0.7768847703933716,0.0008211263265882914
279,0.2586863915086724,0.5851437026634813,0.323286572447978,0.17685842961072923,0.7868820309638977,0.0008199207394755884
280,0.2576888286177564,0.574062810651958,0.2893734820652753,0.155571913626045,0.6595944344997406,0.0008187119948743441
281,0.25282415827023214,0.5711855063214898,0.42110929761547594,0.19169191550463438,0.8956341311335564,0.0008175001047143796
282,0.2637941433358719,0.5780116872861981,0.25214494972024115,0.1436644582077861,0.6230929136276245,0.0008162850809565615
283,0.25152152334921996,0.5796937739476562,0.30848471029894425,0.1634323811158538,0.6949144661426544,0.0008150669355926837
284,0.24809156021638046,0.5782716354355216,0.27202751201111824,0.1478695346042514,0.6286175265908241,0.0008138456806453493
285,0.2479846532420197,0.5716706730425358,0.2970122723374516,0.1672354007139802,0.7269708171486855,0.0008126213281678518
286,0.24424628518354438,0.5781626846641302,0.3027200512471609,0.174491155333817,0.7317707046866417,0.0008113938902440554
287,0.25576750998661735,0.5840384850278497,0.30579648102866486,0.1586535545065999,0.6428291156888009,0.0008101633789882772
288,0.26289532267855975,0.5748473344370723,0.3438354215351865,0.18295122627168894,0.8349897593259812,0.0008089298065451663
289,0.23933612684195396,0.5670847209170461,0.3052571984240785,0.17373380959033966,0.7629541754722595,0.0008076931850895849
290,0.2505487745747814,0.5687795797362923,0.3482546109240502,0.17713403124362231,0.8133968874812126,0.0008064535268264874
291,0.2611992081412609,0.5796973330900073,0.30064716634806243,0.16307957898825406,0.7121263727545738,0.0008052108439908003
292,0.24052346463358845,0.5670566761866211,0.29284227705793453,0.15570208188146353,0.6517822340130806,0.0008039651488473019
293,0.2559474040346686,0.5885120503604412,0.3342639993410558,0.1758048886433244,0.7762255907058716,0.0008027164536904999
294,0.2532020204864239,0.5701291093602776,0.32426193696446715,0.16344341188669204,0.7060911938548088,0.0008014647708445116
295,0.26146669475292583,0.5824224934913218,0.2733413995243609,0.16319894688203931,0.6242491215467453,0.0008002101126629411
296,0.25727103034696486,0.5786247899755835,0.3089531570207328,0.15473077557981013,0.688428869843483,0.0007989524915287586
297,0.2513381256751018,0.5719028197228908,0.2504069009097293,0.14272383339703082,0.6172666341066361,0.0007976919198541766
298,0.2603467250643007,0.575339724868536,0.3813692288240418,0.1700239099562168,0.7749145582318306,0.0007964284100805288
299,0.25626057442586897,0.5798927071504295,0.30551085600163785,0.16255487836897373,0.7039843156933785,0.0007951619746781464
300,0.2634627071020077,0.5849356129765511,0.329627425072249,0.1571725206449628,0.6685960292816162,0.0007938926261462357
301,0.265270453957055,0.586972564458847,0.24861284146318213,0.14154281606897712,0.6072570696473122,0.0007926203770127542
302,0.24265202026963378,0.5765745751559734,0.28071920772781594,0.14959579203277826,0.6317149102687836,0.0007913452398342871
303,0.24523488184531744,0.5661013565957547,0.2841539729735814,0.16550253946334123,0.7328611806035041,0.0007900672271959238
304,0.26073520088157237,0.562075211852789,0.2957076529157348,0.16469376888126136,0.6922284826636315,0.000788786351711133
305,0.2637968062392247,0.5705752995796501,0.3936368371360004,0.2198487028479576,1.0335984379053116,0.0007875026260216385
306,0.23719773495395202,0.5639507990330458,0.2529438387718983,0.14508416438475252,0.6133793488144874,0.0007862160627972946
307,0.2611407520758803,0.5786973591893911,0.2573235953459516,0.15056637497618794,0.6488960564136506,0.000784926674735961
308,0.23100729327179578,0.5598777461796999,0.25334859827999023,0.14483648603782057,0.6104242771863937,0.0007836344745633775
309,0.2407672252600605,0.5645537676289678,0.27103982761036605,0.1594462470151484,0.6356754124164581,0.0007823394750330377
310,0.24945237105512205,0.5708547910675407,0.2586696536629461,0.1553731261752546,0.6680711403489112,0.0007810416889260644
311,0.25406758565295606,0.5670546298846603,0.2873511250596493,0.1523462154902518,0.6803675308823586,0.0007797411290510826
312,0.26711684312504075,0.5903146697208286,0.3419392214622349,0.19579388108104467,0.8933919057250023,0.0007784378082440932
313,0.24539208783680805,0.5682559732347727,0.33565805028192697,0.1885593928396702,0.8875991806387902,0.0007771317393683462
314,0.24507561094069388,0.5702437423169613,0.27535989325260746,0.15840504225343466,0.6917662516236305,0.0007758229353142144
315,0.2418754163885751,0.5626178856939077,0.33214377720141786,0.16187064368277787,0.7338123351335526,0.0007745114089990652
316,0.24298664312918844,0.5726423533633351,0.2862124807899818,0.16308375522494317,0.7050007045269012,0.0007731971733671338
317,0.2530779108659772,0.576155211776495,0.36125166083220395,0.16590967867523432,0.7305817797780036,0.0007718802413893954
318,0.2551141711952368,0.5756730428896845,0.39116265666671096,0.20186817478388547,0.9703709542751312,0.000770560626063437
319,0.2438307903095847,0.565019584260881,0.3002499364083633,0.17547632995992898,0.7985567420721054,0.0007692383404133291
320,0.24719998171658517,0.5713551752269268,0.2707162372302264,0.16205386873334646,0.7329200088977814,0.0007679133974894973
321,0.2508760870248807,0.5633214505389332,0.28650468949927016,0.14952372573316097,0.6273094862699509,0.0007665858103685934
322,0.2429120106738992,0.5801133969798684,0.32416665493510666,0.17026995327323674,0.7323891624808312,0.0007652555921533661
323,0.24542632232114556,0.5705599140375852,0.36072711569722743,0.20186332128942014,1.0396792247891427,0.0007639227559725323
324,0.24297469528719376,0.5734795598313213,0.3231245773844421,0.16895729284733535,0.7443680629134178,0.0007625873149806469
325,0.2487550973892212,0.5771198691800237,0.25505328854196707,0.14662387082353234,0.6071218267083168,0.0007612492823579735
326,0.23399338961899047,0.5633624941110611,0.3057184907142073,0.1639456025324762,0.6693854808807373,0.0007599086713103538
327,0.24673972688106005,0.5680796584114433,0.2967710583703592,0.15173873221501707,0.6404713183641434,0.0007585654950690776
328,0.24165627534966916,0.5823234023526311,0.28486232478171586,0.15551473684608935,0.6427645117044449,0.0007572197668907525
329,0.24056929328107798,0.5631355511955917,0.3228822707897052,0.16637929938733578,0.7049743145704269,0.0007558715000571716
330,0.24695970911543555,0.5750127762556076,0.2971099149843212,0.1499235240742564,0.6304091051220894,0.0007545207078751847
331,0.25932120370616757,0.5688628749921918,0.25271364871878177,0.14905146304517986,0.594134533405304,0.0007531674036765654
332,0.24934087192305016,0.5712424540892244,0.3174651730223559,0.15626988094300032,0.6631148770451546,0.0007518116008178794
333,0.24896682832113584,0.5818252488970757,0.3295219171559438,0.1646354801952839,0.7318855047225952,0.000750453312680354
334,0.24016860562114745,0.5783260511234403,0.2615831398055889,0.1487100576981902,0.6325787782669068,0.0007490925526697444
335,0.23450203586216958,0.5587860133498908,0.2917421382619068,0.14637305215001106,0.6447819709777832,0.0007477293342162028
336,0.250044876062384,0.5685219902545213,0.37301135351881387,0.1847582757472992,0.8190934717655182,0.0007463636707741449
337,0.23497638693170303,0.5580273326486349,0.25080467052175665,0.14228496812283992,0.6023344084620476,0.0007449955758221175
338,0.249028681584241,0.5694252299144864,0.293917445326224,0.15127598065882922,0.6442019000649453,0.0007436250628626652
339,0.24160509085995727,0.5700998071581125,0.34807230746373535,0.17871514856815338,0.847436149418354,0.000742252145422198
340,0.24583013940427917,0.5726119320839643,0.28260942980414255,0.15633258279412984,0.6345049366354942,0.0007408768370508566
341,0.23798137059966393,0.5683571169152856,0.3135813273605891,0.1609084265306592,0.6825573548674584,0.0007394991513223794
342,0.2451349765928171,0.5712943688035012,0.3066657846327871,0.14811499528586863,0.6266235560178757,0.0007381191018339685
343,0.24679828565349454,0.5647270062938332,0.26239174759830347,0.1458773223683238,0.6076208829879761,0.0007367367022061551
344,0.2545050411283228,0.5688343372195959,0.2841972903348505,0.15407984759658575,0.6576592996716499,0.0007353519660826653
345,0.2367348262010637,0.5643863881006836,0.31871018740348517,0.1678265580907464,0.7333059176802635,0.0007339649071302857
346,0.25731847109091177,0.5827729590237141,0.2827500670799054,0.14825453786179424,0.641553646326065,0.0007325755390387282
347,0.23210123071767158,0.5579007148742676,0.24636450358666478,0.1447907500900328,0.6117440223693847,0.0007311838755204948
348,0.24652129328169395,0.5740118749439717,0.2639889185025822,0.14433248173445462,0.6053582519292832,0.000729789930310743
349,0.2296721077422262,0.5545109087601304,0.2492786462244112,0.14746705507859587,0.6050598248839378,0.0007283937171671487
350,0.2407411848014817,0.5678088671527803,0.2707310458878055,0.1497334402985871,0.6217881724238395,0.0007269952498697724
351,0.2291609536150645,0.5615066250786185,0.27598828030750155,0.15311420634388923,0.647731614112854,0.0007255945422209216
352,0.23666578975098673,0.5693586712703109,0.301148985652253,0.16099072955548763,0.7073416978120803,0.0007241916080450153
353,0.23883236221809057,0.5756557110697031,0.28188673346303406,0.1483940014615655,0.621027597784996,0.0007227864611884471
354,0.23340964489543695,0.5583825899288059,0.2795332839363255,0.15244477726519107,0.6411542385816574,0.0007213791155194498
355,0.24595604052119596,0.5768577569164336,0.2825735220452771,0.15211283918470145,0.6437792167067528,0.0007199695849279566
356,0.2339949138848169,0.5625845460221172,0.3736073558218777,0.18810317181050779,0.8638974741101265,0.0007185578833254655
357,0.23410726985985092,0.5657655837014317,0.30558033178094773,0.16478930320590734,0.7767222672700882,0.0007171440246449014
358,0.22738630220228515,0.5608765914104878,0.3171318425564095,0.15915046744048594,0.7142608374357223,0.0007157280228404786
359,0.2313993465159001,0.5597375376150012,0.3678462511859834,0.18619739823043346,0.8568872377276421,0.0007143098918875634
360,0.23778093656328564,0.5668426066637039,0.25159520892193543,0.14756738236173988,0.6401929780840874,0.0007128896457825355
361,0.2314141325354285,0.5591553529724479,0.2944111110642552,0.16343914270401,0.7358122989535332,0.0007114672985426509
362,0.23592036281406764,0.5615782821550965,0.32185157083440574,0.17596167251467704,0.8297815173864365,0.0007100428642059023
363,0.231274059480711,0.5647907868027687,0.28222924426663665,0.14911860935389995,0.6346925735473633,0.0007086163568308818
364,0.2271013880676037,0.5553464304655791,0.303602811798919,0.15504936072975398,0.6878904461860657,0.0007071877904966413
365,0.2399357860926102,0.5617708260193467,0.2825845560408197,0.15774421412497758,0.6959740474820137,0.0007057571793025535
366,0.23762569351692947,0.5715029397979379,0.29803805066039785,0.16162716802209615,0.6967012107372283,0.0007043245373681737
367,0.2373197744760546,0.5671584743075073,0.2657281758380122,0.14754804223775864,0.6320474505424499,0.0007028898788330991
368,0.2267656372157944,0.5566369896754623,0.26016022723633797,0.15060596372932195,0.6268687918782234,0.0007014532178568306
369,0.24124817764641193,0.5695676507428289,0.23211004171171226,0.14100111005827784,0.5968420505523682,0.0007000145686186315
370,0.23957226802740478,0.5759283140301704,0.3041412896243855,0.17312515880912543,0.8108389809727669,0.0006985739453173895
371,0.22856480356458633,0.5581879340112209,0.2546184342470951,0.14196754042059184,0.6155102670192718,0.0006971313621714746
372,0.24515044140061945,0.562323191575706,0.3618992422707379,0.20462004393339156,1.2113447338342667,0.0006956868334186005
373,0.23113191171105427,0.5670890105888248,0.2870787202264182,0.1556584130972624,0.6778245657682419,0.0006942403733156823
374,0.21500658375953208,0.5512924171984196,0.25860605645575563,0.1446309040300548,0.6007447600364685,0.0006927919961386975
375,0.23835314559219115,0.5707359725609422,0.37160682063549755,0.16918638534843922,0.7307803869247437,0.0006913417161825442
376,0.2270529352619633,0.5630679251626134,0.36872405458707364,0.18897920083254577,0.8623824775218963,0.0006898895477609
377,0.24778933047346072,0.5642650814726948,0.33255204260349275,0.1747314240783453,0.7773683950304985,0.0006884355052060807
378,0.2304203851181228,0.5586397484876215,0.33553481330163776,0.1723609609529376,0.8466595888137818,0.0006869796028688994
379,0.23576681763879606,0.5574124716222286,0.3633483017096296,0.18474767077714205,0.8287448942661285,0.0006855218551185248
380,0.23082328942855385,0.5565311433747411,0.29676620088284833,0.16259149070829154,0.6953171283006668,0.0006840622763423383
381,0.2398072421161487,0.5661837780848146,0.27566702535841614,0.1474199164658785,0.642017288506031,0.0006826008809457933
382,0.22568797653475486,0.5508049396798015,0.2697189165628515,0.1531236071139574,0.6583241507411003,0.0006811376833522722
383,0.2456106569081385,0.5709307877346873,0.38312004974577574,0.17689053397625684,0.8088497951626777,0.0006796726980029447
384,0.22877543407375925,0.5602721980772912,0.31185708586126565,0.16781344562768935,0.7093795776367188,0.0006782059393566247
385,0.24061205620964757,0.5637404436245561,0.27495216082315893,0.15398226231336593,0.6517273426055908,0.000676737421889628
386,0.23822332765703322,0.5634336037561297,0.23462469886871987,0.1438763569109142,0.592238986492157,0.0006752671600956289
387,0.22364477709998026,0.5614000959321856,0.2525212487438694,0.14526748741045595,0.6111805647611618,0.0006737951684855179
388,0.22374090029225044,0.5519491989165545,0.2327832396607846,0.13890108987689018,0.5917300790548324,0.000672321461587258
389,0.23233651292539434,0.571475082449615,0.2850922809448093,0.15289955930784344,0.6370374992489815,0.0006708460539457411
390,0.22936808015419957,0.5465852016583085,0.2826138251461089,0.14935328690335153,0.641804800927639,0.0006693689601226453
391,0.2288021612988814,0.5513536104932427,0.3024669422302395,0.15519035570323467,0.654657544195652,0.0006678901946962898
392,0.21478050521109254,0.5537141686305403,0.24006566431489773,0.1368130037561059,0.5838661178946495,0.0006664097722614928
393,0.22958511680299126,0.5563050949946046,0.25895931384293364,0.1510962177067995,0.6212923601269722,0.0006649277074294259
394,0.24440002798128263,0.5670922821387648,0.27491027354844844,0.14790541445836425,0.6311649665236473,0.0006634440148274709
395,0.22766943321694272,0.5576928487047553,0.25345061321277174,0.1478061206638813,0.6069839686155319,0.0006619587090990742
396,0.22869724671381847,0.5518388842232526,0.2258913272351492,0.13750501163303852,0.5866920173168182,0.0006604718049036041
397,0.22733048661448266,0.5662326531484723,0.29265157437184824,0.15355895226821303,0.6458911448717117,0.000658983316916205
398,0.2269762616720982,0.5444227169267833,0.36280095304828136,0.1726720668375492,0.7178328469395637,0.0006574932598276518
399,0.2290847829204722,0.5453515091910959,0.3406401318497956,0.16779102962464093,0.68765579611063,0.0006560016483442069
400,0.21824209513324605,0.5458946101367473,0.25745279039256275,0.14729632399976253,0.6245971143245697,0.0006545084971874732
401,0.22362530239297485,0.5518400311470032,0.2510661378968507,0.1467741124331951,0.6055600807070732,0.0006530138210942499
402,0.22360675062227528,0.5530330093577505,0.29129425138235093,0.15234030075371266,0.6576997846364975,0.0006515176348163865
403,0.2227221582947095,0.5440325498580932,0.3288722634548321,0.165197360701859,0.7172501400113106,0.0006500199531206377
404,0.22914779952843672,0.5472453966736793,0.26154144542524593,0.14902587970718742,0.6154206827282905,0.0006485207907885169
405,0.23956148945326278,0.5649384802207351,0.3209912017919123,0.17119276504963638,0.7273208037018776,0.0006470201626161514
406,0.2289777236925147,0.5619061460718513,0.2664705139584839,0.1590073044411838,0.6207225292921066,0.0006455180834141354
407,0.23101337558982776,0.5585342675447464,0.2816053983522579,0.15117199448868632,0.6180968225002289,0.000644014568007384
408,0.2326296395065583,0.5587303064763546,0.26757566292071716,0.15099646663293242,0.6198740899562836,0.0006425096312349875
409,0.22965457716491072,0.5553907544352115,0.3349705928587355,0.1718064713291824,0.7414782449603081,0.0006410032879500642
410,0.22266483326166053,0.5428544094786047,0.3023720086319372,0.1617112744599581,0.6788797855377198,0.0006394955530196142
411,0.22359930352977245,0.5533380543813109,0.2970741583732888,0.16321683749556543,0.697258597612381,0.0006379864413243723
412,0.23692136239369574,0.5638300088234246,0.2989174492424354,0.16971040088683367,0.7538262993097306,0.0006364759677586621
413,0.21802602599273085,0.5464332297444343,0.2726975741214119,0.14908174341544508,0.6152095779776573,0.0006349641472302475
414,0.2339408640635156,0.548005030862987,0.33112087830668313,0.15750047005712986,0.6668945282697678,0.0006334509946601873
415,0.23146185372079345,0.558211556263268,0.25665261656977234,0.15008868034929038,0.6318432778120041,0.000631936524982686
416,0.219112166350169,0.5623987043276429,0.24348860278259962,0.14540275260806085,0.6071107625961304,0.0006304207531449479
417,0.22382945563076645,0.5588210998103023,0.3180057543795556,0.16147111896425487,0.6947097629308701,0.0006289036941070295
418,0.22488705920150096,0.5443650396540761,0.23614148118649608,0.1413783308118582,0.5820740044116974,0.0006273853628416907
419,0.2229763857762009,0.5606497835367918,0.24236938717658632,0.1407976258546114,0.6027856707572937,0.0006258657743342481
420,0.21962864522574818,0.5540329294279218,0.28832657006569207,0.15565506238490343,0.6745856463909149,0.0006243449435824269
421,0.2230358429660555,0.5579834084957838,0.2677497666445561,0.15127151403576136,0.6335584729909897,0.0006228228855962129
422,0.22202151428518846,0.5432536778971553,0.24542440016521141,0.14054185980930925,0.5993193224072456,0.0006212996153977034
423,0.2167868533935689,0.5534503113478422,0.2328569369739853,0.1425361313857138,0.6220641762018204,0.0006197751480209606
424,0.2144138087533065,0.5565386170521378,0.24480232537025587,0.14333693776279688,0.6106474339962006,0.0006182494985118621
425,0.21653332148798654,0.5399583373218775,0.3176453096792102,0.16509695816785097,0.7570322975516319,0.0006167226819279525
426,0.21218553967992193,0.5496315823867917,0.2573364354786463,0.14348344476893543,0.6227199152112007,0.000615194713338295
427,0.225189558521015,0.5443978092633188,0.3401839429046959,0.1745528221130371,0.7514935418963432,0.0006136656078233229
428,0.21831311050809746,0.5506760211661458,0.26824284056201575,0.1509572010487318,0.636516596376896,0.0006121353804746904
429,0.21532690064668714,0.5528579317033291,0.2904938669409603,0.15388211514800787,0.6530044436454773,0.0006106040463951233
430,0.21895080455215066,0.5386141011491418,0.24156628195778468,0.14005494080483913,0.5805533081293106,0.0006090716206982711
431,0.21347780654323287,0.554934262111783,0.2675564065109938,0.15106338616460563,0.6322491899132728,0.0006075381185085564
432,0.20653550855786307,0.5292871724814177,0.3613282901002094,0.1821763902902603,0.8191837057471275,0.0006060035549610271
433,0.231226975919526,0.544596466422081,0.2701530293561518,0.15055466191843153,0.6217854246497154,0.0006044679452012055
434,0.22337500194771565,0.5561742920428514,0.3496306810760871,0.17548122573643923,0.788904333114624,0.0006029313043849404
435,0.21087442319621913,0.5452760400250554,0.2539461907465011,0.14376579681411386,0.6098744824528695,0.000601393647678256
436,0.21207108971466368,0.5475954566150903,0.2248119272699114,0.13488238574936987,0.5768672078847885,0.0005998549902572033
437,0.23245137221892948,0.5594060434028506,0.23762270266306587,0.13711309488862752,0.5961629420518875,0.0005983153473077097
438,0.22972220049905445,0.5461489482782781,0.23214565481757746,0.14151773173362017,0.5830168142914772,0.0005967747340254299
439,0.22122960909546235,0.5380841700360179,0.3045956454356201,0.15177550688385963,0.6436504617333412,0.0005952331656155947
440,0.22714221140868177,0.5593823149800301,0.3226063541136682,0.17925154734402896,0.7920927330851555,0.000593690657292862
441,0.22357651297679695,0.5481125429272652,0.3861387937096879,0.20135415997356176,0.9278023362159729,0.0005921472242811663
442,0.2115204056217408,0.5389226587489248,0.25282264017732814,0.14215436456725,0.6102008715271949,0.0005906028818135683
443,0.22276356119837146,0.5449839329347015,0.2608328382717445,0.15284494459629058,0.6533940076828003,0.0005890576451321047
444,0.21295220755819172,0.550118712708354,0.27305353360716256,0.15525237191468477,0.622970849275589,0.0005875115294876377
445,0.20596090176622966,0.5365809559822082,0.2682740365853533,0.15068554691970348,0.6274921789765358,0.0005859645501397045
446,0.21939621526471456,0.5625171829015017,0.27132584472419696,0.14979272363707424,0.6311200901865959,0.0005844167223563666
447,0.21375011841046215,0.5385024834424257,0.2948415752267465,0.1564377484843135,0.6656513094902039,0.0005828680614140596
448,0.2222261923372571,0.5444243022240698,0.3390681060263887,0.17280285768210887,0.7263648167252541,0.0005813185825974415
449,0.2100918398493377,0.5486942334100604,0.2880759088904597,0.15162271372973918,0.638713313639164,0.0005797683011992427
450,0.20673810481112015,0.527708301320672,0.3446389419026673,0.17613374590873718,0.7824180230498314,0.000578217232520115
451,0.22200913793385552,0.5375841511413455,0.24479887618799695,0.14147768104448916,0.5970715701580047,0.0005766653918684798
452,0.20960643527068895,0.5523288199678064,0.2892147548729554,0.15476141907274724,0.6478044122457505,0.000575112794560378
453,0.21101289749867647,0.5496884325519205,0.2720313620637171,0.15214767577126623,0.6561389401555061,0.0005735594559193181
454,0.21073749051211052,0.5405759904533625,0.26715825909632257,0.1383710232563317,0.6076978594064713,0.0005720053912761255
455,0.21618354383936095,0.5470928100869059,0.2932210412342101,0.15527577586472036,0.6485651001334191,0.0005704506159687907
456,0.2249078586581163,0.5491456525400281,0.33742716748965906,0.16679440662264824,0.7201305240392685,0.0005688951453423185
457,0.2288934521868214,0.549960121512413,0.2670178831671365,0.149446783028543,0.6390301212668419,0.0005673389947485757
458,0.22125449090162874,0.5413117652758956,0.25595345307374373,0.14400325585156679,0.6164215385913849,0.0005657821795461407
459,0.2116218879345979,0.5320376286283135,0.3543179997941479,0.17665542140603066,0.754460620880127,0.0005642247151001509
460,0.20976751596899704,0.5414804087951779,0.2527334519778378,0.1486623167991638,0.6121603026986122,0.0005626666167821515
461,0.20642335515440208,0.5399590112268925,0.2656065717572346,0.15100591368973254,0.6446790799498558,0.0005611078999699441
462,0.2193698063638294,0.5409812867641449,0.23905345234088599,0.1436774286441505,0.6093989029526711,0.0005595485800474343
463,0.21179793889496068,0.55650051292032,0.2670777074992657,0.1514742786064744,0.628012727200985,0.0005579886724044802
464,0.21263679427302123,0.5442327131517232,0.22923176314216107,0.14188690865412354,0.5984041407704354,0.0005564281924367402
465,0.2144378721648536,0.5466836161911488,0.29541760057909416,0.154566112998873,0.6609516173601151,0.0005548671555455221
466,0.20794783989622373,0.5450092066079378,0.23719170374097304,0.13953373981639744,0.5968999043107033,0.0005533055771376294
467,0.2135622483048792,0.5520188216120004,0.288461859151721,0.16189850196242334,0.7031797274947167,0.0005517434726252107
468,0.2141496349924637,0.5446098675951362,0.2557980864541605,0.15154368365183474,0.6513758718967437,0.0005501808574256068
469,0.2150644391982496,0.5500276792794466,0.2864068885683082,0.15520320944488047,0.6693308115005493,0.0005486177469611992
470,0.20856770769969443,0.5339467680081725,0.2833835376542993,0.15870021050795913,0.6238562121987343,0.0005470541566592566
471,0.21464938552235252,0.5500849464908242,0.2650409505702555,0.15017367657274008,0.61522908359766,0.0005454901019517844
472,0.20017975159935303,0.5260157400742174,0.33378631070954723,0.16765698473900556,0.7282440647482872,0.0005439255982753712
473,0.20960148895064776,0.5484221537597478,0.28572531779063864,0.15139466803520918,0.6409227326512337,0.0005423606610710361
474,0.21550342986902252,0.5376956861466169,0.3042810257989913,0.15819630706682802,0.673269373178482,0.0005407953057840783
475,0.20656293015927077,0.5308389641344547,0.23223444534814916,0.13839225377887487,0.5861822858452796,0.000539229547863922
476,0.20362119630626693,0.5390498066321016,0.24148914131801574,0.13838285198435188,0.5860209420323372,0.0005376634027639659
477,0.21662679157871026,0.5492752581834793,0.2822524336865172,0.15367587991058826,0.643955372273922,0.0005360968859414298
478,0.2056844870392524,0.5291097251698375,0.26353553669760005,0.1515054551884532,0.6513801798224449,0.0005345300128572025
479,0.20280487405125314,0.5322407517582178,0.27272726729279384,0.1514792743138969,0.6326945528388024,0.0005329627989756883
480,0.20392978472955292,0.5371735986322165,0.2848953251028433,0.1555734326131642,0.6370621174573898,0.0005313952597646562
481,0.19954501777028782,0.527818132378161,0.3409880243358202,0.17509078234434128,0.8021646946668625,0.0005298274106950849
482,0.1973450671075625,0.5305538724176586,0.24545202298322694,0.14184139063581824,0.6031463861465454,0.0005282592672410118
483,0.2048083753001265,0.5371253628283739,0.27878325793426484,0.15365400547161698,0.6397899478673935,0.0005266908448793798
484,0.20096171754012176,0.537102228216827,0.25920666223973965,0.1482445399276912,0.6090924993157387,0.0005251221590898843
485,0.2083506079216022,0.5352412486448884,0.22744681443437004,0.13947312477976084,0.5866716027259826,0.0005235532253548208
486,0.19723563705265407,0.5345866518095136,0.2854216080973856,0.15595535133033991,0.6674568146467209,0.000521984059158932
487,0.20378568404539693,0.5337174011394381,0.30757588662672786,0.15396306440234184,0.667837244272232,0.0005204146759892546
488,0.2007017858168183,0.5262011170387269,0.27014240748248997,0.15204436127096416,0.6174447625875473,0.0005188450913349667
489,0.2073273129080917,0.5446902150288224,0.24468167822342365,0.1442094140686095,0.6011718153953552,0.0005172753206872356
490,0.1994729629754147,0.5349334698170424,0.29039191907504575,0.14628641763702036,0.6300928995013237,0.0005157053795390636
491,0.20728719764592823,0.5476257419213653,0.34302281017880887,0.17362008113414049,0.7561905950307846,0.000514135283385136
492,0.2005322317192622,0.5268183119595051,0.26894541514338927,0.15485797375440596,0.632610933482647,0.0005125650477216682
493,0.20369293509465933,0.5336089618504047,0.3654057489242405,0.20274780318140984,0.9678633123636246,0.000510994688046252
494,0.20054501193662871,0.5367963163182139,0.2634247357433196,0.14230457302182914,0.6149253189563751,0.0005094242198577035
495,0.20461740154023572,0.5382638236507773,0.30105022636707873,0.16403963696211576,0.6891842469573021,0.0005078536586559097
496,0.21515679373114835,0.5440960753709078,0.24446806855266914,0.1428228340111673,0.5908790692687035,0.0005062830199416756
497,0.19720632110002043,0.5258755556307733,0.30513377410825343,0.16739673912525177,0.6877060890197754,0.0005047123192165713
498,0.20580776518509084,0.5396043810993433,0.30650249336613344,0.155091093480587,0.6796773254871369,0.0005031415719827789
499,0.211523178945572,0.5447937959805131,0.32680497128749264,0.1626088666729629,0.6727444052696228,0.0005015707937429391
500,0.1985668047942454,0.5320147663354874,0.3073352898238227,0.16497864071279764,0.71649050116539,0.0004999999999999994
501,0.1996823991659767,0.5182262851856649,0.24925197880365885,0.14677555486559868,0.5913419350981712,0.0004984292062570596
502,0.19911049978727532,0.5315821945667267,0.24993913713260554,0.13927150145173073,0.6045551151037216,0.00049685842801722
503,0.19697176583613327,0.5222803233191371,0.3309800159186125,0.16668199524283409,0.6797533437609673,0.0004952876807834274
504,0.21292814898042706,0.5401052674278617,0.2727621764875948,0.15919385831803085,0.6986931368708611,0.0004937169800583231
505,0.20555248233904422,0.5347403917461634,0.30161556439707055,0.15938584683462978,0.6819263398647308,0.0004921463413440891
506,0.19620218743002624,0.5339105870574713,0.24494020347483456,0.14554758742451668,0.6150283470749855,0.0004905757801422952
507,0.19720608827337854,0.5254160880111158,0.26868946524336934,0.14999462608247996,0.6275760307908058,0.0004890053119537468
508,0.19729405528723873,0.5254634235054254,0.23359824976650997,0.14120745118707417,0.5825362130999565,0.00048743495227833065
509,0.1989073316754002,0.5377035860903561,0.24949816259322688,0.14562770016491414,0.6055355027318001,0.0004858647166148628
510,0.20494300428163115,0.5322092732414603,0.24694997713086195,0.14522827733308077,0.6012490779161453,0.00048429462046093526
511,0.18939383467077278,0.5136013110168278,0.2786242476548068,0.1646339651197195,0.7087005317211151,0.0004827246793127634
512,0.19355651910373126,0.5302143952809274,0.22227105773054062,0.138941886741668,0.5881362676620483,0.00048115490866503213
513,0.1931399014998533,0.5211535545066,0.252772072784137,0.1429459795355797,0.592246875166893,0.00047958532401074443
514,0.19262509449727078,0.5255398058332503,0.2709006613586098,0.15712072663009166,0.6383198097348213,0.0004780159408410671
515,0.20589593272889034,0.5403257163241506,0.31714990033069623,0.16353389695286752,0.6834758892655373,0.0004764467746451781
516,0.1899538941381252,0.5139496813528239,0.30046361521817744,0.1675543176010251,0.7171372503042222,0.0004748778409101148
517,0.19036751496951182,0.5250548370182514,0.22122970127966254,0.13702097320929169,0.5801505029201508,0.0004733091551206193
518,0.19475204410919106,0.5218753922730685,0.2631750207860023,0.15001791827380656,0.627054537832737,0.0004717407327589873
519,0.19260194701928413,0.5204764325171709,0.2469788695219904,0.14816465647891164,0.6155687376856804,0.0004701725893049142
520,0.20059367006069806,0.5293694039806723,0.21142173242988066,0.13385012606158853,0.5729071438312531,0.000468604740235343
521,0.19356275520913185,0.5289338435977697,0.24204157988424413,0.14163519330322744,0.6012759178876876,0.0004670372010243106
522,0.18408411754426196,0.5216752398759127,0.25359641244867814,0.1518416770733893,0.6223841443657875,0.0004654699871427967
523,0.1892696500537568,0.5173780703917146,0.2128112065314781,0.1321235799230635,0.5621485486626625,0.0004639031140585693
524,0.1891488642560944,0.523535324819386,0.2862876811763272,0.15866912733763455,0.6484230518341064,0.00046233659723603313
525,0.19796841913357638,0.5286504155024886,0.24746565119130537,0.15017642248421909,0.6215684592723847,0.00046077045213607716
526,0.19175927774940646,0.5215917868539691,0.23072962007718162,0.14380583697929977,0.590636134147644,0.0004592046942159208
527,0.19050037202214298,0.5197656780481339,0.2948045052587986,0.1580873685888946,0.6389758691191674,0.00045763933892896283
528,0.1945024689750426,0.526064120978117,0.2255019591655582,0.13887665020301937,0.5808512046933174,0.00045607440172462795
529,0.1920088570979715,0.5205548452213407,0.24837165167555214,0.14855454778298735,0.6104273408651352,0.00045450989804821464
530,0.18922346050603664,0.5296824589371681,0.23573685598094016,0.13956830129027367,0.590521103143692,0.0004529458433407424
531,0.19163616972200542,0.5213067175820469,0.23542974416050128,0.14227458983659744,0.5823836788535118,0.0004513822530388
532,0.19891819940312416,0.542631646990776,0.299126007698942,0.16505221351981164,0.6861131206154824,0.0004498191425743922
533,0.19889354001079482,0.5410173281095922,0.287017448595725,0.15855142064392566,0.6493951290845871,0.0004482565273747884
534,0.19170050814973366,0.5261620157398283,0.23129919802886434,0.14113629832863808,0.5771830275654792,0.00044669442286236966
535,0.1922488410578808,0.5391842644661665,0.293667144945357,0.16120323510840534,0.654675868153572,0.000445132844454477
536,0.18834675133330164,0.5257030295208096,0.30562620480777697,0.1712000561878085,0.7368103921413421,0.0004435718075632588
537,0.18943000205108546,0.5197610141709447,0.21585457167821004,0.13637199960649013,0.5716455891728401,0.000442011327595519
538,0.2026511572574236,0.5244958417490124,0.25115475765196604,0.1438023523427546,0.6077220305800438,0.00044045141995256487
539,0.19700123408874787,0.5247470956295729,0.23190999794169329,0.1364436169154942,0.5826384380459786,0.0004388921000300549
540,0.18324550810211804,0.5113177262246609,0.22577256847871469,0.13851949591189622,0.5752234905958176,0.0004373333832178476
541,0.206205502620287,0.5294542788527906,0.2805862425244413,0.1551275748759508,0.6680139362812042,0.0004357752848998483
542,0.19252869757219743,0.5259013585746288,0.30213427185080943,0.16159770004451274,0.6764663755893707,0.0004342178204538584
543,0.18858751763655163,0.5188575526699424,0.3693461268674582,0.1976961111649871,0.9458554863929749,0.0004326610052514234
544,0.19129112248720048,0.5252825543284416,0.2969032562687062,0.1517396061681211,0.649022389948368,0.0004311048546576807
545,0.18502583595327451,0.5176085086539388,0.32055452996864914,0.1610995538532734,0.6955183237791062,0.0004295493840312084
546,0.18270457477337915,0.513652054965496,0.2396269774180837,0.14508206341415644,0.6054505333304405,0.0004279946087238736
547,0.1932937419245718,0.5240127652883529,0.2232807721302379,0.13718031020835042,0.5796717897057533,0.0004264405440806811
548,0.193261581918523,0.5209492337889969,0.28607803443446755,0.16667883526533842,0.7278580710291862,0.0004248872054396212
549,0.19161023551896506,0.527799550909549,0.31388573385775087,0.17545374818146228,0.7616582721471786,0.0004233346081315195
550,0.1890273577237167,0.5162398898974061,0.3548155777156353,0.1926388580352068,0.8624457865953445,0.0004217827674798844
551,0.1812794062680041,0.5206133991479873,0.2823578951414675,0.1611651849001646,0.6620534718036651,0.00042023169880075665
552,0.19282604099680611,0.5244753548875452,0.22752828017110005,0.13845465332269669,0.5845681339502334,0.000418681417402558
553,0.20147534419556906,0.5438065901398659,0.24082230000058188,0.14620180623605847,0.6164560928940773,0.00041713193858594004
554,0.18509359890958876,0.5129038758575917,0.30634058305295186,0.1711687993258238,0.7330391004681587,0.0004155832776436329
555,0.1810746106200895,0.5142792546190321,0.29119505744893104,0.16403676699846984,0.6966307997703552,0.00041403544986029495
556,0.19110253922244738,0.5224444855004549,0.2126918598834891,0.13459111647680402,0.5751167207956314,0.0004124884705123618
557,0.18121550775267678,0.5153965653851629,0.3140972194378264,0.1713993687182665,0.7563365399837494,0.00041094235486789464
558,0.1891486870836161,0.5233153734356165,0.258184093714226,0.15010664639994503,0.6141267910599708,0.0004093971181864311
559,0.18244324729275832,0.5263946626335383,0.3163579287473112,0.17955985609441996,0.8124813631176948,0.00040785277571883313
560,0.1815635912882499,0.5153552782721817,0.2182131272391416,0.13844634033739567,0.5825915917754173,0.00040630934270713745
561,0.19249373070870207,0.5148118061944842,0.2305412502028048,0.14594400441274047,0.6108680158853531,0.00040476683438440486
562,0.18295379348001006,0.5168536884710193,0.3126514116534963,0.16679895482957363,0.7197990253567695,0.00040322526597456974
563,0.18509680581591964,0.5214533020742238,0.3302991883130744,0.1879031777381897,0.8338774561882019,0.00040168465269228967
564,0.18855238960368298,0.5196766920387745,0.20737586055183782,0.13975357552990317,0.5651215180754662,0.0004001450097427963
565,0.18483510854384805,0.5165756066329777,0.34847688362933693,0.18211191184818745,0.7822993740439415,0.00039860635232174353
566,0.20291577307543776,0.5315529581159353,0.2368950242642313,0.14367243368178606,0.6002773970365525,0.000397068695615059
567,0.18800330727681286,0.5205305922776461,0.2803123130463064,0.1568519717082381,0.6895797207951546,0.0003955320547987939
568,0.17563198074130923,0.5108922071754932,0.2477049963665195,0.14376683831214904,0.6123863250017166,0.00039399644503897244
569,0.18228719165090296,0.5127035743556917,0.24394465973600746,0.14174968423321843,0.6097642749547958,0.0003924618814914431
570,0.19383048271592998,0.5220399534329772,0.259754018811509,0.15495981369167566,0.6612693727016449,0.0003909283793017285
571,0.1824013549663505,0.5207049960270524,0.2846358153154142,0.16153863724321127,0.6941322639584542,0.00038939595360487633
572,0.18584973635006463,0.5096157487481833,0.22661428671563044,0.13895657733082772,0.5843419000506401,0.00038786461952530917
573,0.17900909098243573,0.5095866170711816,0.2628167473478243,0.14997130511328577,0.6254048511385918,0.00038633439217667666
574,0.18727924694121612,0.5167504694312811,0.2341917498037219,0.14304340146481992,0.5996738791465759,0.0003848052866617046
575,0.18423105378315086,0.5117456660605967,0.34217783256899564,0.18933346197009088,0.8761684462428093,0.00038327731807204717
576,0.17738553455164946,0.5129383059218526,0.21045297947712244,0.13634321559220552,0.5863929316401482,0.00038175050148813746
577,0.18124371640442405,0.5195788307115435,0.21244433302199467,0.13931691292673348,0.58386589884758,0.0003802248519790389
578,0.17826425241219113,0.5009715895168483,0.2835266947047785,0.15990469865500928,0.7044123142957688,0.00037870038460229607
579,0.17807087662913546,0.5206298538483679,0.19735115803778172,0.13495678193867205,0.5711857065558433,0.0003771771144037866
580,0.17713868571263447,0.5209939870983362,0.21513299602083863,0.1375575762242079,0.5810722202062607,0.00037565505641757246
581,0.18380184199668292,0.5213696889579296,0.2018220285186544,0.13261365201324224,0.5719805628061294,0.00037413422566575115
582,0.18223059457304772,0.5123385464772582,0.233878147683572,0.1435344021767378,0.6024469807744026,0.00037261463715830876
583,0.16948436417078483,0.5169091878458858,0.2203509336686693,0.1404515783302486,0.5907674998044967,0.0003710963058929699
584,0.17936092192503567,0.5168657751753927,0.27789241360733286,0.1610837232321501,0.6731449291110039,0.00036957924685505135
585,0.1792183826528344,0.5115379070863127,0.20222561875125394,0.13441892759874463,0.5674701139330864,0.00036806347501731337
586,0.18475821273423207,0.5195311031304299,0.2390541361295618,0.14897718150168657,0.6168336406350136,0.0003665490053398121
587,0.18071082636088248,0.5072461247444153,0.29171750259120016,0.16012403517961502,0.6792297914624215,0.0003650358527697516
588,0.1879287786563509,0.5182714760303497,0.27110664409119634,0.1723350340500474,0.7765919923782348,0.00036352403224133715
589,0.18335687421476904,0.5105458166450262,0.21183432291727514,0.13562310356646776,0.5793618232011795,0.00036201355867562703
590,0.18477835590911126,0.5198594036512076,0.2552859468618408,0.14656691020354629,0.6149869918823242,0.0003605044469803851
591,0.18078334837737203,0.5152969133108855,0.27473367352504285,0.16044158414006232,0.6905874118208886,0.0003589967120499351
592,0.18342724134781746,0.5158984091132879,0.21683688886696473,0.1405458110384643,0.5888562381267548,0.0003574903687650117
593,0.18477471988608157,0.5167628178372979,0.24399102504830808,0.14202733272686602,0.5965166330337525,0.00035598543199261525
594,0.17352036286174552,0.5119058435782791,0.19026881351019256,0.1275440630502999,0.5445499613881111,0.00035448191658586387
595,0.17796142605720888,0.5064870459027588,0.2348976933863014,0.14335199911147356,0.6044340342283249,0.0003529798373838479
596,0.17405617555850766,0.5163992322981358,0.20976305071962997,0.13552756970748306,0.5698537722229957,0.0003514792092114823
597,0.19327536222317576,0.5195529869757592,0.26211323504103345,0.1520692417398095,0.6309839233756065,0.00034998004687936173
598,0.17914629812967178,0.5186883620917797,0.22225861130282282,0.13929356820881367,0.591658915579319,0.00034848236518361284
599,0.17432184292920283,0.5028650707565248,0.2110204147757031,0.1315381709486246,0.5634524241089821,0.00034698617890574935
600,0.17631493256776593,0.5243694386444986,0.30586165154818445,0.17555138394236564,0.8210833534598351,0.0003454915028125261
601,0.17871104329205992,0.5252244843170046,0.22296266495250167,0.13723714603111148,0.5878008529543877,0.0003439983516557924
602,0.18872651419424075,0.5149500641971827,0.22060944832628593,0.1409383712336421,0.587698471546173,0.00034250674017234737
603,0.1792553739678624,0.5081124381162226,0.20128602201584728,0.13234653752297162,0.5628000438213349,0.00034101668308379426
604,0.17909045799333398,0.5096534676849842,0.2876212262897752,0.16360767241567373,0.7296234130859375,0.00033952819509639506
605,0.1705598399585142,0.5093605902045966,0.24418128692777827,0.15164410658180713,0.6594977438449859,0.000338041290900925
606,0.17357461421124754,0.5113307148218155,0.21598876642528922,0.13863353412598373,0.5871159970760346,0.00033655598517252856
607,0.16774226665729658,0.5064309660345316,0.2739457257441245,0.1680415764451027,0.7990982696413994,0.00033507229257057335
608,0.1771993938667947,0.503979425970465,0.28667787946760653,0.15690517593175174,0.6797023296356202,0.0003335902277385065
609,0.17744227106759353,0.5029411487281322,0.19865444145398214,0.12989066326990722,0.5591893047094345,0.00033210980530370943
610,0.17131790510829886,0.5181535914540291,0.21074809781275688,0.13588346829637885,0.569418178498745,0.00033063103987735404
611,0.17948764862921962,0.5064992740750313,0.22906340963672847,0.14377035684883593,0.6045705676078796,0.00032915394605425804
612,0.16944395447681018,0.5033035486005246,0.29182543032802644,0.17019365523010493,0.7662712872028351,0.0003276785384127412
613,0.17099075977876055,0.514369376283139,0.22707949860487134,0.14551643868908287,0.597254678606987,0.00032620483151448126
614,0.18002591175572888,0.5060746320523322,0.225313014537096,0.13803874384611844,0.5758877456188202,0.00032473283990437017
615,0.17570356690048355,0.5110500179231167,0.3262755991425365,0.1803747145459056,0.8279344528913498,0.0003232625781103712
616,0.17523140432567744,0.5095221672207118,0.2689542619278654,0.1548812602646649,0.6549835562705993,0.00032179406064337436
617,0.1643888566926762,0.4948189244605601,0.2342556838528253,0.14203612124547363,0.5929553717374801,0.0003203273019970544
618,0.16756606717935937,0.4890491936355829,0.23744222784880548,0.14496414884924888,0.6165044099092484,0.00031886231664772686
619,0.17330785480880878,0.49933488462120296,0.23063901062123476,0.1438505705446005,0.6058320119976998,0.00031739911905420584
620,0.17751291178065004,0.5022787554189563,0.2724365466157906,0.154525182582438,0.6580505132675171,0.0003159377236576607
621,0.1749052501380902,0.5066901539452374,0.2568575897603296,0.15595448529347777,0.694425231218338,0.00031447814488147415
622,0.1778438097297112,0.5003407924436033,0.2732456177473068,0.15286660250276327,0.6216403350234032,0.00031302039713109955
623,0.1683262796534109,0.5054243395105005,0.3292622790671885,0.18025668188929558,0.8493168771266937,0.0003115644947939183
624,0.17269428755607805,0.51080206297338,0.21295002605766059,0.13548226710408925,0.5869010120630265,0.0003101104522390992
625,0.16945934332688922,0.5106620742939413,0.20091895157238468,0.13199693392962217,0.5616608038544655,0.00030865828381745485
626,0.16810693491243,0.5089853907003998,0.3026531248353422,0.17616337519139053,0.8355192363262176,0.0003072080038613015
627,0.168207660619737,0.5050611756742001,0.22135747430147604,0.14364605955779552,0.6090907141566276,0.0003057596266843167
628,0.17634064868670976,0.5172546711750329,0.2490787993767299,0.1512494545429945,0.6444030210375786,0.0003043131665813986
629,0.17327033023775584,0.5186762265861035,0.19681508073117585,0.13294591950252652,0.5679730668663978,0.0003028686378285242
630,0.17286047236448213,0.5011524271219969,0.18388526451890358,0.1240596791729331,0.5438707172870636,0.00030142605468260934
631,0.1655252326041591,0.4949904047884047,0.2640624341322109,0.15746480468660592,0.6571996584534645,0.0002999854313813674
632,0.16842704497175873,0.4947006033733487,0.22038697540410795,0.13725717114284636,0.5795391812920571,0.00029854678214316833
633,0.16562279302270327,0.4990660822018981,0.2602274802629836,0.14824349638074635,0.6094237014651298,0.00029711012116689976
634,0.16902091292940896,0.5051701782271266,0.35556769990362225,0.19583911765366793,1.0257710233330726,0.00029567546263182523
635,0.16589218613116827,0.49469599379226564,0.22656252733431756,0.14031973900273442,0.59547089189291,0.0002942428206974453
636,0.16717839688735694,0.49746643751859665,0.24453705174382775,0.15225167935714126,0.6472155213356018,0.00029281220950335763
637,0.16839797240463666,0.5072580082342029,0.2180768416263163,0.13842576602473855,0.5838231638073921,0.0002913836431691171
638,0.16729778414628527,0.5189120791852474,0.2478435639059171,0.14549456806853414,0.6041543126106262,0.00028995713579409654
639,0.16255321101634762,0.4972046851180494,0.26279024404939266,0.15152523079887031,0.620869317650795,0.0002885327014573481
640,0.17314366040209278,0.5202158385887742,0.23794186922023072,0.14118972066789864,0.5883145317435264,0.0002871103542174633
641,0.16512638671520108,0.5027024302631616,0.18126990991295316,0.12375408466905355,0.5379117414355278,0.0002856901081124355
642,0.16119988144128,0.49913250328972936,0.341201889666263,0.17950684316456317,0.8281622633337975,0.0002842719771595203
643,0.1669440268593462,0.49635215792804954,0.2240850334696006,0.1329624422825873,0.5796384006738663,0.00028285597535509735
644,0.1624550772467046,0.5104529011063278,0.18984462314401754,0.12932755164802073,0.5499629005789757,0.00028144211667453334
645,0.16194333187386292,0.5039814529009163,0.25075391788268464,0.14801486805081368,0.6220228433609009,0.00028003041507204207
646,0.16007838113837353,0.49082792149856685,0.3248396588140167,0.18046128395944833,0.8912763386964798,0.000278620884480549
647,0.17381946028690437,0.5229814693331718,0.2078742275829427,0.13481683768332003,0.5696446299552917,0.00027721353881155153
648,0.1648571731922857,0.5015041454695165,0.2874743417603895,0.15732516841962935,0.6780106365680695,0.00027580839195498366
649,0.16391722801236028,0.5047649907879531,0.24718043408356608,0.14985882453620433,0.6233363494277,0.0002744054577790771
650,0.16271600026084343,0.5058707039803266,0.2715040265233256,0.16280886698514224,0.7225809186697006,0.0002730047501302263
651,0.1657867014178919,0.49368793051689863,0.227940392983146,0.14355440596118568,0.6040112093091011,0.00027160628283285005
652,0.16247765864245595,0.4963568115606904,0.2596112387953326,0.15820730123668908,0.6793959811329842,0.0002702100696892558
653,0.16648525273012638,0.4882926752790809,0.260946996556595,0.1542011346668005,0.6498350694775581,0.00026881612447950365
654,0.16786654124007327,0.5100018062628806,0.21480665056733414,0.13796042539179326,0.5761748492717743,0.0002674244609612705
655,0.16838620044363778,0.5109667764045298,0.25009345083963125,0.1491148908622563,0.6280730843544007,0.0002660350928697131
656,0.16439542505177088,0.503028838802129,0.19859457972925157,0.13198049487546087,0.5700685665011406,0.0002646480339173336
657,0.16282758616434875,0.5067985471338033,0.2199087604181841,0.14251504726707936,0.6046278089284897,0.00026326329779384364
658,0.16040835276216966,0.497764009796083,0.20433536615455522,0.13553909081965684,0.5703759104013443,0.0002618808981660301
659,0.1585012931655001,0.48718295972794295,0.25960554274497555,0.15263122292235493,0.6445107266306878,0.0002605008486776192
660,0.15774937491733,0.5050488129258156,0.20326315241400153,0.1341848080046475,0.568904173374176,0.0002591231629491422
661,0.1625529048651515,0.49712430983781813,0.26722417895216494,0.15846186373382806,0.68222566395998,0.0002577478545778007
662,0.16181656753014978,0.4877633696421981,0.25267244237475095,0.14783633081242442,0.6246905580163002,0.00025637493713733363
663,0.1653595601212146,0.501798203960061,0.19705707421526314,0.13190206252038478,0.559609691798687,0.0002550044241778816
664,0.16255034559071646,0.5110864971764386,0.22639990820316597,0.14691260335966944,0.6286246538162231,0.00025363632922585384
665,0.1577497607209807,0.4930405574850738,0.206690993020311,0.13273351043462753,0.5693525090813637,0.00025227066578379596
666,0.16104833550452896,0.5117602316662669,0.23604218262480572,0.1469254795461893,0.6116503149271011,0.00025090744733025436
667,0.15787136366416235,0.48006336102262137,0.20764000046765432,0.13616681937128305,0.5741272926330566,0.00024954668731964495
668,0.16167554348121485,0.5037267688661814,0.2679476408171467,0.1610473610460758,0.7198406130075454,0.00024818839918211937
669,0.16027008255987313,0.5034644369967282,0.2966955470386893,0.17152916602790355,0.8418607473373413,0.0002468325963234336
670,0.15678518410913966,0.4844980030320585,0.24606896890327334,0.15346345081925392,0.6940787956118584,0.0002454792921248141
671,0.15739839989983012,0.48849900253117085,0.1759288446395658,0.12626414578408002,0.5357273429632187,0.00024412849994282732
672,0.16037573895991955,0.49846200942993163,0.18867960562929512,0.1280397751368582,0.539933231472969,0.00024278023310924645
673,0.1621059015242281,0.4973568694666028,0.20200381133472547,0.13443609215319158,0.5748436421155929,0.00024143450493092116
674,0.16244182385598832,0.49674587454646824,0.20134621674660594,0.1333031203597784,0.5647966295480729,0.0002400913286896451
675,0.15584302826991916,0.48803126038983463,0.292062574904412,0.1733335504308343,0.809089557826519,0.00023875071764202532
676,0.16407476169842994,0.4936726829968393,0.22395796589553357,0.14255965389311315,0.6108406543731689,0.00023741268501935179
677,0.15782997288697515,0.4871595651842654,0.2576019242871553,0.15882745813578367,0.7057347759604454,0.00023607724402746654
678,0.15297318622288003,0.49428471801802515,0.17088956520310603,0.12113146223127842,0.5341142028570175,0.00023474440784663282
679,0.15302926154563465,0.4936866363510489,0.19380191987147555,0.13104266757145525,0.5531322285532951,0.00023341418963140543
680,0.1535282509863464,0.4953717497177422,0.2078584125149064,0.1370167788118124,0.5746680796146393,0.0002320866025105015
681,0.1561515862653323,0.49482596255838873,0.1970508746104315,0.13117507789283991,0.5525571316480636,0.00023076165958666977
682,0.15668417022461653,0.48921473901718854,0.20542657630867325,0.1351554217748344,0.5580298706889153,0.00022943937393656182
683,0.15171625590955956,0.4816643239930272,0.3486108691431582,0.18464554697275162,0.8670153871178627,0.00022811975861060341
684,0.15299267293739832,0.49347676606848834,0.27012600866146386,0.15924353823065757,0.6869870468974113,0.00022680282663286523
685,0.15168358741066185,0.47610396007075906,0.21967869825894012,0.1411532356403768,0.5939189597964287,0.00022548859100093394
686,0.1526367953614681,0.4824105048552155,0.20503458532039076,0.13399183237925172,0.561778549849987,0.00022417706468578463
687,0.15565599269721134,0.5007238984107971,0.23260262365220113,0.14314938383176923,0.5993297964334487,0.0002228682606316528
688,0.15722109872149304,0.48832961488515136,0.30563331438461316,0.17121570613235235,0.7679237350821495,0.00022156219175590571
689,0.1538845405106258,0.47791927875950935,0.2548135585850105,0.14865202708169817,0.6269297614693642,0.0002202588709489163
690,0.1546702433610335,0.4884948474355042,0.18018484766944312,0.12550555337220431,0.5364446431398392,0.00021895831107393438
691,0.15269747010406717,0.49534350717440245,0.25314678087597714,0.14906624816358088,0.637340497970581,0.00021766052496696126
692,0.15512803189158147,0.4928799540735781,0.27175870051141826,0.15338757783174514,0.6514740273356437,0.00021636552543662156
693,0.15370926402538315,0.4789538146927953,0.2877196997171268,0.1605636553838849,0.6904561936855316,0.000215073325264038
694,0.15357758937934704,0.4973340928554535,0.24699191603576764,0.1507218185812235,0.6395958498120308,0.0002137839372027042
695,0.15057733663234102,0.4834362699650228,0.2400420023361221,0.14621545951813458,0.6278494760394097,0.0002124973739783604
696,0.15621062591781082,0.48903953982517123,0.20402691136114298,0.13264521388337017,0.5752225324511528,0.00021121364828886597
697,0.15239822640869533,0.48695498891174793,0.29721554743591694,0.1651820743456483,0.755136913061142,0.00020993277280407496
698,0.15132999657325855,0.4927303268574178,0.2130338692222722,0.13298235405236483,0.5752744749188423,0.0002086547601657117
699,0.15707243797969567,0.49143899101763966,0.21023970409296452,0.1379618752747774,0.582564328610897,0.00020737962298724474
700,0.15170854995849367,0.5048845702782273,0.22884269327623769,0.142783463653177,0.5981118351221084,0.00020610737385376313
701,0.15465900499657437,0.4941431598737836,0.24790047613205388,0.14749900372698904,0.6241938665509223,0.00020483802532185227
702,0.14962297730598947,0.49084897646680475,0.30263886579778043,0.17202641684561967,0.8127800792455673,0.00020357158991947004
703,0.15351506765000522,0.48569622319191696,0.3157321993261576,0.17136198934167624,0.7458793669939041,0.00020230808014582227
704,0.15048346461080656,0.48088664915412666,0.2991539829876274,0.1687054936774075,0.7537038996815681,0.0002010475084712404
705,0.1563469327855273,0.4897967641241848,0.263213241903577,0.15830834731459617,0.696550028026104,0.0001997898873370577
706,0.15135824027383932,0.47512844754382966,0.2228798868425656,0.13719648718833924,0.5748378083109855,0.00019853522915548724
707,0.15371619199795533,0.49323869673535226,0.19008052765857428,0.12834062417969108,0.5507364884018898,0.00019728354630949897
708,0.1549916873620532,0.4838919499889016,0.19961190667236223,0.13204246442764997,0.5659174233675003,0.00019603485115269687
709,0.1512855583867349,0.49721937607973815,0.17247544049168936,0.12006830526515841,0.5292936727404595,0.00019478915600919838
710,0.1502337680751225,0.47869781907647846,0.23744597734184936,0.14573094686493276,0.6215120762586593,0.00019354647317351147
711,0.1501805005593269,0.48693203357979653,0.18394034783123062,0.12780658192932606,0.5509503081440925,0.00019230681491041408
712,0.152376669757723,0.4912055137567222,0.22685811890987678,0.14083535177633166,0.6022199094295502,0.00019107019345483234
713,0.15325365619864897,0.49256407963112,0.1837654425529763,0.1267243495211005,0.5456358820199967,0.0001898366210117216
714,0.15338557515751744,0.5059743002988398,0.2505175201804377,0.15162313897162677,0.6560477510094642,0.00018860610975594345
715,0.1510197178367889,0.4868617401458323,0.18530574415344744,0.12814567694440485,0.5470746144652366,0.00018737867183214702
716,0.1577496856683865,0.4869224984198809,0.2520271715126,0.15129365883767604,0.6495356813073159,0.00018615431935464945
717,0.150929909858678,0.4957772040739655,0.1744012320006732,0.12340921266004443,0.5348054960370063,0.00018493306440731517
718,0.1518002613385761,0.48776977667585014,0.28431571550900114,0.16069120094180106,0.7108687311410904,0.0001837149190434374
719,0.156253587971878,0.4974513781256974,0.2412328290636651,0.14272696264088153,0.6241961121559143,0.00018249989528561922
720,0.14973264230484346,0.4912769664078951,0.22735086568864063,0.14745487896725534,0.6553280547261238,0.00018128800512565475
721,0.14796687068337633,0.4873132576234639,0.22048301631584763,0.1400752255693078,0.5912939131259918,0.00018007926052441048
722,0.14577313130084804,0.48503340370953085,0.20622928781667724,0.13439302751794457,0.569890171289444,0.00017887367341170757
723,0.14601509938511298,0.46971702184528114,0.2053951844223775,0.13318549329414964,0.5620509400963783,0.00017767125568620402
724,0.1552595263656258,0.47874907571822406,0.19335062832105904,0.13153002355247737,0.5648929014801979,0.0001764720192152774
725,0.14488481155003682,0.48509686533361673,0.18420592650072648,0.12650173874571918,0.5424529507756233,0.00017527597583490785
726,0.15647825940177426,0.4858892374671996,0.1933254935371224,0.12921449365094304,0.5541941180825234,0.00017408313734956017
727,0.14364139556910233,0.48520722072571515,0.17340149843948893,0.12274639382958412,0.5294305413961411,0.00017289351553206913
728,0.1535172692983906,0.49516006419435143,0.20091547480551525,0.13388648992404342,0.5748530641198158,0.00017170712212352147
729,0.148325138821383,0.48418542332947256,0.1677165690343827,0.1191017678938806,0.5246096909046173,0.00017052396883314132
730,0.14611406753319897,0.49576621102169155,0.18649896506685765,0.12986296853050588,0.558781298995018,0.00016934406733817362
731,0.15213383046120726,0.485129252076149,0.21184533294290303,0.13566185738891362,0.5853076696395874,0.00016816742928377036
732,0.14914366658831568,0.47174558574333786,0.2602002725121565,0.14909106539562345,0.6375987768173218,0.00016699406628287386
733,0.14864809345599497,0.49145121378824114,0.18569542028708383,0.1278587224893272,0.5511895105242729,0.00016582398991610322
734,0.1448024926461585,0.4785323103889823,0.23626524730352685,0.14427383625879883,0.6093344822525978,0.00016465721173163962
735,0.14923136422439712,0.4825988870114088,0.18353554832283409,0.12376893674954773,0.5458755105733871,0.00016349374324511307
736,0.14789351263789285,0.4815508671104908,0.18028503563837148,0.1255403993651271,0.5384841948747635,0.0001623335959394874
737,0.14477920034078123,0.47930744886398313,0.22335258820094167,0.1418900430202484,0.6038438960909843,0.00016117678126494842
738,0.1510232008267849,0.48680171808227896,0.23415225138887763,0.1464320263825357,0.6321206539869308,0.00016002331063879005
739,0.14788714172755135,0.482068747933954,0.19596896780421957,0.13170550810173154,0.5642945677042007,0.00015887319544530149
740,0.1430070189995604,0.4729346400126815,0.24475707965902985,0.14994533667340876,0.652097587287426,0.00015772644703565547
741,0.15512857039411757,0.4806622417643666,0.18920639503048733,0.13025297056883572,0.5570481270551682,0.0001565830767277956
742,0.1469346710562604,0.48579014400020243,0.2529987741843797,0.15483993254601955,0.6902889281511306,0.0001554430958063254
743,0.14711967173498125,0.4830223091877997,0.218392562342342,0.14120272351428867,0.5992987036705018,0.00015430651552239652
744,0.14485370762395178,0.4780793943442404,0.2842395079089329,0.16323174219578504,0.7350167065858841,0.0001531733470935973
745,0.14561576416199387,0.4808190637268126,0.1907148485770449,0.13040990261361002,0.5633458226919175,0.00015204360170384255
746,0.1465820517651082,0.4836904725059867,0.2272032404318452,0.14286647578701378,0.6174222081899643,0.00015091729050326343
747,0.14444932078640704,0.4778801815584302,0.20181615074397996,0.13506479198113083,0.5847321167588234,0.00014979442460809662
748,0.1440499540329256,0.47585211852565407,0.2216005927650258,0.1427670830860734,0.6202888935804367,0.00014867501510057497
749,0.14418472595389176,0.46479345485568047,0.24701742106117308,0.15040689893066883,0.661867655813694,0.00014755907302881896
750,0.14718696651070787,0.4805736429989338,0.3367211682489142,0.18277537003159522,0.897951626777649,0.00014644660940672596
751,0.14868308556360715,0.49342036433517933,0.2157779692322947,0.1384052438661456,0.5935226783156395,0.00014533763521386284
752,0.14128532177255693,0.47750927824527023,0.21405240658205002,0.1389426992274821,0.5974244341254235,0.000144232161395357
753,0.1456985631653879,0.49214860508218405,0.22274858182063326,0.1413647636771202,0.6119876280426979,0.0001431301988617891
754,0.14581590765064903,0.4829921530559659,0.25533757817465813,0.153928180038929,0.6781795591115951,0.00014203175848908408
755,0.1440175508552784,0.4830930968746543,0.2352932549547404,0.14614903926849365,0.634001336991787,0.00014093685111840533
756,0.14404918893196736,0.48025037087500094,0.20326731933746486,0.13282303074374796,0.5773991629481315,0.00013984548755604622
757,0.14762656169114052,0.4714932284317911,0.22232616548426448,0.14225764712318778,0.5955503046512604,0.0001387576785733248
758,0.14425727858688334,0.4889019126072526,0.17176709256018513,0.12263134587556124,0.5329725041985511,0.00013767343490647647
759,0.1430661871774646,0.4837554796598852,0.1679163490945939,0.12128547625616193,0.5277333930134773,0.00013659276725654833
760,0.14284448024682206,0.48470833953469994,0.22313744365237653,0.14168605096638204,0.5991290643811226,0.00013551568628929387
761,0.14435438341497503,0.48610006188973787,0.16139076285180637,0.11658759098500013,0.5133502691984176,0.00013444220263506766
762,0.14357459993570956,0.48086774023249745,0.18385818939423187,0.12864943835884332,0.5487634748220444,0.0001333723268887198
763,0.14293951156187176,0.47343247961252927,0.17193480966961944,0.1224508666433394,0.5325363904237748,0.00013230606960949176
764,0.1441884609648696,0.4690802915021777,0.22412329280050472,0.14561218935996295,0.6316193416714668,0.0001312434413209128
765,0.14519086410437013,0.4747397879138589,0.17046454548835754,0.12218322437256575,0.532040648162365,0.000130184452510695
766,0.1479699147224892,0.4820900928229094,0.17827022731071338,0.12501731077209116,0.5472151458263397,0.00012912911363063018
767,0.14685862321712193,0.47912367088720204,0.24148524239426478,0.15325790084898472,0.6852588534355164,0.00012807743509648717
768,0.13876965284725884,0.484094896633178,0.2583893589559011,0.15620866194367408,0.6944160282611846,0.00012702942728790866
769,0.1392471099683462,0.48103236556053164,0.21064870912814512,0.13741214647889138,0.5903896570205689,0.00012598510054830856
770,0.13954423361356022,0.4819194463081658,0.23429213436320423,0.1486902741715312,0.6451693475246429,0.00012494446518476992
771,0.14058176205180645,0.4869937026873231,0.19339869925752282,0.13158044638112187,0.5638651892542839,0.0001239075314679441
772,0.14312115969842126,0.4804988176561892,0.24269650646019728,0.1495213928632438,0.662298372387886,0.0001228743096319478
773,0.14074807490651436,0.47672228822484614,0.17315169390058144,0.12055902276188135,0.5266206875443459,0.00012184480987426384
774,0.14104874647018734,0.475711013097316,0.16865473455982283,0.1208626540377736,0.5273709610104561,0.0001208190423556388
775,0.14132166747222072,0.4815768202766776,0.23382659289054572,0.1474484235048294,0.6552345544099808,0.00011979701719998427
776,0.14023893083576694,0.4911388332024217,0.16500420700758694,0.1193312912248075,0.5219751268625259,0.0001187787444942759
777,0.1415230211641756,0.47755719935521485,0.17051184559823013,0.12300540544092656,0.5336132273077965,0.00011776423428845408
778,0.14333590339865623,0.4769896285608411,0.25278782276436684,0.1546831164509058,0.683305624127388,0.00011675349659532477
779,0.14314706824734458,0.48774478267878296,0.2655918045900762,0.16065401937812568,0.7310470089316368,0.00011574654139046145
780,0.14423769933109726,0.4703724466264248,0.2563182628247887,0.1550272099673748,0.6770653605461121,0.00011474337861210518
781,0.1386118123518827,0.4775422499515116,0.181108943518484,0.12552764555439352,0.5409733161330224,0.00011374401816106753
782,0.1372149706188793,0.4882583820261061,0.21779099859995768,0.14261069120839237,0.6272231638431549,0.00011274846990063289
783,0.13891265813363135,0.47389977118000387,0.2595767400227487,0.1561903703957796,0.671067725121975,0.00011175674365646057
784,0.14491437531542034,0.4779266549274325,0.178249629389029,0.12517576161772012,0.5432792544364929,0.00011076884921648807
785,0.14331641930584738,0.4829374591819942,0.20160950360586866,0.13522895015776157,0.5919820427894592,0.00010978479633083484
786,0.13795821585481463,0.46819065846502783,0.20703260598238557,0.13477663872763515,0.5924311280250549,0.00010880459471170569
787,0.14237320208940218,0.4749658604152501,0.19216424657497555,0.13037400264292956,0.5640666037797928,0.00010782825403329479
788,0.13959482528407535,0.4723927216604352,0.21175226616906,0.13844602145254611,0.608472754061222,0.00010685578393169046
789,0.13984467816189863,0.487474930472672,0.2257435385370627,0.140717928763479,0.6072286233305931,0.00010588719400477978
790,0.14094550969239208,0.47566571095958354,0.3633397700730711,0.19331754352897407,0.9757720977067947,0.00010492249381215455
791,0.1376991891360376,0.47438624799251555,0.21714309237431734,0.14004797218367457,0.6067350283265114,0.00010396169287501625
792,0.14342325005700332,0.48278543818742037,0.17236951131490058,0.12170798238366842,0.5308402314782142,0.00010300480067608207
793,0.1375818877870188,0.47653095787391064,0.18305026286980136,0.12847304213792085,0.5609715670347214,0.00010205182665949184
794,0.14275690443464556,0.47725762575864794,0.17004611669690348,0.12089726394042373,0.5274162977933884,0.00010110278023071431
795,0.13604760390735465,0.47834115792065857,0.2009929908788763,0.13470510002225639,0.5837647259235382,0.00010015767075645463
796,0.1377213944324467,0.48280507819727064,0.262014187395107,0.15387918669730424,0.6786003679037094,9.921650756456139e-05
797,0.14488966336866724,0.4829504281282425,0.2345237358356826,0.14555430030450225,0.6273794934153557,9.827929994393597e-05
798,0.13846384761454827,0.4660156870260835,0.19348267992027104,0.12901959596201779,0.5609577924013138,9.734605714443882e-05
799,0.13899828263511155,0.4737598647363484,0.1802947842865251,0.12414994034916163,0.5419825956225395,9.641678837679972e-05
800,0.14347127526561962,0.47974063353613017,0.17692360067740082,0.12436970081180335,0.5433299854397774,9.54915028125261e-05
801,0.1407394237277913,0.47859908640384674,0.18304035253822803,0.1266458067111671,0.5500921607017517,9.457020958381311e-05
802,0.1374084372899233,0.47177194710820913,0.21623745027463884,0.13841838892549277,0.6007421880960464,9.36529177834528e-05
803,0.14158459782884164,0.4878487386740744,0.1609192596457433,0.11505637131631374,0.5116920948028565,9.273963646474502e-05
804,0.1382039213251119,0.4693970867432654,0.19621594191994518,0.13092648927122355,0.5660055980086327,9.18303746414078e-05
805,0.13745607926357478,0.4815803281031549,0.18928137546172366,0.12963258028030394,0.560795895755291,9.092514128748813e-05
806,0.1419137331089587,0.4693519132211804,0.1930617123725824,0.13094045063480736,0.5686147719621658,9.00239453372737e-05
807,0.1405091504428128,0.4823569770902395,0.17565367391798645,0.12316664848476648,0.5346442520618438,8.912679568520471e-05
808,0.1399489922925568,0.47148817852139474,0.21027731584617868,0.13590347226709126,0.5905350014567375,8.823370118578605e-05
809,0.13730424419263726,0.4703331577591598,0.2013426420278847,0.13552871830761432,0.5920464918017387,8.734467065349999e-05
810,0.1399376673430197,0.46220618551597,0.2526882499223575,0.15602562054991723,0.7079401180148125,8.645971286271892e-05
811,0.13704116800709015,0.4744757704436779,0.20767994594061748,0.13543821759521962,0.5915416613221168,8.557883654761883e-05
812,0.13507807764199242,0.4786794385872781,0.22342987714800983,0.1421005713753402,0.6164049953222275,8.47020504020935e-05
813,0.13922885927349854,0.4709740522317588,0.17484649568796157,0.12260011583566666,0.5338944599032402,8.382936307966815e-05
814,0.13854281943495153,0.47096824534237386,0.20478961264016107,0.13459834093227982,0.5974696919322013,8.29607831934141e-05
815,0.13703857520522433,0.4661042861640453,0.20376064754091203,0.13549049366265536,0.5897504776716233,8.209631931586465e-05
816,0.13948254080587502,0.473557361215353,0.25586379688465966,0.15297621339559556,0.6705324709415436,8.123597997892897e-05
817,0.13702651824860368,0.4771108541637659,0.2022915593115613,0.13558589350432157,0.5833434104919434,8.037977367380902e-05
818,0.13980912326805991,0.48047674549743535,0.20050568755250425,0.13374849809333683,0.5786140918731689,7.952770885091529e-05
819,0.13887165407504654,0.48018665462732313,0.19587841550819576,0.13455581469461322,0.5875106528401375,7.867979391978378e-05
820,0.14618294166211854,0.4784993683919311,0.20237447412218898,0.13469868702813984,0.5883347481489182,7.783603724899227e-05
821,0.13542464447200472,0.46672229962423445,0.2101555306930095,0.14078088300302624,0.624033696949482,7.699644716607876e-05
822,0.13681357832465438,0.47732856599614026,0.2997820307966322,0.17344287633895875,0.8303970292210578,7.616103195745818e-05
823,0.13527919727621338,0.46739437682554125,0.19203944223700092,0.12943489933386446,0.5618727281689644,7.532979986834157e-05
824,0.1385169744531595,0.47288318146020175,0.1969846162479371,0.13413082053884864,0.5830734759569168,7.450275910265394e-05
825,0.13548122510037502,0.4741440304554999,0.1893069113837555,0.127641430683434,0.5565110087394715,7.367991782295372e-05
826,0.13767782367795006,0.4845393971540034,0.23847755684982985,0.15226734206080436,0.6977611303329467,7.286128415035218e-05
827,0.13623063513005035,0.4748067846521735,0.2375198520021513,0.14496632739901544,0.630944462120533,7.204686616443333e-05
828,0.14316878463687316,0.4633916017599404,0.16955041032051668,0.11973486803472042,0.5275253936648369,7.123667190317379e-05
829,0.13853669535128574,0.4732884571887553,0.24875485205557196,0.1567755773663521,0.7034280493855476,7.04307093628636e-05
830,0.13732871604988758,0.4691389989107847,0.2135439134784974,0.14344136519357562,0.638325372338295,6.962898649802806e-05
831,0.13382280652476766,0.4717856770381331,0.1784726159181446,0.12656410234048962,0.5558288633823395,6.883151122134795e-05
832,0.132628751248194,0.4685575172305107,0.194923389214091,0.13234058637171983,0.5790771752595901,6.803829140358208e-05
833,0.13295283505449335,0.46590145444497466,0.24290104070678353,0.15232404302805663,0.6869732588529587,6.724933487349033e-05
834,0.13612890032418362,0.473715843167156,0.18041579666314647,0.12491103000938893,0.5426760137081146,6.646464941775482e-05
835,0.13559727767897128,0.46232760651037097,0.15855125010129995,0.11412350656464695,0.5096850126981736,6.56842427809043e-05
836,0.13785904557153117,0.48065061466768383,0.17322386500309223,0.12214988041669131,0.5341794729232788,6.4908122665237e-05
837,0.13760270376769768,0.4659358077682555,0.23202464199857786,0.14931149519979953,0.6704669609665871,6.413629673074545e-05
838,0.13875936498079683,0.48164142221212386,0.16265408630715683,0.1166158271022141,0.5189790472388267,6.336877259503976e-05
839,0.1338991252370761,0.45529886251315477,0.24524119895650073,0.1491746699437499,0.6525782570242882,6.26055578332735e-05
840,0.13361339793118532,0.4743670673109591,0.19754426483996212,0.13238075245171785,0.5773743465542793,6.184665997806806e-05
841,0.1400628304705606,0.4850943245925009,0.16443302751285954,0.11770232329145074,0.521158879995346,6.109208651943906e-05
842,0.13773959465743246,0.4797527522780001,0.17985917154001071,0.12464485326781868,0.5442822188138962,6.0341844904721806e-05
843,0.13776123438292415,0.4680110699497163,0.1809675195836462,0.12622002335265278,0.5524406030774116,5.9595942538498064e-05
844,0.13765398016912514,0.46907895542681216,0.2087360858800821,0.13677412550896406,0.6014318153262138,5.885438678252317e-05
845,0.13613423126171256,0.4803582686930895,0.16555641055456363,0.1186721227131784,0.5270172774791717,5.811718495565313e-05
846,0.1370301560131338,0.4841213580220938,0.18444607261335477,0.12727516144514084,0.5574230551719666,5.738434433377229e-05
847,0.13546930155353037,0.46747209802269934,0.19961157735669985,0.13526149056851863,0.5941894248127937,5.665587214972159e-05
848,0.13497569053834013,0.47228200882673266,0.18944372674450277,0.13022987302392722,0.5761868178844451,5.593177559322762e-05
849,0.13579896662777174,0.4710861463099718,0.1676534061320126,0.12009687274694443,0.5318417638540268,5.521206181083096e-05
850,0.13456162841393962,0.4584252397529781,0.29710921202786267,0.17302539497613906,0.8334737002849579,5.449673790581596e-05
851,0.1317186951262556,0.470769546367228,0.216820087924134,0.14389858404174447,0.6462937146425247,5.378581093814085e-05
852,0.13149626483063911,0.475519962888211,0.1752577789942734,0.1222998296841979,0.539622762799263,5.3079287924367966e-05
853,0.13338734601111354,0.4735136582516134,0.26089894799515606,0.15595656335353852,0.695622107386589,5.237717583759407e-05
854,0.13092103626804602,0.4651036853902042,0.2034441380412318,0.13786119958385826,0.6107961967587471,5.1679481607381916e-05
855,0.13800611364531506,0.4733975360170007,0.20334288915619253,0.13541581882163883,0.6006930455565452,5.098621211969209e-05
856,0.13346282005877583,0.46851140931248664,0.20748164990218357,0.13703251648694276,0.6023025766015053,5.029737421681432e-05
857,0.13660727508213313,0.4809023402631283,0.1620116961072199,0.11675156326964498,0.5212264448404312,4.961297469730083e-05
858,0.1350567302939453,0.46976438648998736,0.1755132281105034,0.12357380818575621,0.5464107945561409,4.893302031589844e-05
859,0.1440436218665127,0.46921837599948046,0.18740217931335793,0.12953700879588723,0.567972120642662,4.825751778348245e-05
860,0.13456515191937796,0.4600906977429986,0.19422702383017168,0.1331299602985382,0.5912722706794739,4.7586473766990186e-05
861,0.13253276767172792,0.4705843116156757,0.1691110819519963,0.11998690767213702,0.5281329676508904,4.6919894889355024e-05
862,0.13385961924795992,0.46662675216794014,0.1585998594353441,0.11443030536174774,0.5130403771996498,4.625778772944136e-05
863,0.1374059444919112,0.47125308886170386,0.19155363753670826,0.13326291926205158,0.5945162996649742,4.5600158821979796e-05
864,0.13827233866886673,0.4804222546517849,0.25990638399962335,0.15351689886301756,0.6886144712567329,4.4947014657502034e-05
865,0.1372213851860579,0.47363540548831223,0.16771440086886286,0.1198493842035532,0.5296383023262023,4.4298361682277215e-05
866,0.13239800189730885,0.47643060563132167,0.2159084620536305,0.1410878686234355,0.6233681917190552,4.365420629824849e-05
867,0.14600728126606555,0.4703943096101284,0.24754547097254545,0.15331915877759456,0.6938792079687118,4.3014554862969324e-05
868,0.13629882326476944,0.4715780235826969,0.23147406814387067,0.14825504440814258,0.6697008445858955,4.237941368954111e-05
869,0.15827358636634017,0.49329589074477553,0.18770978125976398,0.13064839821308852,0.5850563362240792,4.174878904655087e-05
870,0.13702682620896667,0.4783101576380432,0.2121418958879076,0.13956188298761846,0.6194840654730797,4.11226871580093e-05
871,0.13734456925194535,0.4689749479293823,0.18082281780662016,0.12503640251234174,0.5515669465065003,4.0501114203289265e-05
872,0.13913555328581423,0.46925696898251773,0.24740949067054316,0.1496845331043005,0.668712143599987,3.9884076317064796e-05
873,0.13344557172404165,0.45672451416030524,0.20022621329408138,0.13224288979545235,0.5830450922250747,3.9271579589250695e-05
874,0.1342805599280837,0.46574171278625726,0.17219177227234467,0.12288702763617039,0.5467662334442138,3.866363006494244e-05
875,0.13530289095579065,0.47168010417371986,0.1928742177435197,0.1316003404557705,0.5801864996552467,3.806023374435652e-05
876,0.13389371945413586,0.4718132892623544,0.19173614553874357,0.13034772770479322,0.5681656405329705,3.746139658277081e-05
877,0.1287222328426651,0.4770372988656163,0.2324317857506685,0.14478540290147066,0.6354302242398262,3.686712449046659e-05
878,0.13082376149177435,0.48017558753490447,0.19385396232828497,0.1326906389556825,0.5826267823576927,3.6277423332669265e-05
879,0.1355823328769475,0.46648904448375106,0.17903076816583052,0.12397370329126715,0.5434271171689034,3.569229892949134e-05
880,0.1362807149584114,0.4728750316426158,0.2194648801116273,0.14157667178660632,0.6244880065321923,3.511175705587417e-05
881,0.13583629402819497,0.4670328412204981,0.1633917014230974,0.11646838616579772,0.5171338960528373,3.453580344153202e-05
882,0.13376748152732035,0.45934050194919107,0.19747797129675745,0.1329079887829721,0.5879107654094696,3.396444377089443e-05
883,0.13108789106627228,0.4693677225150168,0.18593311391305178,0.1279452105984092,0.5613312989473342,3.3397683683050696e-05
884,0.13205734955645312,0.4493673757649958,0.18270075257169083,0.1266593024134636,0.5564614236354828,3.283552877169389e-05
885,0.13139501530495182,0.4708001180551946,0.1894219857174903,0.1302331225015223,0.576401087641716,3.2277984585066264e-05
886,0.1337675823164318,0.47032046485692264,0.25979502046247943,0.15617566127330065,0.7136349394917488,3.172505662590376e-05
887,0.1293164506983885,0.4594434362836182,0.1887402139720507,0.1303360632620752,0.5731637835502624,3.117675035138202e-05
888,0.13469305942453502,0.46726699322462084,0.20499132710974663,0.13755672583356499,0.6115431413054466,3.063307117306287e-05
889,0.1350327115287655,0.47493166755884886,0.2439037634874694,0.15171268321573733,0.6874391376972199,3.009402445684008e-05
890,0.1370845399938844,0.46145354229956864,0.23339862419525162,0.14695877861231565,0.6520655483007431,2.9559615522887237e-05
891,0.1290207328791439,0.47429645862430336,0.168979020556435,0.1195830337703228,0.5264478147029876,2.902984964560464e-05
892,0.1341879608353338,0.471245701238513,0.25120997629128394,0.15320809707045555,0.6825254276394844,2.8504732053567647e-05
893,0.1339412486731817,0.46552608190104366,0.2293191558448598,0.14729475304484368,0.666363662481308,2.798426792947508e-05
894,0.13369953192668618,0.4582567180506885,0.1726658555562608,0.12183225573971868,0.5379192396998406,2.746846241009756e-05
895,0.12966186231933535,0.46565124168992045,0.18785465123364703,0.13011335879564284,0.5711421102285386,2.6957320586227266e-05
896,0.13355349347657466,0.46777972504496573,0.18329692106926815,0.12783185793086888,0.5621032446622849,2.64508475026278e-05
897,0.13039717105948512,0.4714088414795697,0.25250233662081883,0.15522713139653205,0.7002153664827346,2.594904815798396e-05
898,0.13179204714724618,0.46888293540105225,0.2607699036365375,0.15917190611362458,0.7307270854711533,2.545192750485256e-05
899,0.13228374823520425,0.4743712994270027,0.2787003149627708,0.16521215736865996,0.7806718483567238,2.4959490449614016e-05
900,0.13440570813290834,0.47811302337795497,0.17674204425420612,0.12398895472288132,0.5455024600028991,2.4471741852423154e-05
901,0.13267727932252454,0.47288809074088933,0.16714489450096154,0.11939192209392786,0.5297997117042541,2.3988686527161662e-05
902,0.13324859480380838,0.4761245752684772,0.24457037320826203,0.1528140377253294,0.699031226336956,2.351032924139055e-05
903,0.1307840788140311,0.46172054428607223,0.25571443772641944,0.15576673224568366,0.7242566525936127,2.3036674716303198e-05
904,0.1323887740054488,0.4696420103311539,0.1821341106086038,0.125751478318125,0.5534238919615746,2.256772762667845e-05
905,0.13056859581238314,0.48112809071317314,0.23800377312581986,0.1475763412192464,0.654223307967186,2.2103492600834867e-05
906,0.13207083531051467,0.48094917051494124,0.16028251660172826,0.11498996522277594,0.5124056115746498,2.1643974220584656e-05
907,0.13014091903260122,0.46672733696177604,0.21667088620597497,0.13626293940469622,0.5961308613419533,2.1189177021188818e-05
908,0.13195006474343246,0.46874999003484846,0.2923474426148459,0.1666300892829895,0.7765693247318268,2.0739105491312015e-05
909,0.13253554100301698,0.46731173396110537,0.19986565223662184,0.1357226487249136,0.600603973865509,2.029376407297855e-05
910,0.13172164544794213,0.45579422572627665,0.308840426732786,0.1729514567181468,0.8317024037241936,1.9853157161528404e-05
911,0.13134530441202513,0.4625098960474133,0.21787326381308958,0.14307040413841604,0.6325975835323334,1.9417289105573995e-05
912,0.1338550623248011,0.4644392275251448,0.17067747754044832,0.12046538358554244,0.5316613867878914,1.898616420695703e-05
913,0.13956408079138782,0.46924237804487345,0.16575728139141574,0.11772826062515378,0.5227011367678642,1.8559786720706125e-05
914,0.13441951700842764,0.48170577026903627,0.24712638675700874,0.1536969304084778,0.7005677729845047,1.8138160854995087e-05
915,0.13287869826308452,0.467727464530617,0.19648664990672843,0.13249196764081717,0.5841644808650017,1.772129077110096e-05
916,0.14464638485296746,0.46533621279522774,0.1917035848251544,0.13127517672255634,0.5794613778591156,1.7309180583363e-05
917,0.13488373250147562,0.4548909407109022,0.19174548203591257,0.12945735920220613,0.5647577777504921,1.690183435914255e-05
918,0.13136123296353616,0.4704620867036283,0.2621579461731017,0.15851046051830053,0.7182703882455825,1.6499256118782445e-05
919,0.13206469494107295,0.4711736224591732,0.21690582303563133,0.1408743171952665,0.6172444224357605,1.6101449835567274e-05
920,0.1260581101065327,0.47735559539869427,0.18804968424374238,0.1295987082645297,0.5718124195933342,1.570841943568441e-05
921,0.1310486135636893,0.4614092238247395,0.22038794292602687,0.14060209812596441,0.6163065165281296,1.532016879818532e-05
922,0.13128258888973504,0.4613393762148917,0.26601253657136115,0.1580547533929348,0.7350626051425934,1.493670175494705e-05
923,0.13184607287294056,0.4699223229661584,0.2162025175523013,0.13888464346528054,0.6104175567626953,1.4558022090634454e-05
924,0.13507423396658852,0.45719936257228255,0.15895323504228145,0.11441173367202281,0.5131726384162902,1.4184133542662964e-05
925,0.1319544654694255,0.4692820909433067,0.19336133336182684,0.13088379222899676,0.5747553393244743,1.3815039801161674e-05
926,0.12866196611757913,0.4673617816530168,0.2417878410196863,0.1491025721654296,0.6676811695098877,1.3450744508936696e-05
927,0.13430311870333753,0.4729628005065024,0.1831299723358825,0.12644011415541173,0.5584317654371261,1.3091251261435578e-05
928,0.13273990931156732,0.4558766701258719,0.15976330129196867,0.11475339028984308,0.516141128540039,1.273656360671134e-05
929,0.13060684027477693,0.46079650018364193,0.21674988068407403,0.14370458908379077,0.6479621008038521,1.2386685045388272e-05
930,0.13362848718097667,0.46587854977697135,0.29751015834044664,0.1732439322397113,0.8499916285276413,1.20416190306263e-05
931,0.13022713466052666,0.4753854651004076,0.1882192387012765,0.12902068821713328,0.5684104114770889,1.1701368968087673e-05
932,0.13411414440452063,0.4720603730529547,0.2508484574384056,0.1530856631696224,0.6943067699670792,1.1365938215903223e-05
933,0.13432786064404353,0.46502668894827365,0.20558727581519634,0.13813963597640394,0.6153864115476608,1.1035330084639103e-05
934,0.13339238966327685,0.4712468696758151,0.16437678473303094,0.11740408847108483,0.5233251065015793,1.0709547837263932e-05
935,0.1341063994286742,0.4632977514527738,0.2379993211827241,0.14445527018979193,0.6323553934693337,1.0388594689117037e-05
936,0.1325950920134346,0.45806958712637424,0.18510402153478936,0.12568874014541506,0.5507334098219872,1.0072473807876537e-05
937,0.13069564343750245,0.4753169409930706,0.1959561099880375,0.1317308833822608,0.5793456390500069,9.761188313527815e-06
938,0.12786336396347905,0.4723943698219955,0.23890486535383387,0.14620641255751252,0.6439754724502563,9.454741278332982e-06
939,0.13381566655662028,0.47662543375045063,0.17301589545677415,0.12158088954165577,0.5361406400799751,9.15313572680057e-06
940,0.12843175383441122,0.46863633217290046,0.18879094505682587,0.12951965890824796,0.5723349794745445,8.856374635655612e-06
941,0.13210367740866785,0.47471601264551283,0.17609836715273558,0.12388140009716153,0.5438347399234772,8.564460933810388e-06
942,0.12973035262220947,0.46938344864174725,0.16626340108341536,0.1186190883629024,0.5248425796627998,8.277397502335114e-06
943,0.13182628333488539,0.47184304483234885,0.17873818095540628,0.12438385365530849,0.5461195647716522,7.995187174430129e-06
944,0.13052880462564645,0.4599277965724468,0.20332549415761605,0.13560914080590009,0.5979984626173973,7.717832735397312e-06
945,0.13048922472262348,0.46835335362702607,0.1955274906125851,0.13153713578358292,0.5754535883665085,7.445336922613044e-06
946,0.13290106122203724,0.4709072973579168,0.18573906862875447,0.12671506321057677,0.5562380999326706,7.1777024255009545e-06
947,0.13077113931503845,0.46855942709371445,0.21485770001308993,0.14108603289350868,0.6224509686231613,6.91493188550555e-06
948,0.13198273389753012,0.4509142853319645,0.2049235778977163,0.13428109418600798,0.5871869444847106,6.657027896065961e-06
949,0.13390499128345254,0.47043811827898024,0.17554157854756341,0.12209765641018748,0.5377684235572815,6.4039930025904055e-06
950,0.1333642644853171,0.47441740995272996,0.16633556250017137,0.11910881595686078,0.5289279595017433,6.1558297024311524e-06
951,0.13009724659896166,0.45776397800073027,0.1929177643964067,0.13052500020712615,0.5751167505979538,5.912540444859765e-06
952,0.1344312761862966,0.4718576520681381,0.20662634505424649,0.13545343615114688,0.5973098531365395,5.6741276310430085e-06
953,0.13145693905826192,0.45610515531152485,0.1694515254814178,0.11963585875928402,0.5281811892986298,5.440593614019091e-06
954,0.13106359967805475,0.4674196995794773,0.21817133261356503,0.13688924675807357,0.6016904219985009,5.211940698674518e-06
955,0.13288598993422057,0.46551810996606946,0.18358146251412108,0.12743056556209922,0.561791007220745,4.9881711417212166e-06
956,0.13113744870533992,0.47995908381417396,0.21114234606502577,0.1370361104607582,0.6026744171977043,4.7692871516743914e-06
957,0.1287810913298017,0.4682747825048864,0.1890407703234814,0.1301019225269556,0.5726987838745117,4.5552908888306516e-06
958,0.13149343968943866,0.47335177697241304,0.19747718947473913,0.13167926501482724,0.5819661006331444,4.346184465246692e-06
959,0.13250781903734604,0.47381384735926985,0.23415432552574203,0.14730412885546684,0.6521251112222671,4.141969944718592e-06
960,0.13447878694623797,0.4665419084019959,0.20511046048486606,0.13587068496271967,0.5949442133307457,3.9426493427611055e-06
961,0.13179951648235147,0.4574672045186162,0.182808769447729,0.12605082336813211,0.5522361263632775,3.748224626588125e-06
962,0.1286784689538763,0.4788058418780565,0.16409375085495412,0.11720750536769628,0.5209112986922264,3.5586977150931954e-06
963,0.1325029653740785,0.4710354001261294,0.17520500427344815,0.12295427089557051,0.5420542806386948,3.374070478830305e-06
964,0.12958657354247408,0.4659043989144266,0.2451429307111539,0.1548787582665682,0.7173436164855957,3.1943447399957925e-06
965,0.12962627097458607,0.4722306391224265,0.21945667704567312,0.14278050409629942,0.6336380243301392,3.0195222724101375e-06
966,0.13054993901787385,0.47468744972720744,0.16400772295892238,0.11717938175424933,0.5203161314129829,2.8496048015005297e-06
967,0.12905228323779738,0.4595554981380701,0.17221604827791454,0.12103451900184155,0.5349756345152855,2.6845940042838276e-06
968,0.1286007974820677,0.45318817179650067,0.17671283051604406,0.12414574967697263,0.5478676408529282,2.5244915093499056e-06
969,0.12868781004654012,0.47412647772580385,0.184863572625909,0.12895472906529903,0.566793055832386,2.3692988968458324e-06
970,0.13361375685526583,0.4634009628556669,0.19808629762846977,0.1315013616345823,0.5787748396396637,2.2190176984599955e-06
971,0.13076996533936835,0.4617976310662925,0.17604677645722405,0.1224850533530116,0.5385319799184799,2.0736493974071678e-06
972,0.12964894022970838,0.470832805801183,0.22619880710262805,0.14568147277459503,0.6560493156313896,1.9331954284137425e-06
973,0.13469813697265637,0.4622414531186223,0.22251062362920493,0.14400291433557869,0.6418038666248321,1.7976571777037994e-06
974,0.13013646065119247,0.46568713821470736,0.22476653340272607,0.1418850933201611,0.6261562973260879,1.6670359829850612e-06
975,0.1346898883670292,0.4597783502191305,0.16819777321070434,0.11929406831040978,0.5273076683282852,1.5413331334360138e-06
976,0.13256566715608642,0.47142742546275257,0.16368055112543517,0.11691506216302514,0.5207646861672401,1.420549869693029e-06
977,0.1306552442985776,0.4579311513341963,0.1772818939993158,0.12533011129125954,0.5536212533712387,1.3046873838381508e-06
978,0.1297782115481823,0.4551075098104775,0.19107779164332897,0.13137169247493147,0.577097287774086,1.1937468193873833e-06
979,0.13114924360997976,0.4710564509965479,0.25538565177703276,0.15238741412758827,0.6827141076326371,1.0877292712792555e-06
980,0.1325510271693929,0.4699936542659998,0.21603034548461436,0.14212416894733906,0.6378286793828011,9.866357858642177e-07
981,0.1295488184046917,0.4582133310846984,0.20585152906132861,0.13499224940314888,0.5929192632436753,8.904673608940958e-07
982,0.1320857596991118,0.47570815281942486,0.19265545518137514,0.13086240217089654,0.5771250456571579,7.992249455124867e-07
983,0.13051345033745748,0.4688240739516914,0.204642362636514,0.13706382196396588,0.6073092892765999,7.129094402450999e-07
984,0.1317990352397828,0.4588425695896149,0.20322458154987544,0.13369310656562447,0.5862848684191704,6.315216969912644e-07
985,0.13078759928721412,0.4628555739298463,0.27099485469516366,0.16004319675266743,0.7486422404646873,5.550625190150466e-07
986,0.12837144210097903,0.46773299369961024,0.2902058563893661,0.16947090532630682,0.8121667534112931,4.835326609376453e-07
987,0.13054335956221622,0.463370062969625,0.18554425253532827,0.1278746928088367,0.5625615045428276,4.1693282872995325e-07
988,0.13370862808715173,0.4597716420888901,0.2529487316380255,0.15435682740062476,0.7018355503678322,3.5526367970539657e-07
989,0.13140505786468565,0.46379083059728143,0.21518026159610598,0.13804712165147065,0.6044391229748726,2.985258225135503e-07
990,0.1290506925648515,0.46011281507089735,0.1768566206563264,0.12385033657774329,0.54550471752882,2.4671981713419924e-07
991,0.13105946529030915,0.4691954040899873,0.2047534993500449,0.1346610751003027,0.5872701570391655,1.9984617487173113e-07
992,0.12796881941703758,0.4637651971541345,0.18094528081128375,0.12678874703124166,0.5603321701288223,1.5790535835002957e-07
993,0.1316069100641471,0.48759627640247344,0.24364558660890906,0.14980706833302976,0.6716313764452935,1.2089778150797776e-07
994,0.13343504794393085,0.4724165257997811,0.16935340440832078,0.12069760505110025,0.5355199128389359,8.88238095955171e-08
995,0.13494192566031415,0.46125628612935543,0.2473423549789004,0.1509649084880948,0.6791863411664962,6.168375916970595e-08
996,0.1374145089650483,0.4633416744880378,0.27415085610700773,0.16034737769514323,0.7390250146389008,3.9477898091944e-08
997,0.12997528546547982,0.464918711874634,0.218139674665872,0.14125618655234576,0.6247983351349831,2.220644552508581e-08
998,0.13597367073671193,0.47538418965414164,0.22549385101301594,0.14532379303127527,0.6458038285374641,9.8695719314423e-09
999,0.12937408719699306,0.46027148645371196,0.23990536053897812,0.1485750177875161,0.666843467950821,2.4673990708934305e-09
1000,0.13033321404545858,0.4765243250876665,0.17206114387954585,0.12112675355747342,0.5331966623663902,0.0
