epoch,train_mse,train_rel_l2,val_mse,val_mae,val_rel_l2,lr
1,0.8266762933126302,1.04659362193197,0.5117588003515265,0.18864071294665335,0.7907052874565125,0.0009999975326009292
2,0.5237642173437053,0.774764028005302,0.4057581840781495,0.17229744028300048,0.709431740641594,0.0009999901304280684
3,0.44694420948908375,0.6818802239373326,0.34591064701089635,0.1520847032777965,0.6455447420477867,0.000999977793554475
4,0.4110848580556194,0.6386579446494579,0.38234671511745544,0.1536087404936552,0.6494957253336906,0.0009999605221019082
5,0.4354924809082149,0.6431991524994374,0.3012398307851981,0.15290279891341924,0.6275304347276688,0.0009999383162408303
6,0.41377370115806117,0.6274005433544516,0.338341548840981,0.15308297593146564,0.6509504094719887,0.0009999111761904045
7,0.3829498226112264,0.6138275777921081,0.29370591332553886,0.13510755957104265,0.5841958299279213,0.000999879102218492
8,0.37298371339820735,0.6067149443551898,0.30784668027772566,0.1404492424800992,0.6061518013477325,0.00099984209464165
9,0.3726190933262842,0.5980608193203807,0.28896727224055213,0.13862370271235705,0.5896244689822197,0.000999800153825128
10,0.3598277791730652,0.5957764957100153,0.2740078351431293,0.13010455900803208,0.5636859714984894,0.0009997532801828656
11,0.3557959056206528,0.5981797751970589,0.27157170816499276,0.1334222241770476,0.5579868331551552,0.0009997014741774863
12,0.3368971575557225,0.5930654907599091,0.2746865806140704,0.13509585335850716,0.5779923513531685,0.0009996447363202945
13,0.3744507810803043,0.5840136444196105,0.29128680956491737,0.13341659517027438,0.5720752134919167,0.00099958306717127
14,0.31953510115672545,0.5644818974658847,0.2876786001317669,0.136041902564466,0.5820989638566971,0.0009995164673390624
15,0.30095887369643604,0.5558799886144697,0.273665773976245,0.12891010860912502,0.5651594892144203,0.0009994449374809851
16,0.2915436182775011,0.5463920424692332,0.31317821096163245,0.15317088784649968,0.6190752446651459,0.0009993684783030088
17,0.2982625451264539,0.570622322615236,0.2461713625176344,0.12893156446516513,0.5827755957841874,0.0009992870905597548
18,0.2905348775075254,0.5383015656843781,0.3066551388183143,0.13912395015358925,0.5906275868415832,0.0009992007750544874
19,0.2568320732392749,0.5204518718644977,0.28096737947198563,0.14648924833163618,0.5976199433207512,0.0009991095326391058
20,0.22946777406650654,0.4994916941970587,0.248035254018032,0.12932378938421607,0.55449508279562,0.0009990133642141356
21,0.24103957470033494,0.5180841896682977,0.23077040518110153,0.12504804390482605,0.5295070096850395,0.0009989122707287207
22,0.2099445212752471,0.49398021372035145,0.3140860112325754,0.1347294755280018,0.5815353646874428,0.0009988062531806124
23,0.21091280677537724,0.48747083991765977,0.2028525418252684,0.11949511375278235,0.5072273910045624,0.0009986953126161617
24,0.1948749935869273,0.47931561721488836,0.16832995401637163,0.1093035698402673,0.4664516091346741,0.0009985794501303066
25,0.1718025061029948,0.4547071103937924,0.1854090419219574,0.11265731421299278,0.4894418016076088,0.0009984586668665637
26,0.15628541295845935,0.44896672638133167,0.24885945016576444,0.12308631669729948,0.5290655001997948,0.0009983329640170144
27,0.14808465404876187,0.44034409876912833,0.1533223252481548,0.10677922554314137,0.44904117807745936,0.0009982023428222956
28,0.14147711910209182,0.4250845067203045,0.17779894013365266,0.11646723099984228,0.4839250952005386,0.0009980668045715857
29,0.13798158528170462,0.41908166017383336,0.15380210758594332,0.10496109314262866,0.4481422767043114,0.0009979263506025922
30,0.13425759251622366,0.4195103084668517,0.30855283270939254,0.12328445482999087,0.5001004099845886,0.0009977809823015393
31,0.15406966597656718,0.4294341217726469,0.16250376814277842,0.10467295036651195,0.4434630937874317,0.0009976307011031536
32,0.11262444236381271,0.3938386348076165,0.15636888459848705,0.11573916776105761,0.460646765679121,0.0009974755084906496
33,0.1277369118135539,0.4085191423073411,0.15346498521976173,0.1165680562146008,0.46660518273711205,0.0009973154059957155
34,0.13404533635002736,0.41852031061425804,0.17915153765352443,0.10538719734176993,0.4601981438696384,0.0009971503951984987
35,0.12462410330072089,0.39957651467993854,0.15641197664663195,0.10627361931838095,0.4261464223265648,0.0009969804777275892
36,0.11194808475866011,0.3856800293549895,0.14370682755834424,0.10070679639466107,0.4239796712994576,0.0009968056552600035
37,0.11766093103797175,0.39419851088896396,0.13261845478555187,0.10070838620886206,0.40410239100456236,0.000996625929521169
38,0.09686332900691923,0.3760099796578288,0.11977791847020854,0.09985248055309057,0.40440058782696725,0.0009964413022849061
39,0.10934239517255265,0.37235604478046297,0.14261558101279662,0.10062085567042231,0.41930288150906564,0.0009962517753734112
40,0.09695293804925313,0.37714867386966944,0.1436181868193671,0.11825748011469842,0.46881332248449326,0.0009960573506572383
41,0.10380892284665606,0.3825921522453427,0.16314771244069562,0.10424239351414144,0.4201516255736351,0.0009958580300552808
42,0.11372050642203249,0.40426328792236743,0.13546449161949567,0.09661720804870129,0.39230848997831347,0.0009956538155347526
43,0.10644930268535972,0.3741417250595987,0.14603070342855062,0.10330072604119778,0.4148033671081066,0.0009954447091111687
44,0.0957669244526187,0.3532291679643095,0.12244305712811183,0.09367509386502207,0.37514735460281373,0.0009952307128483248
45,0.10983168433485843,0.36179433995857835,0.16479754186293577,0.105699463468045,0.4315123312175274,0.000995011828858278
46,0.08779719261692662,0.3467658464796841,0.12107214535208186,0.09301652847789228,0.37135364636778834,0.0009947880593013246
47,0.08925417179434589,0.3497441640123725,0.12332967176625971,0.09621819453313947,0.385856594145298,0.00099455940638598
48,0.08189037452102639,0.34263368798419835,0.14247426260844803,0.09983591074123979,0.3941132389008999,0.0009943258723689563
49,0.0771350898736273,0.332301714643836,0.1251522866776213,0.09319981718435884,0.3730224996805191,0.0009940874595551397
50,0.07653300079346081,0.3373977790120989,0.12603484447754454,0.09284644853323698,0.3711624965071678,0.0009938441702975682
51,0.07549612446946412,0.3266180160455406,0.11883513608045178,0.09265566864050925,0.36619720309972764,0.000993596006997409
52,0.07197662304588448,0.32620677836239337,0.12588128808856708,0.09122434402815997,0.3742380827665329,0.0009933429721039333
53,0.07718940617833141,0.32368138590827583,0.10379143985483097,0.08514306209981441,0.34021658450365067,0.0009930850681144938
54,0.08523049242321576,0.33640687661245466,0.12415180213865824,0.09154516756534577,0.35261851996183396,0.0009928222975744982
55,0.07693388707884878,0.31434007519856094,0.1931914629181847,0.10609609368257225,0.41472226306796073,0.000992554663077386
56,0.09608040991279268,0.33797286031767726,0.1240054973284714,0.09749677269719541,0.37547255754470826,0.0009922821672646018
57,0.10759640361902711,0.34879566747695206,0.12199919281993062,0.09008915349841118,0.35296294912695886,0.0009920048128255691
58,0.07998818789319558,0.3278498938307166,0.13449934388772816,0.09328662562184036,0.36562447920441626,0.0009917226024976642
59,0.08565652152428811,0.3384707124903798,0.13788306074857246,0.09188863052986562,0.35062633380293845,0.0009914355390661888
60,0.09299743262472475,0.34298914526589214,0.15807747248036322,0.0898052405565977,0.3771358489990234,0.0009911436253643437
61,0.08948914945322031,0.33809645799919963,0.11388714476051973,0.08708229060284793,0.3436318598687649,0.0009908468642731987
62,0.07526701140759542,0.3051208079792559,0.13169873485167044,0.09171604537405073,0.37814740240573885,0.0009905452587216663
63,0.06764319047861136,0.31551714898087085,0.14162155091325984,0.09499820363707841,0.37431632429361344,0.0009902388116864716
64,0.06805818806687966,0.2929698574356735,0.10494431541155791,0.08264380795881152,0.3345898613333702,0.0009899275261921227
65,0.0690477361212288,0.302935968991369,0.10755882264202228,0.08977484898641705,0.3532194964587688,0.0009896114053108821
66,0.06321771359416743,0.29901122422888876,0.11056759230996249,0.08255987521260977,0.3374517746269703,0.0009892904521627353
67,0.06501791602840967,0.2941247946117073,0.12331699525384465,0.08917760248295963,0.3333309076726437,0.0009889646699153601
68,0.062354021274768454,0.28757747542113066,0.12321652915270534,0.08617149353958667,0.33816370740532875,0.0009886340617840958
69,0.06257923728553579,0.2981892311479896,0.09872335152758752,0.08087513335049153,0.35791734606027603,0.0009882986310319113
70,0.06575065590932354,0.2946566881146282,0.10090674599923659,0.08335145963355899,0.33089198246598245,0.0009879583809693727
71,0.0614127078328238,0.295239745080471,0.11671006333490368,0.08749495218507945,0.33625641986727717,0.0009876133149546106
72,0.06199688586902994,0.29255512841045855,0.1277248364815023,0.0921780155505985,0.3620167523622513,0.0009872634363932876
73,0.06785818122634737,0.30054067107848825,0.1235220039394335,0.0868889482691884,0.3333531774580479,0.0009869087487385634
74,0.07528868394965685,0.30909386537969114,0.1299919394819881,0.08745322986505925,0.3641882762312889,0.0009865492554910623
75,0.0704892869300238,0.3030409924685955,0.1301129968953319,0.08902881979010999,0.3523861862719059,0.0009861849601988373
76,0.060454235146062275,0.29079889310523865,0.10046082107292023,0.07782571963034571,0.3142432011663914,0.000985815866457336
77,0.062322560072789204,0.2877744785044342,0.10986402306007222,0.08486153366975487,0.344042532145977,0.0009854419779093645
78,0.06385076375299832,0.2867509117349982,0.11409834040969144,0.08895583697594703,0.3459800198674202,0.000985063298245052
79,0.06165032417311522,0.2974845580756664,0.0946721133615938,0.07637605709023773,0.3234161876142025,0.0009846798312018136
80,0.06220594978476583,0.29376693153753874,0.14034268570394487,0.08873158213682472,0.34818957298994063,0.0009842915805643145
81,0.0624684751620407,0.28385630482807755,0.1029825702731614,0.08507239078171551,0.34679652079939843,0.0009838985501644318
82,0.060403327089443334,0.2865080427844077,0.15626149076560977,0.10330144511535763,0.37982410192489624,0.0009835007438812166
83,0.06375349724212356,0.2826302349101752,0.10688257824804168,0.08135899542830885,0.31888906881213186,0.0009830981656408565
84,0.059249459370039406,0.2653683889657259,0.10294934931444004,0.07951910668052733,0.330665647983551,0.0009826908194166361
85,0.05920587036316647,0.28379102405160667,0.10550967370072613,0.08145232587121427,0.34139041528105735,0.000982278709228898
86,0.05839013310833252,0.26869366052560506,0.09625704701174982,0.07827372252941131,0.3142087861895561,0.000981861839145004
87,0.06379399723764437,0.2868883188813925,0.09943491588637698,0.07916579470038414,0.32831713631749154,0.000981440213279293
88,0.05618081818229257,0.2804131913930178,0.12363908861589153,0.08598590344190597,0.3401755265891552,0.000981013835793042
89,0.05955532937223325,0.2712519373279065,0.10075321963813622,0.07767411512322724,0.32581174969673155,0.000980582710894425
90,0.06257212409791464,0.27877535284496846,0.10575513952499023,0.07819976815953851,0.3196044787764549,0.0009801468428384706
91,0.06514408773109608,0.27862287643365563,0.10597152225964238,0.07838332946412266,0.32120412662625314,0.0009797062359270204
92,0.05761221314105569,0.2669123819563538,0.09955325743940194,0.07769980966113507,0.32780370116233826,0.000979260894508687
93,0.06227071636712935,0.27653119969181716,0.1609853528192616,0.08941519036889076,0.3533955134451389,0.0009788108229788102
94,0.0665268365688462,0.2866117645520717,0.11252332326839679,0.07664627744816244,0.3189032092690468,0.0009783560257794143
95,0.07022785288645536,0.28581325034610927,0.1039466051646741,0.07703558839857579,0.3125494189560413,0.000977896507399164
96,0.05481976709306764,0.2680381167214364,0.1022751584125217,0.07750754272565245,0.3171412765979767,0.0009774322723733204
97,0.06037783950196172,0.2722910393960774,0.1030430415587034,0.08057187171652913,0.33020017147064207,0.0009769633252836956
98,0.05111545876006858,0.256713656662032,0.1371050735571771,0.08646053140982986,0.3416867606341839,0.0009764896707586083
99,0.05543928556144238,0.2605013921391219,0.10203168493317208,0.07850328236818313,0.313094274699688,0.0009760113134728371
100,0.056611422858532025,0.26706886049360035,0.10891776502685388,0.08328865566290915,0.33597076758742334,0.0009755282581475756
101,0.07003616852616687,0.2911293569020927,0.11476689969567815,0.08280956260859966,0.32595438733696935,0.0009750405095503846
102,0.055651193578523814,0.26352586527355015,0.09623170770646539,0.07395039922557771,0.30853959918022156,0.0009745480724951461
103,0.053678797963675605,0.2540714338887483,0.10047692302032374,0.07651795386336743,0.3106868460774422,0.0009740509518420147
104,0.05658509622817291,0.27242868882603943,0.11151461896952242,0.08026153808459639,0.32644122838974,0.0009735491524973707
105,0.05019556489232855,0.25339744626544414,0.1347716819262132,0.08373123435303569,0.32245678529143335,0.0009730426794137714
106,0.05336190776906733,0.2539937840308994,0.11430942841834621,0.07803047448396683,0.3127459935843945,0.0009725315375899012
107,0.049457321210775264,0.25612470442429186,0.09355648590426427,0.07253823666833341,0.3100349687039852,0.0009720157320705237
108,0.05068553514802261,0.25508897681720555,0.0987082376901526,0.07337313774041831,0.3078424267470837,0.0009714952679464311
109,0.05228388851633099,0.2575827500782907,0.10794637665821938,0.07769259186461568,0.3184150330722332,0.000970970150354394
110,0.050896640273913364,0.25797200729139147,0.08812245980807347,0.07183262067846954,0.3100512191653252,0.0009704403844771115
111,0.054063597495132856,0.25697064185515045,0.11763850962888682,0.08148323646746576,0.33322636410593987,0.0009699059755431586
112,0.05209184492023269,0.2522816531360149,0.09336090290453285,0.07146497378125787,0.30794967114925387,0.0009693669288269359
113,0.054766170711991434,0.2738167209550738,0.11654427115281578,0.0806869758758694,0.3290782295167446,0.0009688232496486166
114,0.09923065742295875,0.2999682072084397,0.18470791750296484,0.09225335689261556,0.3847721256315708,0.0009682749433740951
115,0.06849556495453726,0.28237949018366637,0.14206173406419112,0.08587687322869897,0.34751438573002813,0.0009677220154149325
116,0.05324083415407586,0.25233689895831046,0.10584612788807135,0.07829401893541217,0.3173336058855057,0.0009671644712283048
117,0.05028886427417092,0.25566723560914395,0.09146589783922536,0.06976345074363052,0.31579282209277154,0.000966602316316948
118,0.05251070205213182,0.246500226482749,0.09413016306352802,0.0710029536858201,0.30502927452325823,0.0009660355562291042
119,0.048427625980912124,0.24612264805473388,0.09986618071852718,0.07400162895210087,0.3070582255721092,0.0009654641965584666
120,0.04950622123251378,0.24628890301100909,0.09852597453282215,0.07433398123830556,0.3159128725528717,0.0009648882429441245
121,0.048176390200751484,0.24498015749268234,0.11918287278531352,0.07963603064417839,0.32639428973197937,0.0009643077010705074
122,0.04694980108570235,0.24425903214141725,0.12304953404818661,0.08031350839883089,0.32306621223688126,0.0009637225766673293
123,0.04955557938455968,0.2427144424058497,0.0993220295960782,0.07251547276973724,0.3083192460238934,0.000963132875509532
124,0.05274169656404411,0.2554135023150593,0.10810314517148072,0.07532258569262922,0.3084642641246319,0.0009625386034172276
125,0.047109199761143826,0.25359808960929514,0.09430006378534017,0.07169842356815934,0.32648295536637306,0.000961939766255642
126,0.04605780747042445,0.24358356497250497,0.10984254638315179,0.0720675386954099,0.32798985093832017,0.0009613363699350561
127,0.04951635782217636,0.25045273420400915,0.10560933699598536,0.07567413379438222,0.3082969099283218,0.0009607284204107479
128,0.049508130206777426,0.23824717802926898,0.11697341943799984,0.07782262768596411,0.33568097427487376,0.0009601159236829338
129,0.05162121779139852,0.2480105258524418,0.12913217463355978,0.08452843851409853,0.3396400481462479,0.0009594988857967092
130,0.048227003488318584,0.2394627552945167,0.11633683373656822,0.07989345425739884,0.32817129567265513,0.0009588773128419891
131,0.04660692845282029,0.23788240910507738,0.10981350244401256,0.07512173308059573,0.3170243613421917,0.0009582512109534474
132,0.048104092905941795,0.24499212820082902,0.10733235821098788,0.07070877165533603,0.31167285069823264,0.0009576205863104573
133,0.04263431703493552,0.2299172949511558,0.10499164169596042,0.07198848878033459,0.3136454999446869,0.0009569854451370291
134,0.04843601970205782,0.24559117308817804,0.11261237680882914,0.06991999656893313,0.31931828148663044,0.00095634579370175
135,0.044313588557088224,0.23416433306410908,0.11283325584663544,0.07350403070449829,0.3231556981801987,0.0009557016383177212
136,0.046859554786533406,0.24820391051471233,0.12806818686658517,0.08538146684877575,0.34658452272415163,0.0009550529853424964
137,0.04573222129538408,0.24239541743882,0.11680112550384365,0.07314180471003055,0.3217469029128551,0.0009543998411780187
138,0.04938468467807979,0.24777620951645077,0.12613001359568443,0.09028022200800478,0.36879372224211693,0.000953742212270557
139,0.0478976407744085,0.2448189004790038,0.10643241239304188,0.0755954246968031,0.32501968219876287,0.0009530801051106435
140,0.04589094639381983,0.2329825151246041,0.12230689282878301,0.07732095019891858,0.32951340675354,0.0009524135262330084
141,0.04573738917761148,0.23692836933769285,0.10245535632711836,0.0708247967530042,0.3122626006603241,0.0009517424822165161
142,0.043729074598286385,0.22462506648153066,0.10042007092561107,0.06752813067287207,0.30372958406805994,0.0009510669796841
143,0.04349689464970652,0.22509478139691055,0.11864533091284102,0.0808850504923612,0.32739993259310723,0.0009503870253026977
144,0.0410889162814783,0.22463918710127473,0.10689619291515555,0.06939307786524296,0.32212327644228933,0.0009497026257831842
145,0.04346727479173751,0.22792819202877582,0.0999558318639174,0.06840396388433874,0.3006098881363869,0.0009490137878803065
146,0.042131619297106224,0.22592077613808215,0.09531755008356413,0.06851953007280827,0.3034613341093063,0.0009483205183926168
147,0.04597435415662403,0.23765037227421998,0.12030325204541441,0.08131411178037525,0.34641356617212293,0.0009476228241624046
148,0.044650518756543536,0.2413266354240477,0.1078729505490628,0.07117598312906921,0.32323942705988884,0.0009469207120756306
149,0.04127286344823915,0.23265337012708187,0.10944924086506944,0.07593071702867746,0.3226612202823162,0.0009462141890618578
150,0.04279135526785467,0.2361376508604735,0.10148304290778469,0.06827610949985682,0.29765634089708326,0.0009455032620941827
151,0.04980732949807134,0.24080666373483836,0.11791969154000981,0.07464945516549051,0.31834959164261817,0.0009447879381891678
152,0.0440197565066228,0.21650182367302478,0.1040162812496419,0.07115689311176539,0.3057785354554653,0.000944068224406771
153,0.04379514438996921,0.23670589798130096,0.10861614406312584,0.07505354071035981,0.3071124076843262,0.0009433441278502771
154,0.044726947481558456,0.23128663199022412,0.144996867813461,0.08362216879613697,0.3375301524996758,0.0009426156556662263
155,0.04368374595255773,0.23139054751954974,0.11354286533460253,0.07487693321891128,0.30581081435084345,0.0009418828150443455
156,0.04028772423835107,0.22030628817155956,0.11224627417395823,0.07248954749666155,0.3113284699618816,0.0009411456132174754
157,0.0399981772557112,0.21401102701202035,0.1561542967479909,0.08289724849164486,0.33333741649985316,0.0009404040574615006
158,0.04276892927382505,0.21825471390038728,0.10783723003551131,0.06962270992808044,0.3024501033127308,0.0009396581550952768
159,0.039097319529082596,0.21423701676540077,0.13037098162603797,0.07795812059193849,0.3190625742077827,0.0009389079134805596
160,0.03895210763985233,0.2119280627463013,0.1172001845377963,0.0777686882764101,0.3255108930170536,0.0009381533400219305
161,0.03879576188737701,0.21564865242689849,0.10744311994931195,0.07087335279211401,0.3148348659276962,0.0009373944421667251
162,0.040549745006228474,0.21539096017368137,0.09910581049334724,0.07095186980441212,0.30914661660790443,0.0009366312274049588
163,0.036687367845479456,0.20274504660628737,0.11818044893152546,0.07380313212051988,0.31692551001906394,0.0009358637032692533
164,0.039514774077770196,0.21867456259205936,0.10525503243989079,0.06744081205688417,0.2991105355322361,0.0009350918773347616
165,0.038785123656361976,0.2205223493743688,0.16627778550900985,0.08601526734419167,0.3450442671775818,0.0009343157572190944
166,0.04351284610102084,0.22928537763655185,0.1209447743880446,0.07552083255723119,0.3201530583202839,0.0009335353505822438
167,0.03805860671095616,0.215233808523044,0.15662135995662538,0.08019681214354932,0.3517578549683094,0.0009327506651265082
168,0.03734812096763562,0.20256433528847992,0.11525889969634591,0.06918815411627292,0.30967037975788114,0.0009319617085964164
169,0.03653575869634551,0.20234520486555993,0.12121996686037165,0.07187630068510771,0.3170964628458023,0.0009311684887786508
170,0.04082992833800745,0.21628468306735157,0.15123023868654856,0.08459022394381463,0.3442992642521858,0.0009303710135019706
171,0.03952050680718457,0.21322339186444877,0.10493764533603098,0.06911606094799935,0.30929827094078066,0.000929569290637135
172,0.0418614651963253,0.2202040590811521,0.10814454256469616,0.07207240471616387,0.31643151193857194,0.000928763328096825
173,0.03770309228939368,0.20686860755085945,0.11348543886269909,0.07618373637087643,0.3234152726829052,0.0009279531338355654
174,0.03952739582164213,0.2182946738321334,0.1105706567192101,0.06876528006978333,0.3125544175505638,0.0009271387158496464
175,0.033756310982971625,0.19787030736915767,0.10088111799341277,0.0642164807766676,0.29035712480545045,0.0009263200821770449
176,0.038231705852422235,0.20127761005423964,0.09922598670673324,0.0642209252808243,0.2973633542656898,0.0009254972408973448
177,0.03342287128734824,0.1919213674031198,0.11644155269459588,0.06984222135506571,0.31174363344907763,0.000924670200131657
178,0.03475105119168802,0.1983098518801853,0.1185534897755133,0.07062589540146291,0.31081995368003845,0.0009238389680425404
179,0.036496946364559336,0.20983826676383616,0.1338888026846689,0.08343520434573293,0.32374873831868173,0.0009230035528339198
180,0.03930314155577434,0.20798434363678098,0.12856754984823054,0.0726438945159316,0.31402227506041525,0.0009221639627510063
181,0.03475046676535385,0.20492143975570798,0.10487761761469301,0.06788769229315221,0.3048596255481243,0.000921320206080215
182,0.03679092233742267,0.20780499908141792,0.13834357709856704,0.07574513340368867,0.36492582559585574,0.0009204722911490834
183,0.03441756658339727,0.21319565081503242,0.13999743149906863,0.07586717293597758,0.3093281790614128,0.0009196202263261897
184,0.03260417342235087,0.19841054435819389,0.14055044285705662,0.07278527254238724,0.32074420601129533,0.0009187640200210698
185,0.040210056306023034,0.2050411851145327,0.13221839262841967,0.07440842827782035,0.32241030409932137,0.000917903680684134
186,0.03736123567741743,0.2056602413300425,0.15451742077275413,0.0782188824377954,0.3252229705452919,0.0009170392168065844
187,0.04018294743577826,0.21358184884302317,0.1226682076958241,0.07194010396488011,0.3110416680574417,0.0009161706369203305
188,0.03949713333286127,0.21586909298785031,0.1202999795685173,0.0738887902814895,0.3175477243959904,0.0009152979495979051
189,0.03751677366208241,0.21685735201463102,0.10884882334066788,0.07017407300882042,0.2995532490313053,0.0009144211634523797
190,0.03563384757285348,0.1927493525436148,0.12061483258876252,0.06816410212777554,0.308427132666111,0.0009135402871372796
191,0.04415343789951294,0.2097108160611242,0.10347744834725744,0.070906161936,0.30645987018942833,0.0009126553293464986
192,0.058338722554526615,0.2368628669064492,0.09993595129053574,0.0683092583436519,0.3068775676190853,0.0009117662988142125
193,0.03952980306826248,0.20109677959699185,0.11623134809487964,0.07467042831704021,0.3390051983296871,0.0009108732043147939
194,0.03534164010443419,0.1968321693595499,0.11642331667608233,0.06702315057627857,0.303945080190897,0.000909976054662725
195,0.029875210665295526,0.18342858601827175,0.10257480409782146,0.06444860054180027,0.2942116290330887,0.0009090748587125104
196,0.030406356131607026,0.19063848895020782,0.1085778002452571,0.06461513261310756,0.2959715448319912,0.0009081696253585908
197,0.03258811941495878,0.18488669595681131,0.11432873149606167,0.06863910676911474,0.3079871729016304,0.0009072603635352535
198,0.03604763466182703,0.19458065195940435,0.10714654310140759,0.0645378234796226,0.2977814577519894,0.0009063470822165457
199,0.03345408942877839,0.1944432788528502,0.14467045906203566,0.07500722873955964,0.3214127950370312,0.0009054297904161855
200,0.035977153649810134,0.19278409420512616,0.12032803445763421,0.06713450271636248,0.31578646451234815,0.0009045084971874724
201,0.0374079202484154,0.19943268969655037,0.11708896060736151,0.07346596331335604,0.31104219183325765,0.0009035832116231988
202,0.039569044424752065,0.21253318418748676,0.13743469147302675,0.0806669139303267,0.36796959191560746,0.0009026539428555596
203,0.03691127123897786,0.19941863543353974,0.11235364617605229,0.0699211579747498,0.3079040102660656,0.0009017207000560626
204,0.030584195319352147,0.18419568222016097,0.11103423491586,0.06726277130655944,0.310071288049221,0.000900783492435437
205,0.03313186911227604,0.19001646707765757,0.11822624795750017,0.0690289970021695,0.3066940061748028,0.0008998423292435441
206,0.037352365731931056,0.19646917353384197,0.12093245568976271,0.0708382052835077,0.31590424105525017,0.0008988972197692842
207,0.03419248442614844,0.19272928419522942,0.13524434144346742,0.07253220216371119,0.3119701661169529,0.0008979481733405066
208,0.037174256204480116,0.19911950919777155,0.11906431638199137,0.07466438976116478,0.32697508558630944,0.0008969951993239164
209,0.03858356192445171,0.2037717486731708,0.134361096243083,0.07291988073848188,0.32119358107447626,0.0008960383071249824
210,0.03361410135498773,0.20544250239618123,0.1198258691263618,0.07181554320268332,0.3114838421344757,0.0008950775061878439
211,0.031147786415931477,0.1833931991364807,0.12263151181105059,0.06871218616142868,0.3137358337640762,0.0008941128059952187
212,0.029339464378927003,0.18118056007660926,0.11082144052197691,0.06496069277636707,0.2898557253181934,0.0008931442160683081
213,0.029237354373253765,0.17615412843879313,0.13370992100826698,0.07158654606901109,0.3129086956381798,0.0008921717459667036
214,0.030288084201220044,0.1804267443716526,0.12307011996163056,0.06767806876450777,0.3085323303937912,0.0008911954052882926
215,0.029158070661969758,0.18007224462926388,0.12777097703365142,0.06833572806790471,0.3092766277492046,0.0008902152036691634
216,0.02958648174248992,0.17524214398581534,0.11948379527966609,0.0663175958674401,0.3023815043270588,0.0008892311507835103
217,0.02676975645576931,0.17877963581122458,0.12586587969126412,0.06662298268638552,0.30509981587529184,0.0008882432563435378
218,0.030151056642762342,0.17283576549962162,0.11037402341171401,0.0645823220256716,0.30721995085477827,0.0008872515300993655
219,0.029163773246546044,0.1731334889307618,0.1448012267916056,0.07731107627041638,0.3231837645173073,0.0008862559818389307
220,0.027892975442000534,0.17457574028521777,0.12502355864853598,0.06667411662638187,0.3118367962539196,0.0008852566213878929
221,0.03014108164247773,0.17681038603186608,0.12287281606550096,0.0704193591605872,0.31270612552762034,0.0008842534586095366
222,0.036679781629482024,0.19461927660740913,0.12713849626597948,0.07388807609677314,0.31412317380309107,0.0008832465034046733
223,0.03411701995951262,0.1895991489291191,0.11932179833602277,0.07061533341184259,0.3114792972803116,0.0008822357657115442
224,0.034251519423605714,0.18750886707566677,0.13950530031579547,0.07641702303662896,0.332608538120985,0.0008812212555057223
225,0.028233889238845223,0.1778475741390139,0.12477704564080341,0.06975862984545529,0.3139678493142128,0.000880202982800014
226,0.032207200664606715,0.18050106943119318,0.12500062387553043,0.07147150351665914,0.30875771418213843,0.0008791809576443595
227,0.030666079363891187,0.18212008795235307,0.1440627063944703,0.07451226259581745,0.3273093640804291,0.0008781551901257345
228,0.03423705547438658,0.18728030868805945,0.12297857021621894,0.07422839570790529,0.3164295986294746,0.0008771256903680505
229,0.03656299895160373,0.19664770769886672,0.12894260719040176,0.07072129189036787,0.31929067596793176,0.0008760924685320542
230,0.03101645489996372,0.18246674071997404,0.11355102661909769,0.0643415899015963,0.30321986600756645,0.0008750555348152283
231,0.029240364090901493,0.17045727886725218,0.12784484584917663,0.0672293211799115,0.3106745295226574,0.0008740148994516897
232,0.030514097921559367,0.17537958663888276,0.11042040050015203,0.06279169186018407,0.29826574586331844,0.0008729705727120896
233,0.03290185281593949,0.17703557717613877,0.13480571073450848,0.07258560443297028,0.3228114992380142,0.000871922564903511
234,0.031612688292898386,0.18626458204817026,0.13043682291026926,0.06880912263877689,0.32760227024555205,0.0008708708863693681
235,0.030320008474154746,0.17694449271075427,0.1546064820882748,0.07516141240485012,0.33009774833917616,0.0008698155474893034
236,0.027229123180313765,0.16607577661052347,0.11003695356484969,0.066666663531214,0.2982494801282883,0.0008687565586790856
237,0.02803299473748666,0.1712143526878208,0.1391962082387181,0.07138994038105011,0.32342453524470327,0.0008676939303905066
238,0.029045951368698298,0.17783152861520649,0.12087622744656983,0.0737688166089356,0.3088239930570126,0.0008666276731112787
239,0.03354231752960004,0.19282401555683465,0.12607157418387943,0.07744872607290745,0.3238950543105602,0.0008655577973649307
240,0.028360567626259582,0.17985433584544808,0.12225737750850385,0.0667835412081331,0.30803579166531564,0.0008644843137107043
241,0.027336994892630175,0.18056797510944306,0.12883582615031627,0.07150868843309581,0.31921001970767976,0.00086340723274345
242,0.028087757172761484,0.17109419542830437,0.13280774440790993,0.0747117329388857,0.3175645813345909,0.000862326565093522
243,0.029930919544858624,0.18094579463358967,0.126857072635903,0.0744330607354641,0.31861536353826525,0.0008612423214266735
244,0.03097524447380238,0.17970293634571136,0.120296618170687,0.07692922889254987,0.31394962295889856,0.000860154512443952
245,0.03146388065933934,0.18622299826238303,0.11956348568055546,0.06949442396871745,0.3143427990376949,0.000859063148881593
246,0.036002320156467246,0.1877861612243578,0.12755295163660776,0.06845587380230427,0.32852976247668264,0.0008579682415109142
247,0.0272064656548082,0.17834646773990243,0.11203286531963386,0.06672886982560158,0.31184536814689634,0.0008568698011382094
248,0.027132332004657655,0.1710163760697469,0.11225221183121903,0.06234652600251138,0.29652280136942866,0.0008557678386046416
249,0.026626348094123387,0.16633267963770776,0.11360969800152816,0.06499452223069965,0.30463836938142774,0.0008546623647861356
250,0.028258084326353128,0.16875599182676523,0.13963015098852338,0.06820495733991265,0.32534964829683305,0.0008535533905932725
251,0.026863177347536293,0.17121313121169807,0.11920256595840328,0.06363001172430813,0.3094137664884329,0.0008524409269711795
252,0.02758758589347963,0.1707883981289342,0.11399708727258258,0.06313892933540047,0.2992167670279741,0.0008513249848994234
253,0.026569441517995073,0.1643348856829107,0.1103629839286441,0.06380100911483169,0.30263332948088645,0.0008502055753919019
254,0.02528482398374763,0.15974976441357286,0.1145377981069032,0.06436095759272575,0.29916287288069726,0.0008490827094967352
255,0.024613201528495665,0.1523488022852689,0.12381827717763372,0.06524991896003485,0.31467818170785905,0.0008479563982961559
256,0.02734462087742031,0.16896353871561587,0.13091747796861455,0.06874349606223404,0.33024163991212846,0.0008468266529064013
257,0.02701558642488635,0.17657677815295755,0.10578792104279273,0.06130050932988525,0.29809668809175494,0.000845693484477602
258,0.027805521444224723,0.1702279206365347,0.14772861712262966,0.07531887013465166,0.33769126385450365,0.0008445569041936732
259,0.02858588770932329,0.18833241499960424,0.13859805375686846,0.07763021057471634,0.339516693353653,0.0008434169232722031
260,0.029119597228554995,0.17165405093692243,0.1302523261445458,0.06879116431809962,0.31383915469050405,0.0008422735529643433
261,0.02865617502056921,0.16820456550922244,0.12630464741378092,0.07030164920724928,0.3107994183897972,0.0008411268045546973
262,0.03178315519653552,0.18328502182848752,0.12571851951506688,0.06955090002156794,0.3239522039890289,0.0008399766893612086
263,0.03263546053058235,0.1872613405343145,0.12297247576352674,0.07031393572688102,0.31576269268989565,0.0008388232187350503
264,0.026028761667157597,0.16977678504772484,0.13785869047278537,0.07318555540405214,0.31744266748428346,0.0008376664040605113
265,0.03139747986260773,0.18097212046850472,0.122248590093659,0.07398737943731248,0.30724420920014384,0.0008365062567548858
266,0.028553320392575188,0.17528342411387712,0.13465487218199995,0.07362283123657107,0.3173362582921982,0.0008353427882683592
267,0.02555693293670629,0.1643395139137283,0.11448845090999385,0.06351716723293066,0.29822216629981996,0.0008341760100838957
268,0.025247240071757916,0.16003078103531151,0.12222436907322845,0.06477418062277138,0.30086112581193447,0.000833005933717125
269,0.02651087847657436,0.16267197374254466,0.1457767743828299,0.07825038046576083,0.3336559943854809,0.0008318325707162285
270,0.027237290604762165,0.17005824341904371,0.1420877596217906,0.07558727087453007,0.3803657114505768,0.0008306559326618251
271,0.02782327369559425,0.16833157250657677,0.12152044114627643,0.06498431833460927,0.3095502555370331,0.0008294760311668577
272,0.027101874830987072,0.16545659387484193,0.12354657459945884,0.06559359040111304,0.3079735800623894,0.0008282928778764774
273,0.027986300446809765,0.16448067841120065,0.12094070529783493,0.06474468056112528,0.30965138003230097,0.0008271064844679296
274,0.026708080467005856,0.1596350253559649,0.11614567319629714,0.0652585571166128,0.3017157666385174,0.0008259168626504385
275,0.027183925174995238,0.1645007282262668,0.11259654390014476,0.065823546750471,0.2993030622601509,0.0008247240241650909
276,0.02809897275938056,0.16709461938589812,0.12823355584041565,0.06746645951643586,0.30880567654967306,0.0008235279807847213
277,0.025323510137923222,0.15673058521933853,0.1275413269017008,0.06765905879437924,0.3128273494541645,0.0008223287443137948
278,0.025620824399902632,0.1523654968943447,0.12363821029430255,0.06550103174522519,0.30415501445531845,0.0008211263265882914
279,0.025053991727691027,0.15928469013888388,0.12044812375825131,0.06621315223164856,0.29777690693736075,0.0008199207394755884
280,0.023439806102624063,0.15444844942539931,0.11175595645909198,0.06753998915664852,0.3025629766285419,0.0008187119948743441
281,0.024779719129355726,0.16576431365683675,0.1346791860079975,0.06983197117224335,0.31666841693222525,0.0008175001047143796
282,0.02676079286525237,0.16881224664393812,0.12954595269620767,0.0699138960801065,0.3137430302798748,0.0008162850809565615
283,0.02836394306650618,0.17687460388988258,0.10315456250536954,0.06333108451217413,0.3045681666582823,0.0008150669355926837
284,0.028685383497258955,0.1762078879168257,0.1147272153189988,0.0652619473170489,0.30179446935653687,0.0008138456806453493
285,0.02521017378594479,0.1678488223347813,0.12535882851298083,0.06900713029317558,0.30966934710741045,0.0008126213281678518
286,0.026105964608404975,0.16332376131322235,0.12243234457273502,0.06624182537198067,0.3049979943782091,0.0008113938902440554
287,0.023088404244890625,0.15590920746326448,0.11475073522960884,0.06330794305540621,0.29163895957171915,0.0008101633789882772
288,0.024073341030134542,0.14805548833683133,0.11841839728731429,0.06466683852486313,0.302932345867157,0.0008089298065451663
289,0.022715340943295814,0.1534762127092108,0.1342071345046861,0.06779785128310323,0.3167500995099545,0.0008076931850895849
290,0.024820594304037512,0.1537009153747931,0.12242408944002818,0.06652433276176453,0.312315346300602,0.0008064535268264874
291,0.023466813119921427,0.15251126347575336,0.11877086971580866,0.06726001035422087,0.29484054297208784,0.0008052108439908003
292,0.029628790649394433,0.1802834400907159,0.1371088947271346,0.07323529226705432,0.31010696217417716,0.0008039651488473019
293,0.025901005511013864,0.17638120870105922,0.13074044765598955,0.07247544759884476,0.32411180064082146,0.0008027164536904999
294,0.02696855403619338,0.17335293947253377,0.1373867274931399,0.07545569520443678,0.32688307836651803,0.0008014647708445116
295,0.037071440170302596,0.18658207289408893,0.11115827171161072,0.06777353323996067,0.29314364641904833,0.0008002101126629411
296,0.029261721229840987,0.17108909522648902,0.14386921857221752,0.08253044676966965,0.33991399854421617,0.0007989524915287586
297,0.026177769329660806,0.16155542880296708,0.11813358467115904,0.06482408838346601,0.307136332243681,0.0007976919198541766
298,0.02531094622127057,0.15052513643167914,0.11210899566940498,0.06120190345682204,0.2938429359346628,0.0007964284100805288
299,0.023594338132306804,0.15237431307323276,0.11570394055452198,0.06196420593187213,0.3005161639302969,0.0007951619746781464
300,0.022384912722736773,0.14624903940130024,0.12401895537914243,0.06312728971242905,0.30480937995016577,0.0007938926261462357
301,0.021865711040800307,0.15421130168251693,0.12050743449799484,0.06312227579765022,0.30438108518719675,0.0007926203770127542
302,0.02169033266909537,0.14201387267094107,0.12168755569655332,0.06338875978253782,0.30569907650351524,0.0007913452398342871
303,0.023640883917323663,0.1543105653952807,0.12236470878779074,0.06539238430559635,0.318602591753006,0.0007900672271959238
304,0.021140481356951568,0.15045536907855422,0.11538028288559872,0.06232362049631775,0.2969408452510834,0.000788786351711133
305,0.020848072335320468,0.1446429392788559,0.12694805076898774,0.06501511782407761,0.3089595653116703,0.0007875026260216385
306,0.022681877782133597,0.14956333972513675,0.12253659267662442,0.06327550513669848,0.29916158095002177,0.0007862160627972946
307,0.02390141795872296,0.14982467230875046,0.11763578005411546,0.06474086986854673,0.30706133842468264,0.000784926674735961
308,0.02427550171000803,0.15527373196091504,0.1253738536972378,0.06481340606696903,0.30991461127996445,0.0007836344745633775
309,0.026984809888153903,0.16021746792830527,0.1292023611444165,0.06803297959268093,0.31435813307762145,0.0007823394750330377
310,0.026778612803173018,0.16559366146102547,0.13119843274034793,0.06871344377286732,0.322240149974823,0.0007810416889260644
311,0.02556561918947864,0.16241042311303316,0.13323291355918626,0.06875132611021399,0.3732196643948555,0.0007797411290510826
312,0.02381050479471014,0.16088067323435098,0.1253930706232495,0.06534529901109636,0.3085310809314251,0.0007784378082440932
313,0.021733802329299577,0.14996774678584188,0.11448664858326082,0.06462638252414762,0.3060585416853428,0.0007771317393683462
314,0.022170956548416144,0.14910406440030782,0.12692703188367888,0.06831074762158096,0.3476495869457722,0.0007758229353142144
315,0.02028835099231401,0.1437315889634192,0.1269481393013848,0.06448621856980026,0.30756821408867835,0.0007745114089990652
316,0.019001006023927403,0.13162942060735078,0.12091148708859692,0.06418119510635734,0.310455410182476,0.0007731971733671338
317,0.023912367251705292,0.1493202252080664,0.12536281219872764,0.06426669834181667,0.30531501173973086,0.0007718802413893954
318,0.022220008143199264,0.14729862895328552,0.11116069812487694,0.06310264472849667,0.3375248897820711,0.000770560626063437
319,0.025820870453890164,0.15025809044018387,0.11642803566210205,0.06492913188412786,0.31968569457530976,0.0007692383404133291
320,0.0228360419548153,0.15052283233962954,0.10357312769338023,0.06111750183627009,0.3524401351809502,0.0007679133974894973
321,0.021066272676489462,0.13866676557809116,0.12634833455522312,0.06565153519622982,0.33537545800209045,0.0007665858103685934
322,0.0199627306331422,0.14829524618107826,0.11698219490863267,0.06371365780942143,0.33207310661673545,0.0007652555921533661
323,0.022169423144987377,0.15005079733673482,0.1542991320762667,0.07364478041417896,0.32674754932522776,0.0007639227559725323
324,0.020192234747901237,0.13969175587408245,0.12674089444044512,0.0666656933259219,0.3132403064519167,0.0007625873149806469
325,0.01934263648531669,0.14284636087249963,0.11956708143261494,0.0629484777804464,0.2991920217871666,0.0007612492823579735
326,0.019743469458944674,0.14808708052150904,0.1311941565531015,0.06636116285808384,0.30799015834927557,0.0007599086713103538
327,0.02021422453371997,0.13983927005901933,0.12727098930699868,0.06463156868703664,0.31045803911983966,0.0007585654950690776
328,0.01916488030810797,0.13261258790735156,0.1322722379976767,0.06603937586769462,0.3178363986313343,0.0007572197668907525
329,0.018154214169544502,0.13991459929384292,0.12320016169687734,0.06569445878267288,0.30961718000471594,0.0007558715000571716
330,0.019650738389009346,0.13639474150259048,0.11991369911920628,0.06308648479171097,0.29702068120241165,0.0007545207078751847
331,0.01984644197605121,0.13365833298303187,0.14667737304407638,0.07095114304684103,0.324768279120326,0.0007531674036765654
332,0.029999630347720085,0.1647555469768122,0.1257593054098834,0.07062038439325988,0.3196132853627205,0.0007518116008178794
333,0.02423310443207356,0.15470233857631682,0.12469412021600874,0.06790148825384676,0.3195510983467102,0.000750453312680354
334,0.029054386404732215,0.16707099676132203,0.1407349623987102,0.07998434784822166,0.3337576676160097,0.0007490925526697444
335,0.025194803408248846,0.15870764346327632,0.12263027858571149,0.07115850443951785,0.30440072119235995,0.0007477293342162028
336,0.02585350229433061,0.1634866300970316,0.12741326010436752,0.07297137007117271,0.3078034870326519,0.0007463636707741449
337,0.025089589344815977,0.1592405498959124,0.15234998656669632,0.07817064630798995,0.3265546005219221,0.0007449955758221175
338,0.026559296732102666,0.15561991983558982,0.12912171326679528,0.06882825843058527,0.31110015511512756,0.0007436250628626652
339,0.02255731158652452,0.14703253807965666,0.11957722814695444,0.06446347627788782,0.3002097442746162,0.000742252145422198
340,0.023597558422397923,0.1376198124838993,0.12629741837954497,0.0663814602419734,0.3029452871531248,0.0007408768370508566
341,0.02100282474868891,0.14247674932703375,0.12655912245536455,0.06702483762055636,0.3058577999472618,0.0007394991513223794
342,0.020366906418394136,0.13785763753112407,0.13028954256878933,0.06929842028766871,0.31472482681274416,0.0007381191018339685
343,0.018934898975112448,0.13705127639696002,0.12614430076355349,0.06461625029332936,0.30465992391109464,0.0007367367022061551
344,0.019041632475114055,0.12684963075444103,0.13264209985063644,0.0671847712714225,0.31091391779482364,0.0007353519660826653
345,0.018238531429369688,0.13395828241482377,0.12460636749019613,0.06480249036103487,0.3041298858821392,0.0007339649071302857
346,0.0200623050162676,0.13070436218986287,0.13048735562842922,0.06761029390618205,0.30984286554157736,0.0007325755390387282
347,0.01946828542372714,0.13551918938755989,0.12470274654988316,0.06492360201664268,0.3091931529343128,0.0007311838755204948
348,0.018393245511379063,0.1304073787294328,0.1278793984631193,0.06568420459516347,0.31013452634215355,0.000729789930310743
349,0.018775090179701692,0.12779017162974923,0.12869372063942136,0.06634318483993411,0.30505881682038305,0.0007283937171671487
350,0.018357048918187503,0.13040563566610217,0.124721770647011,0.06407806635834276,0.30289371460676195,0.0007269952498697724
351,0.018643850569060306,0.13925552805885671,0.12673060697197797,0.0647154769860208,0.31054457314312456,0.0007255945422209216
352,0.019571327905396174,0.1491139774210751,0.12346493448349065,0.06834953613579273,0.3105022542178631,0.0007241916080450153
353,0.021064136547329325,0.1414065138204023,0.1256608878924453,0.06616752636618912,0.3105130665004253,0.0007227864611884471
354,0.01892714475966386,0.1385301878908649,0.12350655294576426,0.06489234119653702,0.30607870146632193,0.0007213791155194498
355,0.01862038246540578,0.1362430976703763,0.12258571297716117,0.06457176813855767,0.30503810197114944,0.0007199695849279566
356,0.019387156828543084,0.133426396897994,0.12481190068938304,0.06442092126235366,0.3098890967667103,0.0007185578833254655
357,0.017976103058845182,0.13041236316785215,0.1260186423205596,0.06572982482612133,0.3113515079021454,0.0007171440246449014
358,0.018337190585452846,0.13206733816768973,0.12338479689569795,0.06410979279316961,0.3366966612637043,0.0007157280228404786
359,0.018258824439544696,0.12519589634612202,0.12658112386707215,0.0663752343505621,0.3130150534212589,0.0007143098918875634
360,0.019489815862971226,0.13168481960892678,0.11960239256368368,0.06470435285009443,0.31921943798661234,0.0007128896457825355
361,0.01854956326988031,0.13053948879241944,0.12478811247565318,0.06712136869318783,0.3184917770326138,0.0007114672985426509
362,0.019033531725744977,0.13568070323672146,0.12317485048188245,0.06502774534747005,0.3056600339710712,0.0007100428642059023
363,0.0193062290079979,0.1362889025360346,0.12328068599454127,0.0649571345653385,0.30992658287286756,0.0007086163568308818
364,0.017907044802495876,0.13301627065520732,0.12780935836126445,0.0656969347037375,0.3086212772876024,0.0007071877904966413
365,0.01877218747840743,0.12755351937375964,0.1238706697942689,0.06483338959515095,0.3056332617998123,0.0007057571793025535
366,0.01901325260860176,0.13146696966141463,0.13242125309916447,0.06774444836191833,0.36309484839439393,0.0007043245373681737
367,0.018949955682910514,0.13607429985422642,0.12532316957076545,0.06684158858843148,0.3340112216770649,0.0007028898788330991
368,0.02253481616353383,0.15397921556141228,0.14808729519863845,0.08084626202471554,0.3385800465941429,0.0007014532178568306
369,0.02515997201830942,0.15299629606306553,0.11644054400676396,0.06638043476268649,0.30587921664118767,0.0007000145686186315
370,0.02453282475858032,0.15315751552116125,0.1691196068728459,0.0806538404431194,0.33028678596019745,0.0006985739453173895
371,0.021266812225803733,0.14037760216742753,0.15578593016471132,0.07532648029737174,0.32033125385642053,0.0006971313621714746
372,0.018243007571254567,0.12827280065976082,0.12583206854906165,0.06586494133807719,0.32663013972342014,0.0006956868334186005
373,0.019069231310368195,0.13796421186998487,0.12413504811411258,0.06678364421240986,0.350784869492054,0.0006942403733156823
374,0.020362521671313517,0.13552075610496103,0.12115480509455664,0.06185622722841799,0.32229190729558466,0.0006927919961386975
375,0.018352353712225523,0.12561123210471123,0.1204846770320728,0.06208580587990582,0.3295696511864662,0.0006913417161825442
376,0.01808309034981903,0.1335517002036795,0.12167731583613203,0.06268075429834426,0.32019220776855944,0.0006898895477609
377,0.01879988325526938,0.12691791492979973,0.12073480962208123,0.061671294691041115,0.306087464466691,0.0006884355052060807
378,0.017043769942074505,0.12868119864724575,0.11729372554764268,0.061649286467581985,0.3449544746428728,0.0006869796028688994
379,0.01864300915935928,0.12881795675493776,0.12318799086424406,0.06358525245450437,0.3214053750038147,0.0006855218551185248
380,0.01852648934734589,0.1265332574257627,0.12108143751975149,0.06217458210885525,0.3508551172912121,0.0006840622763423383
381,0.01678119045272979,0.12312183019239456,0.12199439939286094,0.06298526623286307,0.3514080088585615,0.0006826008809457933
382,0.017281513163561614,0.13229276149068028,0.1177067168886424,0.06244674134068191,0.3143269423395395,0.0006811376833522722
383,0.018011987271393082,0.12841657197568565,0.12002357797537115,0.0630469609517604,0.3516516234725714,0.0006796726980029447
384,0.018263039606245,0.1272936121094972,0.11898225655313581,0.0615704535972327,0.3545145630836487,0.0006782059393566247
385,0.017210196810356137,0.12989216158166528,0.1218518718793348,0.06287255687639118,0.35720079727470877,0.000676737421889628
386,0.018304583011467913,0.12938158763572574,0.12120820190611994,0.06313896649517119,0.37428164705634115,0.0006752671600956289
387,0.019062072766610073,0.1308952529914677,0.12384563461018842,0.06243100836873054,0.38876922354102134,0.0006737951684855179
388,0.018031539849016554,0.13934324902947992,0.13971728469987282,0.07008382985368371,0.3534889195114374,0.000672321461587258
389,0.018697823287948268,0.13157266135094686,0.13907516851613763,0.07037505893968046,0.322446171939373,0.0006708460539457411
390,0.02106423509180786,0.15500675744842737,0.13581531145973713,0.07141533484682441,0.3387017995119095,0.0006693689601226453
391,0.02266796171047645,0.14950273188296706,0.14796366344307899,0.07115090466104448,0.31373835951089857,0.0006678901946962898
392,0.019672488287142187,0.13224246639292686,0.12031115665158723,0.06325215403921902,0.30206316225230695,0.0006664097722614928
393,0.019998267294158722,0.13809817631263285,0.1345234006890678,0.06668123872950674,0.3516560636460781,0.0006649277074294259
394,0.01855588628118312,0.12999604855431243,0.12870594128908125,0.06624297606758774,0.3742527201771736,0.0006634440148274709
395,0.01785687503547706,0.1273684232030064,0.13679258800621028,0.06707591898739337,0.3606464508920908,0.0006619587090990742
396,0.01777964878956482,0.12127174701308832,0.13140018218109617,0.06545370016247035,0.3368292722851038,0.0006604718049036041
397,0.01775913927399415,0.11755946197081357,0.13922730359336127,0.0672352259978652,0.3518141802400351,0.000658983316916205
398,0.01725754530616541,0.11962956683710217,0.13144673019342007,0.06561312065459787,0.346320490911603,0.0006574932598276518
399,0.01757500497114961,0.12925756270997227,0.140154083690868,0.067762913974002,0.3771603360772133,0.0006560016483442069
400,0.020582800050306105,0.13089032461866737,0.1285652517057315,0.06599936322309077,0.36600858680903914,0.0006545084971874732
401,0.01859752296240913,0.13303992231376469,0.1321365641473676,0.06633096965961158,0.36497065089643,0.0006530138210942499
402,0.018272242975399422,0.1285683918860741,0.13382643600198207,0.0671294154599309,0.36251090802252295,0.0006515176348163865
403,0.01854055984902061,0.1284130958141759,0.14378627630212576,0.06900367625057698,0.38031541779637335,0.0006500199531206377
404,0.017875279759937256,0.12446628229226916,0.1403109613376728,0.06969923814758658,0.3850770555436611,0.0006485207907885169
405,0.02000978346154625,0.1260668982518837,0.13719203921500595,0.06736713489517569,0.3796102646738291,0.0006470201626161514
406,0.018027714686013496,0.12447966716717929,0.1360133473564929,0.06610247590579092,0.3819992017000914,0.0006455180834141354
407,0.0179927335153252,0.11826113695278764,0.1343770592357032,0.06660992661491036,0.36229199506342413,0.000644014568007384
408,0.01791313735402582,0.12319551325635984,0.13292999262121158,0.06584121836349369,0.3662993866950274,0.0006425096312349875
409,0.018820471931167048,0.12785135477315634,0.13884505841924694,0.06776454234495759,0.38478853553533554,0.0006410032879500642
410,0.018110793992082107,0.12771634557284414,0.1267227529853699,0.06654953672550619,0.3548254705965519,0.0006394955530196142
411,0.01976518223586936,0.1519679958699271,0.1405648928048322,0.07456809305585921,0.32452166080474854,0.0006379864413243723
412,0.02275491264667835,0.14050637022592127,0.16513062926824204,0.080909958248958,0.4389482490718365,0.0006364759677586621
413,0.021505994429526255,0.1429109599906951,0.13688413221825613,0.0681329429615289,0.3432009927928448,0.0006349641472302475
414,0.017469192263865806,0.12545446139993147,0.12960979891649912,0.06413680384866893,0.3636303424835205,0.0006334509946601873
415,0.01717091902728498,0.12688242678996176,0.13032865932254936,0.06493242895230651,0.37351437881588934,0.000631936524982686
416,0.01808019121713187,0.13015897294972092,0.12838899915877847,0.06540680518373847,0.377112053334713,0.0006304207531449479
417,0.01785947814928477,0.12046948150964454,0.12054196100871195,0.062802379950881,0.37515362426638604,0.0006289036941070295
418,0.017057964023183558,0.12372700937557965,0.13086258321636707,0.06531091956421733,0.3792198784649372,0.0006273853628416907
419,0.01737021781988233,0.1177293638815172,0.13393602645446662,0.06658697300590574,0.375320578366518,0.0006258657743342481
420,0.017400819794534072,0.12270190060371533,0.13473599654316787,0.06506097232922911,0.3942645899951458,0.0006243449435824269
421,0.0171633393850243,0.11703376109944656,0.12491461736208294,0.06406050622463226,0.3841858051717281,0.0006228228855962129
422,0.01660432468925137,0.11402777197072282,0.1334939494052378,0.06586954197846354,0.3718942515552044,0.0006212996153977034
423,0.017651260347724927,0.11875978673342616,0.13193735109889532,0.06779321804642677,0.377576669305563,0.0006197751480209606
424,0.018355215130031865,0.12149485113332048,0.13281179425976006,0.06621801550500095,0.38341055251657963,0.0006182494985118621
425,0.016666255041195656,0.1129419137374498,0.13332659836451058,0.06610177829861641,0.37119709625840186,0.0006167226819279525
426,0.016310351694778548,0.10925954083213582,0.13016901586961466,0.06549775484018028,0.37727083042263987,0.000615194713338295
427,0.017372093971562207,0.11662169949850068,0.14812976113316836,0.0695955719333142,0.3809149794280529,0.0006136656078233229
428,0.017764652443975137,0.11492192700970918,0.12083293903779121,0.0672687467187643,0.36746027283370497,0.0006121353804746904
429,0.018041993309770986,0.12897263335762546,0.12114146994281327,0.06340800379402936,0.3456969238817692,0.0006106040463951233
430,0.019185344928155247,0.11803770110709592,0.13881416291405912,0.06825075610540807,0.31549764461815355,0.0006090716206982711
431,0.01981738989788937,0.12433565432438627,0.1498096932693443,0.06955750747583807,0.3626980770379305,0.0006075381185085564
432,0.016906067447598615,0.119176766613964,0.14241338353822358,0.06781711685471237,0.37533664517104626,0.0006060035549610271
433,0.016551637062184453,0.11635670627001674,0.1444589501734299,0.06943963496014476,0.3835090581327677,0.0006044679452012055
434,0.018211951781995594,0.12235957920784131,0.14372813053123537,0.06922643333673477,0.3723282091319561,0.0006029313043849404
435,0.01596211322334966,0.11590930382953957,0.1428828411619179,0.06805777768604457,0.3870985433459282,0.000601393647678256
436,0.016867132383731588,0.11902564070187509,0.13300397319108015,0.06699778302572668,0.3819127041846514,0.0005998549902572033
437,0.01850598181733858,0.11723239526618272,0.13468657887424343,0.06602894798852503,0.33813054449856284,0.0005983153473077097
438,0.017143918381748335,0.12503497565630822,0.12758172290123185,0.06466952855698764,0.3538512084633112,0.0005967747340254299
439,0.01603848773193022,0.11239317751023918,0.14046051845507462,0.06764317364431918,0.3862624209374189,0.0005952331656155947
440,0.016455543411211693,0.11376380766741931,0.13265390589876916,0.06523016402497887,0.3786043807864189,0.000593690657292862
441,0.017226436926875976,0.11516328830039128,0.13528570815979038,0.06591323129832745,0.37032108902931216,0.0005921472242811663
442,0.0170628541477754,0.1146974602714181,0.1362176397444273,0.06578117874450981,0.3773690931499004,0.0005906028818135683
443,0.016325996286923328,0.11632923623546958,0.12705937410428306,0.06445099879056215,0.3878321345895529,0.0005890576451321047
444,0.01872409307441103,0.12735163024626672,0.13887685572481132,0.07147820098325611,0.37606223300099373,0.0005875115294876377
445,0.017935499488658024,0.12928509740158917,0.12059176386392209,0.06234294180758297,0.36787525080144406,0.0005859645501397045
446,0.017847816398307258,0.11855013383319601,0.12642324989064946,0.06347247310914099,0.3803123880177736,0.0005844167223563666
447,0.016372645327351165,0.10577964609256015,0.1294750353845302,0.06414209320209921,0.3809947606176138,0.0005828680614140596
448,0.01635508392585052,0.11283749111462385,0.13032925675215665,0.06410793089307845,0.38193878792226316,0.0005813185825974415
449,0.016304984568751024,0.11306546694831923,0.1345494707005855,0.06688398905098439,0.3922937221825123,0.0005797683011992427
450,0.017089131513876053,0.11376666291616858,0.13619601617392618,0.06476700936909766,0.38147606402635575,0.000578217232520115
451,0.015990741930772857,0.11229534845333547,0.13343010457465426,0.06520102052018047,0.3860495038330555,0.0005766653918684798
452,0.017592411728583102,0.11058750501833856,0.13951588353011174,0.06657327634748071,0.39690994210541247,0.000575112794560378
453,0.017457962032358408,0.10822042323416099,0.1317146112145565,0.06417192928493023,0.39002991989254954,0.0005735594559193181
454,0.016291681650318423,0.11015321729937569,0.13400888106261846,0.06572491731494665,0.39520904421806335,0.0005720053912761255
455,0.016051397892624664,0.10934386422159151,0.1316231728378625,0.06515093264169991,0.3842627115547657,0.0005704506159687907
456,0.015369640020730912,0.10796457326505333,0.13699054401949978,0.0658450491959229,0.3943532403558493,0.0005688951453423185
457,0.01629973205240276,0.10748351274523885,0.14057001427499927,0.0666012388188392,0.3929287869483232,0.0005673389947485757
458,0.017194496112279013,0.10186774835456162,0.12909039301448502,0.06483074105344713,0.3782177772372961,0.0005657821795461407
459,0.016333408599894027,0.1096128886565566,0.12951354611577698,0.06680593960918486,0.3893123436719179,0.0005642247151001509
460,0.018759931328258973,0.10761528726434336,0.13931721544940956,0.06718661896884441,0.3891282886266708,0.0005626666167821515
461,0.016543175611127482,0.11365328760584817,0.13835039623518242,0.06727001436520368,0.3968218069523573,0.0005611078999699441
462,0.01560644139035503,0.11256428381893784,0.1425888950805529,0.06956047024577856,0.4036177650094032,0.0005595485800474343
463,0.017933513498655886,0.1254949552589096,0.1436067778078723,0.06971230655908585,0.39434527084231374,0.0005579886724044802
464,0.017577999910099607,0.11037072063190863,0.12623429368104552,0.06337753366678953,0.37472361885011196,0.0005564281924367402
465,0.016644420958300543,0.10859427356626838,0.13020240374316927,0.0645746202673763,0.37870829440653325,0.0005548671555455221
466,0.01586154752433231,0.10941065953811631,0.13619035575029556,0.06620290908031165,0.3980401184409857,0.0005533055771376294
467,0.016238579634000418,0.10781789212487639,0.1309133634706086,0.06519722333177924,0.38711816668510435,0.0005517434726252107
468,0.01761908977989606,0.11036863488843665,0.13618908318021566,0.06579383392818272,0.39179720990359784,0.0005501808574256068
469,0.01593571293788045,0.10538283324567602,0.1353464654457639,0.06756828199140727,0.40160722360014917,0.0005486177469611992
470,0.015228160497053977,0.10274349906248972,0.13587564811168704,0.06716133109293879,0.39725215584039686,0.0005470541566592566
471,0.016098069626355026,0.11144822883652523,0.134482108442171,0.06593790291808546,0.3911709301173687,0.0005454901019517844
472,0.016601558187358024,0.10990721937268973,0.13451320131644023,0.06595842107199132,0.3995602674782276,0.0005439255982753712
473,0.016254350624058132,0.11078682580264285,0.1400499427691102,0.06876102825626731,0.3988619349896908,0.0005423606610710361
474,0.0163728973786192,0.10623564646812156,0.13314452676859218,0.06576074017211794,0.3956485386937857,0.0005407953057840783
475,0.015269761455601837,0.10475344359874725,0.1274069730185147,0.06453240755945444,0.3835825502872467,0.000539229547863922
476,0.01687905866424444,0.11467279186472297,0.13312760428598266,0.06607123049907386,0.3892743833363056,0.0005376634027639659
477,0.015105597128376757,0.10284330126596615,0.1352084196987562,0.06573576531372964,0.3904915746301413,0.0005360968859414298
478,0.016593122869107902,0.10106536833336577,0.12822754933222313,0.06495379554107786,0.3834242422133684,0.0005345300128572025
479,0.015706744885983427,0.10658231059787796,0.1299613500632404,0.0646221877541393,0.38301934488117695,0.0005329627989756883
480,0.015266718195402974,0.10280091845197603,0.13590841751356492,0.06599995414726437,0.3886843387037516,0.0005313952597646562
481,0.016062593486685726,0.10790113905677572,0.1335481384579907,0.06480406429618597,0.38962674252688884,0.0005298274106950849
482,0.015721672121571828,0.10322272373596206,0.12691588230154593,0.06327808517962694,0.3882035959511995,0.0005282592672410118
483,0.017501470343040636,0.10639300709590316,0.12990697408313281,0.06529327225871384,0.38242211006581783,0.0005266908448793798
484,0.015954747218324884,0.10526412398321554,0.12827054141816915,0.06499400767497718,0.3934138216078281,0.0005251221590898843
485,0.016641159343771507,0.11546459804521873,0.13353712909738533,0.06689196140505374,0.349004989862442,0.0005235532253548208
486,0.0162762842754546,0.11630843984894454,0.1227693774853833,0.06274740025401115,0.36780684180557727,0.000521984059158932
487,0.01501069687369636,0.10419366795103997,0.12892949216402486,0.06482338784262538,0.37830449230968954,0.0005204146759892546
488,0.01644275221535736,0.10614878282649443,0.1279252112064569,0.06403660029172897,0.38792377188801763,0.0005188450913349667
489,0.017121793634692038,0.10216654438991099,0.1275462464946031,0.06392604345455766,0.3719400320202112,0.0005172753206872356
490,0.016809235270625323,0.09668544745072723,0.12768182430590969,0.06480776802636683,0.38181884288787843,0.0005157053795390636
491,0.016093375883406223,0.0976299591944553,0.12595130982008412,0.06396025316789747,0.38282092325389383,0.000514135283385136
492,0.01567654707882866,0.10325640154769644,0.12675981383945328,0.06443088394589722,0.38216845989227294,0.0005125650477216682
493,0.0152232518526489,0.09362107659690082,0.12904508074934712,0.06497808410786092,0.3801840879023075,0.000510994688046252
494,0.014429004208318474,0.10068288462935016,0.12810135408362838,0.06435507009737193,0.3894590146839619,0.0005094242198577035
495,0.014787834688650036,0.10261599394725636,0.13062479984218953,0.06461316514760256,0.386984807997942,0.0005078536586559097
496,0.014706236523034022,0.10071104421513155,0.13196070979101931,0.06489644832909107,0.388437258079648,0.0005062830199416756
497,0.014708860874361563,0.10754900742322207,0.12676600523336673,0.06451202309690415,0.37664718367159367,0.0005047123192165713
498,0.016445013031238888,0.10663505622651429,0.13172427160679945,0.0651166666066274,0.3819942019879818,0.0005031415719827789
499,0.01627776151449325,0.10260092695243657,0.12737359258244396,0.06380946612916887,0.3770080178976059,0.0005015707937429391
500,0.014856309495530694,0.10314709061058239,0.13031340906309197,0.06426936574280262,0.37555235214531424,0.0004999999999999994
501,0.01526994424041277,0.09861976996762678,0.1328240296439617,0.06542155342176556,0.38273739330470563,0.0004984292062570596
502,0.017006228630611984,0.10369385165395215,0.13133512596032232,0.06481097904033958,0.38400925807654857,0.00049685842801722
503,0.016977135490697036,0.10393083160743118,0.13243012309467303,0.06528827431611717,0.3842186667025089,0.0004952876807834274
504,0.016773209060397677,0.09940153456991538,0.1336195131196291,0.0653257729485631,0.4019509796053171,0.0004937169800583231
505,0.016305913701103236,0.10275700258789584,0.14093624949964578,0.06851076590828598,0.3895704369992018,0.0004921463413440891
506,0.01719307730811579,0.1090047300211154,0.12235014308680547,0.06243092343211174,0.36645482257008555,0.0004905757801422952
507,0.015694898683796053,0.09818561160936952,0.12438682140345918,0.062954679178074,0.37966558448970317,0.0004890053119537468
508,0.014980404505422484,0.09642631743336097,0.12531487078231293,0.06364350002259016,0.38643837720155716,0.00048743495227833065
509,0.01579255697092776,0.10013945372775197,0.1265463521798665,0.06320107467472554,0.3865947317332029,0.0004858647166148628
510,0.013858877953816772,0.09466180203016847,0.12869192046055106,0.06507851844653487,0.3910123471170664,0.00048429462046093526
511,0.017656917649651403,0.10367113160900772,0.127262910920399,0.06391973593272268,0.38140276856720445,0.0004827246793127634
512,0.015533911205261574,0.09425363822374493,0.12985496190594858,0.06419388568028808,0.3980617955327034,0.00048115490866503213
513,0.014561531640856629,0.09728555985493585,0.11960305843749666,0.061321845185011624,0.3703293729573488,0.00047958532401074443
514,0.016431574250918856,0.09579791782889516,0.1258100673032459,0.06257373080588877,0.3864765014499426,0.0004780159408410671
515,0.016882804975534783,0.09935566373169422,0.13203357379752562,0.06448537451215089,0.3950931280851364,0.0004764467746451781
516,0.016363094498319696,0.10001346190692857,0.12117132529601804,0.06283736997283995,0.3810140695422888,0.0004748778409101148
517,0.016355901512770287,0.10053435786394402,0.12864938389175223,0.06448203842155635,0.3944375868886709,0.0004733091551206193
518,0.012579902529409992,0.10041177958482876,0.13316683564917184,0.06616582195274531,0.4157262220978737,0.0004717407327589873
519,0.017187874387036572,0.10067126221256331,0.12234236611038796,0.06260153511539102,0.38130184896290303,0.0004701725893049142
520,0.015229740198742547,0.09588997981045395,0.12868565246099023,0.06414097351953388,0.3879077650606632,0.000468604740235343
521,0.01682712659869594,0.09934452252928168,0.1308136368439591,0.06487287236377597,0.394084544479847,0.0004670372010243106
522,0.014292879110416833,0.09282842943212018,0.12997959676431492,0.06566306035965681,0.3893860839307308,0.0004654699871427967
523,0.013235613688402736,0.09884578246856109,0.1289365350996377,0.06427481062710286,0.394912676140666,0.0004639031140585693
524,0.014251484286501182,0.09909789644880221,0.1277428275141574,0.0637157391756773,0.3806802574545145,0.00046233659723603313
525,0.015495186381008353,0.0949981224955991,0.12777499721196364,0.06370516703464091,0.3851802539080381,0.00046077045213607716
526,0.014645416865346306,0.09622354691382498,0.12702195995370857,0.06316863270476461,0.3873908523470163,0.0004592046942159208
527,0.014312764109990894,0.09475789127172903,0.12370450738890212,0.06274990765377879,0.3845119159668684,0.00045763933892896283
528,0.014866431829727845,0.09575885270023718,0.12590078522480325,0.0636883795261383,0.38357188254594804,0.00045607440172462795
529,0.015836593069457193,0.09492599876830354,0.12876796634154744,0.06392910671420396,0.3865908470004797,0.00045450989804821464
530,0.014977016905390883,0.09935630949912592,0.1260619088941894,0.06313232057727873,0.38062401972711085,0.0004529458433407424
531,0.011632193753553111,0.08980950760887936,0.1329337741670315,0.06539286174811423,0.3953105978667736,0.0004513822530388
532,0.011817889772873968,0.09069882670883089,0.12330731869515148,0.06261184853501618,0.38523226156830787,0.0004498191425743922
533,0.011384964152421162,0.09619816807098687,0.12757321373283048,0.06349829584360123,0.39639956057071685,0.0004482565273747884
534,0.017114980851511065,0.09502875128528103,0.12936123082836276,0.06427043569274246,0.38609388172626496,0.00044669442286236966
535,0.010226819265812991,0.09142607246758416,0.1286536481573421,0.06432865052483976,0.39151937924325464,0.000445132844454477
536,0.012664860583981863,0.08825465985573828,0.12548534616144025,0.0625419910531491,0.3862967167049646,0.0004435718075632588
537,0.009514312770716061,0.09063648702576757,0.12437757293591858,0.06207171487621963,0.3762629974633455,0.000442011327595519
538,0.009482154879310655,0.08598602704005316,0.1265711744905275,0.06398067618720234,0.3879292767494917,0.00044045141995256487
539,0.009728400673714077,0.090995794092305,0.1291715394560015,0.0638285995926708,0.3889631312340498,0.0004388921000300549
540,0.008795343641622821,0.09006814017193392,0.12548153708557946,0.06405845256522298,0.3848618730902672,0.0004373333832178476
541,0.009081734288815823,0.09067803727230057,0.12817629200508235,0.0630471168551594,0.38555891439318657,0.0004357752848998483
542,0.0089707475986188,0.08418937822571024,0.12672971013162168,0.06363720051012933,0.38767792023718356,0.0004342178204538584
543,0.008820183296825235,0.08787600118666887,0.1265805985276529,0.06334773087874054,0.38633969277143476,0.0004326610052514234
544,0.008804419866578428,0.08680465848883614,0.1315960061030637,0.06489932015538216,0.39648838341236115,0.0004311048546576807
545,0.009145822774894442,0.08829134089173749,0.12708384731449768,0.06337607009336352,0.39086867570877076,0.0004295493840312084
546,0.017027928464585784,0.09575265703024342,0.12827805852066376,0.06523919808678329,0.3993753015995026,0.0004279946087238736
547,0.012767742278083461,0.08418567257467657,0.13008799793678918,0.06452938611619174,0.38837887831032275,0.0004264405440806811
548,0.01663546955144284,0.09486416202271357,0.12839732418578934,0.06397329471074045,0.3885661195963621,0.0004248872054396212
549,0.012203677416141544,0.09182945775100962,0.1294691024093481,0.0640467951539904,0.39068065732717516,0.0004233346081315195
550,0.011769886513093297,0.08856688912492246,0.12785523563652532,0.06357679953798652,0.3843305803835392,0.0004217827674798844
551,0.008787306400063245,0.08809125997358933,0.12717954147592536,0.06300382576882839,0.38335773088037967,0.00042023169880075665
552,0.01668021245623095,0.0902648409246467,0.12721025354258017,0.06409077066928148,0.38130426295101644,0.000418681417402558
553,0.01858707817659706,0.09026040032040328,0.12439295224176021,0.06218883246183395,0.38605910874903204,0.00041713193858594004
554,0.0101423084711314,0.09853646561969072,0.13368920638167764,0.06498496546410024,0.39879217073321344,0.0004155832776436329
555,0.018115588467344422,0.08920669991057366,0.12604607381726965,0.06278005549684167,0.3837007973343134,0.00041403544986029495
556,0.01588620471172817,0.094095725112129,0.1251749917639245,0.06251566275022924,0.3785220678895712,0.0004124884705123618
557,0.015607121139669288,0.09126701501663774,0.12326550333018531,0.062410571286454795,0.38660167083144187,0.00041094235486789464
558,0.018322575837214573,0.09374508534092456,0.12369458756656967,0.062403459846973416,0.3932569071650505,0.0004093971181864311
559,0.014916899353852386,0.0891805914696306,0.1281529683023109,0.06374930101446807,0.3855782598257065,0.00040785277571883313
560,0.00959319841595061,0.09225912539986894,0.12846808347385377,0.06520648300647736,0.3957847498357296,0.00040630934270713745
561,0.008896411879982224,0.08621995069552213,0.12332556255496456,0.06334554334171116,0.39759276881814004,0.00040476683438440486
562,0.016036687236214674,0.09034451302140951,0.12694908642588415,0.06291538090445101,0.39625294879078865,0.00040322526597456974
563,0.009766012776776734,0.08527021501213312,0.12228555151450564,0.062353663006797434,0.3870839137583971,0.00040168465269228967
564,0.00880535133903777,0.08125663604587316,0.12255344242948922,0.0614615545142442,0.3873293250799179,0.0004001450097427963
565,0.008946403037748496,0.08377319100545719,0.1304694493606803,0.06490113716572524,0.3903665613383055,0.00039860635232174353
566,0.008880003089598177,0.0939189045340754,0.12558913373795805,0.0631492983084172,0.3730543714016676,0.000397068695615059
567,0.008427979440489253,0.09020843346370384,0.1359892154112458,0.06573782549239696,0.39590120539069173,0.0003955320547987939
568,0.008628499251972243,0.08999657834647223,0.1305322506086668,0.06458227620460093,0.39153931364417077,0.00039399644503897244
569,0.008590008387454873,0.08635279178852215,0.1323448861752695,0.0646089844405651,0.39165390506386755,0.0003924618814914431
570,0.008967685613993127,0.08694827451836318,0.12664122003916417,0.06343277520500124,0.38568692579865455,0.0003909283793017285
571,0.0083236517567002,0.0865310445195064,0.12923401519074104,0.06371927042491735,0.3900123108178377,0.00038939595360487633
572,0.008032271968227178,0.082327533850912,0.13054899359267438,0.06435659700073301,0.3896368779242039,0.00038786461952530917
573,0.008555014142007166,0.08032834368059412,0.1314872811009991,0.06412012819200755,0.391548952460289,0.00038633439217667666
574,0.008226626495081745,0.08178248172625899,0.13425553596753162,0.06587483487091958,0.38728833459317685,0.0003848052866617046
575,0.008387551364751288,0.08758880817331374,0.1285397174186073,0.06364459837786854,0.38047578781843183,0.00038327731807204717
576,0.007913420701811447,0.08273733047535643,0.13251041764888213,0.06486046221107244,0.39138116501271725,0.00038175050148813746
577,0.008026304611735213,0.08305355447810144,0.125529779210774,0.06251028217375279,0.3851424250751734,0.0003802248519790389
578,0.007775281091380748,0.07954402070026845,0.12873173808038701,0.06374015402980149,0.3897187005728483,0.00037870038460229607
579,0.00939103054786301,0.08259218318853527,0.13125030015653466,0.06428646491840481,0.3981790341436863,0.0003771771144037866
580,0.02125727501227175,0.09250448466045783,0.1250619115839072,0.06401956202462315,0.3836217474192381,0.00037565505641757246
581,0.01393446694899012,0.08933338549686595,0.12337009889015463,0.061937002139165996,0.37095809876918795,0.00037413422566575115
582,0.018811650084899156,0.09447346719680354,0.12780992508269265,0.06378764277324081,0.3958574138581753,0.00037261463715830876
583,0.008395464487853133,0.08467229413799941,0.12996694048924837,0.0651775415521115,0.3815203469246626,0.0003710963058929699
584,0.012283492053529698,0.07978105582296849,0.12317409727620543,0.06293375845998525,0.37828390337526796,0.00036957924685505135
585,0.007717866969119314,0.0849531511310488,0.1278769656899385,0.06355904419906437,0.3886186767369509,0.00036806347501731337
586,0.008104005084464915,0.08110027849907056,0.12697205254735308,0.06353573985397816,0.3802126120775938,0.0003665490053398121
587,0.007883973161449375,0.07755888269748538,0.1279506936458347,0.06328436913900078,0.38188750445842745,0.0003650358527697516
588,0.008359841297851745,0.08122391339857131,0.12485888733717729,0.06296200770884752,0.37568725533783437,0.00036352403224133715
589,0.007529494070354303,0.07904872017679736,0.12666002842524904,0.06338687180541455,0.3852444551885128,0.00036201355867562703
590,0.008079937958950723,0.08224736633710564,0.12893959163047838,0.06336739845573902,0.3884070310741663,0.0003605044469803851
591,0.00863017060828497,0.07907914659008383,0.12457114253847976,0.06281291167251765,0.3817971955984831,0.0003589967120499351
592,0.008019228454782024,0.07664102052804082,0.1273013117504888,0.06368500525131822,0.3883305210620165,0.0003574903687650117
593,0.007795735151626104,0.08087276065489277,0.1291571485606255,0.06411920972168446,0.3998455457389355,0.00035598543199261525
594,0.008420863223841479,0.07871273553464561,0.126347682334017,0.06322914557531475,0.38004248440265653,0.00035448191658586387
595,0.014649985702044432,0.08367823698790744,0.12995631206576946,0.0642433037981391,0.3897102937102318,0.0003529798373838479
596,0.008372947948805632,0.07843294189078734,0.12995570638377102,0.06464070593938231,0.3899775233119726,0.0003514792092114823
597,0.00783273559841291,0.0769189948332496,0.1295117613983166,0.06427137935534119,0.38977138996124266,0.00034998004687936173
598,0.008311969480337212,0.07916803320404142,0.1247131220639858,0.06301168343052269,0.38775806948542596,0.00034848236518361284
599,0.013462367451552382,0.08220400352729484,0.12284129450199543,0.06343201706185937,0.37463400736451147,0.00034698617890574935
600,0.008182844644898069,0.08165145413950085,0.12754235238826367,0.0639330428559333,0.3818991661071777,0.0003454915028125261
601,0.014951428540302913,0.08310796987498179,0.12304863160607056,0.062398819159716366,0.38427819274365904,0.0003439983516557924
602,0.01440344802922482,0.08549939024960622,0.12246106514503481,0.06242845430970192,0.38084105029702187,0.00034250674017234737
603,0.013814681704934629,0.08426045408705249,0.1259099383642024,0.06324563715606928,0.3897412817925215,0.00034101668308379426
604,0.00799398521171497,0.0759563212748617,0.1257622915247339,0.06274380814284086,0.38111320436000823,0.00033952819509639506
605,0.007533793046798109,0.07728599635884166,0.12497022807074246,0.06263381247408688,0.3856469545513391,0.000338041290900925
606,0.00799222053046833,0.08183218920603394,0.12792794402339497,0.06328363032080234,0.3784490130841732,0.00033655598517252856
607,0.008387126181264647,0.07497896425193176,0.12381572378071723,0.06240469631738961,0.3845284849405289,0.00033507229257057335
608,0.007937426965077066,0.07863699828740209,0.13068805620423518,0.0657435511238873,0.39133918918669225,0.0003335902277385065
609,0.0076136392270882425,0.08009835536358878,0.12887540788797197,0.06427178741432726,0.3827488236129284,0.00033210980530370943
610,0.00813616700925195,0.07614583388203755,0.12438187600491801,0.062873515766114,0.38340855911374094,0.00033063103987735404
611,0.007752994452698658,0.07960659378441051,0.12807120588549878,0.06385858920402825,0.3892086293548346,0.00032915394605425804
612,0.007423266355954183,0.07501272051595151,0.12491520780458813,0.06303247548639775,0.3862689383327961,0.0003276785384127412
613,0.007286011361725286,0.07696687532588839,0.12789592781773534,0.06334439381025732,0.38474367521703245,0.00032620483151448126
614,0.007410204094753681,0.07568162181414664,0.1298000022157794,0.06403945470228792,0.38849242962896824,0.00032473283990437017
615,0.00732860688189021,0.07523827695986256,0.1258629074844066,0.06359062781557441,0.3919890280812979,0.0003232625781103712
616,0.007255419963735221,0.07520278806332499,0.13277406963607064,0.06468699341639876,0.3917783051729202,0.00032179406064337436
617,0.007122441892499864,0.07403412676649168,0.1256211012499989,0.06316260769963264,0.389245317876339,0.0003203273019970544
618,0.006929842069951064,0.07119261746993288,0.12829217300968593,0.06335979998111725,0.38275434225797655,0.00031886231664772686
619,0.0069385060462764155,0.07464367094216869,0.12865655718851485,0.06356310034170747,0.3879922404885292,0.00031739911905420584
620,0.0069812920205549744,0.07346537309931592,0.12972556245513261,0.06431492194533348,0.3904528636485338,0.0003159377236576607
621,0.006972653097318471,0.07658193249371834,0.12785383711961912,0.06320797582156956,0.3886491540819407,0.00031447814488147415
622,0.007364492134706779,0.0730337645043619,0.12595201318254112,0.06266704387962818,0.3834391199052334,0.00031302039713109955
623,0.008670473827646675,0.07786321793682874,0.12552619288180722,0.06243968899361789,0.3827633887529373,0.0003115644947939183
624,0.007979947637545592,0.07983619305305183,0.12484620924806222,0.06270996388047934,0.3896367087960243,0.0003101104522390992
625,0.007713870709039838,0.07673002312658354,0.12909662897363888,0.06354757426306605,0.3938552923500538,0.00030865828381745485
626,0.007297876455857022,0.07103653190424666,0.1294916779064806,0.06396951545029879,0.38995229788124564,0.0003072080038613015
627,0.00698179285363949,0.07284996571252123,0.12853107883565826,0.06325754174031317,0.3863210633397102,0.0003057596266843167
628,0.006569451211305477,0.07272059061797335,0.1291678308385599,0.06399243180640042,0.3883134532719851,0.0003043131665813986
629,0.006821618873345869,0.07308504435932264,0.12548233379930024,0.06260634111240507,0.3885471474379301,0.0003028686378285242
630,0.006864668787977734,0.07160311649786308,0.12902749782952014,0.06383864185772836,0.38637787811458113,0.00030142605468260934
631,0.007088522787262264,0.0692605156218633,0.12908328154080664,0.06414118562825025,0.38793726190924643,0.0002999854313813674
632,0.00673395699188859,0.06985812922939658,0.12690715545395506,0.06343567688018084,0.39186292253434657,0.00029854678214316833
633,0.006997434091852028,0.06967036538990215,0.12723549918155186,0.0630149579141289,0.38997584395110607,0.00029711012116689976
634,0.007009075646124074,0.07217561556026339,0.12763637059615576,0.06329023949801922,0.3892087835818529,0.00029567546263182523
635,0.006914708775855161,0.07139220060780645,0.12730731493575148,0.06296723545528948,0.38632845133543015,0.0002942428206974453
636,0.006775570935019459,0.07527673363219947,0.13006491838532383,0.0637076236307621,0.3862792205065489,0.00029281220950335763
637,0.010794252459254495,0.0796451426576823,0.12329230365648983,0.06219342253170908,0.39825452491641045,0.0002913836431691171
638,0.00858951074505967,0.07360353656113147,0.1238448868964042,0.062068912852555516,0.38212199732661245,0.00028995713579409654
639,0.007322082554401277,0.06982628358528017,0.12377141856195521,0.06199207403697073,0.3920605633407831,0.0002885327014573481
640,0.007236219008245825,0.07299134664935991,0.12777881074580363,0.0629177123773843,0.38970925882458685,0.0002871103542174633
641,0.007142590832449969,0.07300434914650396,0.1277365048379579,0.06331433933228255,0.3947717558592558,0.0002856901081124355
642,0.00673166591275276,0.06803949419409036,0.13498185850839944,0.06510222125798464,0.3881367720663548,0.0002842719771595203
643,0.006804538763321944,0.07579661001218482,0.12962454018634162,0.06344646709039807,0.38649135567247866,0.00028285597535509735
644,0.00864482180372761,0.07378735094098374,0.12862473916102318,0.06355730164796114,0.3913717124611139,0.00028144211667453334
645,0.00790450762058299,0.07410087249008938,0.1274362730437133,0.06282270215451717,0.3924464490264654,0.00028003041507204207
646,0.007949961269935102,0.07134364104131237,0.1277844019670738,0.06333016264252364,0.3872489660978317,0.000278620884480549
647,0.006950307051090477,0.07003314772155136,0.13038013096957002,0.0637293883599341,0.38898841440677645,0.00027721353881155153
648,0.0066088221890368,0.07105913699488156,0.1282042848150013,0.06287484359927475,0.38741299137473106,0.00027580839195498366
649,0.006732865460094217,0.07138007964240387,0.13247557753420552,0.06443299939855933,0.3946722593158484,0.0002744054577790771
650,0.0068234412273568525,0.06942621384514495,0.12760736512937002,0.06315738991834223,0.3911140073090792,0.0002730047501302263
651,0.006658584545129997,0.07145338463597,0.12618607755357517,0.06280755032785237,0.3914152685552835,0.00027160628283285005
652,0.006514526068656323,0.06531775362091138,0.12854805215538362,0.06348403939045966,0.3885851014405489,0.0002702100696892558
653,0.00779794324064369,0.06989809939404949,0.13195857548271306,0.064928865339607,0.4004646521061659,0.00026881612447950365
654,0.014278074411618037,0.0765876300400123,0.12982973273756215,0.06515527674928308,0.3934895511716604,0.0002674244609612705
655,0.007857731306012283,0.07522844069171697,0.126066745249409,0.0621193943079561,0.3922438696026802,0.0002660350928697131
656,0.007930483885513696,0.07594673699932172,0.12628628591191954,0.06258350093849004,0.3845624517649412,0.0002646480339173336
657,0.01096123732295382,0.07215804047882557,0.12643827607680577,0.06290464382618666,0.38700948394834994,0.00026326329779384364
658,0.007848003879234965,0.06879622543347068,0.1254564345224935,0.0626120121218264,0.38900817967951296,0.0002618808981660301
659,0.007137453940458727,0.07099385244073346,0.12715999275242212,0.06329753967002034,0.3969576045870781,0.0002605008486776192
660,0.007019472136880723,0.0700560906669125,0.12745039984438336,0.0629691215697676,0.3870599988847971,0.0002591231629491422
661,0.006954569442768843,0.07082268192898482,0.1287236570744426,0.06324811801314353,0.3880738340318203,0.0002577478545778007
662,0.006425811459166653,0.06678309191484004,0.1273144073311414,0.06274563572369515,0.38654788918793204,0.00025637493713733363
663,0.006591919891559428,0.0695815566345118,0.12700361615934525,0.06254011718556285,0.3821173574775457,0.0002550044241778816
664,0.0064426298560078974,0.0693133695051074,0.13127432122055324,0.0641243951395154,0.3916370332241058,0.00025363632922585384
665,0.006693843302559799,0.0676676709903404,0.12733307948510628,0.06306206616573036,0.3940559446811676,0.00025227066578379596
666,0.006158277454892414,0.06306104732793756,0.13035338395493454,0.06428181794472039,0.39253448843955996,0.00025090744733025436
667,0.006912428732380249,0.0646590038377326,0.13015566985341137,0.0638507917523384,0.3921185821294785,0.00024954668731964495
668,0.00709673471651513,0.06605568665545433,0.1313940147367248,0.0642542032059282,0.3958916708827019,0.00024818839918211937
669,0.006425519773699762,0.07051190434140153,0.13067518281459342,0.06412835079245269,0.3836853951215744,0.0002468325963234336
670,0.0064335542279650325,0.0656969559378922,0.1287031791631307,0.06359118917025626,0.39733911380171777,0.0002454792921248141
671,0.006154641650937265,0.06765472177648917,0.1303806513409654,0.06370655996724964,0.3895960431545973,0.00024412849994282732
672,0.007133333798935837,0.06774515415308997,0.12787539451383054,0.06318015498109161,0.3895447596907616,0.00024278023310924645
673,0.006271063193503323,0.06485253583523445,0.12968478149850854,0.06310297925956547,0.38614709600806235,0.00024143450493092116
674,0.006338937621046625,0.07162138791754842,0.12920696844157648,0.06368828006088734,0.39047356359660623,0.0002400913286896451
675,0.00662322643142943,0.06162886089878157,0.13017714481029544,0.06360554099082946,0.38434345126152036,0.00023875071764202532
676,0.005904833355282335,0.06039407564676367,0.12546798318071523,0.06293017123825848,0.39055855087935926,0.00023741268501935179
677,0.006149294817760165,0.06408581302384846,0.12877494107524398,0.06337147573940456,0.3872632648795843,0.00023607724402746654
678,0.007970110013081922,0.06784873759024776,0.12796060172768192,0.06349611962214112,0.38708155006170275,0.00023474440784663282
679,0.0064339610687284225,0.06232671733596362,0.12648709926652374,0.0625264047179371,0.3839749649167061,0.00023341418963140543
680,0.006134273193219996,0.0627627786132507,0.12817451883747707,0.06408599577844143,0.3908836152404547,0.0002320866025105015
681,0.006812934045990459,0.06519134507398121,0.13064555539094727,0.06418385505676269,0.3951028358191252,0.00023076165958666977
682,0.0066633236991378905,0.06867311707464978,0.12993946016867994,0.06369155328720807,0.3863092068582773,0.00022943937393656182
683,0.006939800910026861,0.06706919130519964,0.12724577670451254,0.06312951892614364,0.3865029003471136,0.00022811975861060341
684,0.0061002990176234565,0.06464770174934528,0.1322887472153525,0.0644392394926399,0.3895632181316614,0.00022680282663286523
685,0.006306359448001331,0.06467630755505524,0.12722076401987578,0.06253999141044915,0.39073561392724515,0.00022548859100093394
686,0.0062388639949631395,0.06456604305421934,0.13157823533474583,0.0637532806955278,0.387335604429245,0.00022417706468578463
687,0.006422315107124632,0.06755163539783098,0.12209489862943883,0.0615170166362077,0.38778155818581583,0.0002228682606316528
688,0.0062320295051108586,0.06586182717583142,0.1286449102408369,0.06341046602465213,0.3858707435429096,0.00022156219175590571
689,0.006307589030768668,0.058787248586304484,0.1280368284213182,0.06359758698381483,0.3945013012737036,0.0002202588709489163
690,0.006468096317769323,0.06792254511383362,0.12810843961997306,0.06316081641707569,0.39428056329488753,0.00021895831107393438
691,0.006196479533571164,0.065004181972472,0.13038360618811567,0.06399683780036866,0.3895300474017859,0.00021766052496696126
692,0.006715390547037714,0.06600575752090662,0.13097797501613967,0.06420437325723469,0.38801370896399023,0.00021636552543662156
693,0.006989379273056784,0.06686705956817604,0.1287901990886894,0.06337704057805241,0.3894376140087843,0.000215073325264038
694,0.006231831818013234,0.06426801492925734,0.129599086104281,0.06338639450259506,0.39054935798048973,0.0002137839372027042
695,0.006077948982556336,0.06614857070380822,0.130195396693307,0.06398316347040237,0.3890148151665926,0.0002124973739783604
696,0.006131251798922222,0.06188724526436999,0.12731160086404997,0.06279125022701919,0.39227796755731104,0.00021121364828886597
697,0.005972739002129401,0.06464656604803168,0.1312848225068592,0.06390624530613423,0.3915974944829941,0.00020993277280407496
698,0.007399489772717515,0.06332931040669791,0.1291207709669834,0.0633208588231355,0.3916434794664383,0.0002086547601657117
699,0.005803705653045199,0.06172203884343617,0.1299513759484398,0.063668222585693,0.38918346241116525,0.00020737962298724474
700,0.006681198966293778,0.0635810092673637,0.1291269348250353,0.06359572743531317,0.3845522414892912,0.00020610737385376313
701,0.006359870613118801,0.06517309724586084,0.12745709941154929,0.06275831083767117,0.385753546282649,0.00020483802532185227
702,0.0066642969663575965,0.06687919207033702,0.12830419304591487,0.0634955748450011,0.3963292848318815,0.00020357158991947004
703,0.00544148193964702,0.05809523668140173,0.12928648787856217,0.0635095206554979,0.39076198562979697,0.00020230808014582227
704,0.006104752745079623,0.06356914541684092,0.12851906707801392,0.06290496014989913,0.39085926078259947,0.0002010475084712404
705,0.006027366570106096,0.0641655400278978,0.1300715569872409,0.06380492420867086,0.3937569037079811,0.0001997898873370577
706,0.006167863742746249,0.06363373903441243,0.1292617337006959,0.06289964807219803,0.3908544976264238,0.00019853522915548724
707,0.005970578859478337,0.058657680678879845,0.12915614400262712,0.06312538143247366,0.3884191893041134,0.00019728354630949897
708,0.0059297293975419055,0.06236685601179488,0.13099482369289034,0.06325872046872974,0.3854791861027479,0.00019603485115269687
709,0.006976793704154716,0.06454887074651197,0.12714067483466351,0.0626016090158373,0.3866686217486858,0.00019478915600919838
710,0.0057077043712183695,0.060462460428243506,0.12873971966982936,0.06332763698883355,0.3938172809779644,0.00019354647317351147
711,0.00567279811912158,0.05916163424262777,0.12836389383446659,0.0635368392802775,0.3975989993661642,0.00019230681491041408
712,0.005613313502681194,0.058918936183908956,0.13022108757431852,0.06360748545266688,0.39255082681775094,0.00019107019345483234
713,0.00534299478659932,0.06238166896509938,0.12844613826164278,0.06287681055255234,0.39235839657485483,0.0001898366210117216
714,0.005283315148381007,0.05992475670063868,0.13004974292125554,0.06334585612639784,0.3891573168337345,0.00018860610975594345
715,0.0052797007921071785,0.06139462140854448,0.1307447013023193,0.0636394111905247,0.39092253521084785,0.00018737867183214702
716,0.0053459571122061785,0.058072412916226314,0.1293421352704172,0.06329135126434267,0.38945836797356603,0.00018615431935464945
717,0.0052288358475493625,0.059211371542187405,0.127659569196112,0.06304749129340052,0.3910399116575718,0.00018493306440731517
718,0.005609599289493871,0.05818001748411916,0.12863614883026459,0.06359267411753536,0.3906070917844772,0.0001837149190434374
719,0.0064027909617834665,0.061405884771374986,0.12567367116207606,0.062415400287136436,0.39153769724071025,0.00018249989528561922
720,0.005687082433723845,0.05886898424942046,0.12871907062508398,0.06384908193722368,0.39846333377063275,0.00018128800512565475
721,0.005207126396180683,0.05884776884340681,0.13050027449062326,0.06442215135321021,0.3971624292433262,0.00018007926052441048
722,0.005220653140497689,0.06200269678956829,0.12725340771939955,0.06267629251815379,0.3863222222775221,0.00017887367341170757
723,0.005215098153644249,0.05978306473698467,0.12901328645530158,0.06319215316325426,0.38999275080859663,0.00017767125568620402
724,0.0063299079094463195,0.061837157350964844,0.127683858286764,0.06334943794645369,0.3916777715086937,0.0001764720192152774
725,0.005932389108420466,0.06464096272247843,0.12919377052239725,0.06374047906138003,0.39658852443099024,0.00017527597583490785
726,0.005168321773987827,0.06364782627788372,0.12965522103113472,0.06393992542289198,0.3962777156382799,0.00017408313734956017
727,0.005179022428035296,0.05924368916312232,0.1285550829328713,0.0632470999378711,0.39090259820222856,0.00017289351553206913
728,0.005155860888874031,0.06044671980780549,0.1314075603011588,0.06378489667549729,0.39230649918317795,0.00017170712212352147
729,0.005126436170007765,0.05736583002144471,0.1310135649750009,0.0638535553123802,0.3924841329455376,0.00017052396883314132
730,0.005175179902596483,0.060526102111907676,0.13000115777613247,0.06396919814869761,0.39367166310548785,0.00016934406733817362
731,0.005032900179014632,0.06005271087051369,0.12969267707449034,0.06347969835624098,0.3904975600540638,0.00016816742928377036
732,0.00521101508134052,0.05699708527536131,0.12895489881484537,0.0629029443487525,0.3903939727693796,0.00016699406628287386
733,0.005133821130800698,0.05847760421456769,0.13156034097410158,0.06368216169066727,0.3876696743071079,0.00016582398991610322
734,0.005050352172690964,0.05676168407080695,0.13009549667913234,0.06343539473600686,0.38907520622015,0.00016465721173163962
735,0.0050902301113183055,0.05669697389821522,0.13030637390111224,0.06331888465210796,0.39111985415220263,0.00016349374324511307
736,0.0050989100056995085,0.057572420861106366,0.13152025802482967,0.06342960617039353,0.39022217579185964,0.0001623335959394874
737,0.005052699910163483,0.0583082641067449,0.1296596401873103,0.06334079718217253,0.39205526299774646,0.00016117678126494842
738,0.0050655622426688755,0.05646000616252422,0.12994988196660415,0.06304975890088826,0.38979921378195287,0.00016002331063879005
739,0.0050644030216290045,0.053413265786366536,0.1297452848935791,0.0632394231390208,0.388751782476902,0.00015887319544530149
740,0.005070690168929559,0.0549638546188362,0.1300121792824939,0.06342180813662708,0.3931241564452648,0.00015772644703565547
741,0.0051269223032250014,0.05808385984273627,0.1308960419235518,0.0635139184538275,0.38686183504760263,0.0001565830767277956
742,0.005207017346197063,0.06223297939868644,0.12627466711273883,0.062229781644418836,0.3853421375155449,0.0001554430958063254
743,0.008738513569301175,0.0660250784654636,0.13063798337461777,0.06352814924903213,0.3880894001573324,0.00015430651552239652
744,0.005105744818968106,0.05489947167807259,0.12869430266364362,0.06296991915442049,0.3809972029179335,0.0001531733470935973
745,0.005581519112644174,0.05867150949197821,0.12963458738813644,0.06361072608269751,0.3871490217745304,0.00015204360170384255
746,0.005052274289778324,0.05598967428668402,0.12917500975963775,0.06325757689774036,0.38649351745843885,0.00015091729050326343
747,0.004990232992247457,0.053133029089076446,0.1281559014263621,0.06283385995775462,0.3881193187087774,0.00014979442460809662
748,0.004960659498692621,0.05706556227523833,0.1295760254666675,0.06345686470158399,0.389818287268281,0.00014867501510057497
749,0.004985069436713729,0.0541945937089622,0.1306808346795151,0.06342954128049313,0.38982147462666034,0.00014755907302881896
750,0.0050140373317276495,0.05612200382165611,0.12951987936394288,0.06334587503224612,0.39090419448912145,0.00014644660940672596
751,0.00498118012977784,0.05752030708245002,0.12952355904708385,0.06300494689494371,0.39025557301938535,0.00014533763521386284
752,0.004967906768649754,0.05355797929223627,0.13104740051858244,0.06343983560800552,0.3904316395521164,0.000144232161395357
753,0.004943444456330326,0.05211863597505726,0.12985849445976783,0.06318133426830172,0.3904342666268349,0.0001431301988617891
754,0.0050443127974517665,0.050316197995562105,0.12999070267251228,0.06317902649752796,0.3903737373650074,0.00014203175848908408
755,0.005016334806464328,0.050001820555189626,0.12947305990674068,0.06308899945579469,0.38939498625695707,0.00014093685111840533
756,0.005062154412360087,0.05381122955586761,0.12995278532252996,0.06318476554006339,0.3873048346489668,0.00013984548755604622
757,0.004934016586872758,0.055913718923693526,0.12916824890417047,0.06334362728521228,0.3890146858990192,0.0001387576785733248
758,0.005009358863992475,0.054844303528079764,0.13006899147876538,0.06310941893607377,0.3875905338674784,0.00013767343490647647
759,0.004890476016635148,0.048839825665345414,0.12869810372358187,0.06301185842603445,0.3891837440431118,0.00013659276725654833
760,0.00498706790582446,0.05512979116756469,0.1292221258256177,0.06331211575306953,0.39074309803545476,0.00013551568628929387
761,0.0049633241134529275,0.053992640640353785,0.12815047805343055,0.06277590105310082,0.38781876526772974,0.00013444220263506766
762,0.004994569434893492,0.053341136261587964,0.1288096984368167,0.06302683213725686,0.3919532556086779,0.0001333723268887198
763,0.004893170541180325,0.05122139926534146,0.1285979569249321,0.0630727625451982,0.389285059273243,0.00013230606960949176
764,0.004986583556933511,0.052526099531678486,0.13065167593886146,0.06330655184574425,0.3909733954817057,0.0001312434413209128
765,0.004896289001783316,0.0491362024564296,0.13125229555880652,0.06359720388427377,0.39104471504688265,0.000130184452510695
766,0.005278373705641571,0.05199490097584203,0.1300033305938996,0.06341645712964236,0.39357428066432476,0.00012912911363063018
767,0.00628787797172663,0.05676350969588384,0.12939326383639127,0.06335392710752785,0.39461382701992986,0.00012807743509648717
768,0.005581949783777418,0.05600236453465186,0.12902480961056426,0.06277209869585931,0.3921721938997507,0.00012702942728790866
769,0.0052446950175067284,0.05303431763895787,0.12944828020190471,0.06342300293035805,0.3896685462445021,0.00012598510054830856
770,0.004988567711052383,0.053699398715980354,0.12857645080293878,0.06314434581436217,0.3900139003992081,0.00012494446518476992
771,0.004944671162724035,0.05381169554893859,0.1292707045460702,0.06297690705396235,0.39066032879054546,0.0001239075314679441
772,0.004935897654581823,0.053098128188867125,0.1291070502717048,0.06309118792414665,0.3911663770675659,0.0001228743096319478
773,0.004928542178674888,0.0557108192704618,0.12895890052095638,0.06278256569057702,0.3889718562364578,0.00012184480987426384
774,0.004926933839487902,0.05281136234407313,0.13046275094966403,0.06356541989371181,0.3927643299102783,0.0001208190423556388
775,0.004883771555898875,0.05100353768793866,0.13020772329327884,0.0632919675204903,0.39147295281291006,0.00011979701719998427
776,0.004881985747817908,0.052240941865602505,0.12935683349278407,0.06319328923709691,0.3905307397246361,0.0001187787444942759
777,0.004982005788832566,0.05307904934161343,0.13050395492755343,0.06329181403852999,0.3907781969755888,0.00011776423428845408
778,0.004901528762707131,0.05116312839090824,0.12897868748987093,0.06276981476694346,0.39126077815890314,0.00011675349659532477
779,0.004890132042112328,0.05195363571983762,0.1298394474222732,0.06323625557124615,0.3910488672554493,0.00011574654139046145
780,0.00488094558394323,0.05141972541459836,0.1286450065454119,0.06294428328983485,0.38885295391082764,0.00011474337861210518
781,0.0049149198801387685,0.05054022564436309,0.12938100568353547,0.06301206941716372,0.390493618696928,0.00011374401816106753
782,0.004906248913414402,0.04935769898002036,0.12978219703072683,0.06320690312422812,0.39009948037564757,0.00011274846990063289
783,0.004891842246468059,0.053841878252569586,0.12958107780796127,0.06305585992522537,0.39062197506427765,0.00011175674365646057
784,0.004868060784309592,0.05085237210150808,0.1285747191592236,0.06287238309159875,0.3918931070715189,0.00011076884921648807
785,0.004901044698624446,0.05054669012897648,0.12954860100653603,0.06324462662450969,0.3923363447189331,0.00010978479633083484
786,0.004972410607763322,0.05573586288955994,0.12855045728501863,0.06295080208219588,0.3915194537490606,0.00010880459471170569
787,0.004891936458579949,0.05558378282003105,0.13060981380185693,0.06354994233697653,0.38653624765574934,0.00010782825403329479
788,0.004894718627190287,0.05585980509640649,0.13017357085846015,0.06368690291419625,0.3900677468627691,0.00010685578393169046
789,0.004899813983900003,0.05506359955179505,0.13046957570622908,0.06367766307666897,0.39173689372837545,0.00010588719400477978
790,0.0048971106448846054,0.0569805883045774,0.1303504304152739,0.06334515591152012,0.3864694330841303,0.00010492249381215455
791,0.0048507385974858154,0.053985568968346345,0.1300529886233562,0.06340331370010972,0.39142004437744615,0.00010396169287501625
792,0.0048726122108064375,0.054465362371411176,0.1298585864395136,0.06311932476237417,0.3872335493564606,0.00010300480067608207
793,0.00489615267267709,0.05184320487314835,0.13013465015028486,0.06337211783975363,0.39168772995471957,0.00010205182665949184
794,0.004860339390131685,0.051630434865364803,0.1300689526440692,0.06329146763309837,0.39246342405676843,0.00010110278023071431
795,0.0048707902542787455,0.05105564071564004,0.130823998752021,0.06338953096419572,0.3908653698861599,0.00010015767075645463
796,0.004829146429938191,0.05105154247721657,0.1290655754884938,0.0629669928457588,0.38968204744160173,9.921650756456139e-05
797,0.0048297326829015216,0.04925265494384803,0.1299503670044942,0.06322530820034444,0.3908903881907463,9.827929994393597e-05
798,0.004742173230135904,0.05089554199948907,0.13051762481118204,0.06328954445198179,0.3902946632355452,9.734605714443882e-05
799,0.0047653960573029504,0.05273754908121191,0.12989161656296347,0.0632729011354968,0.389640711247921,9.641678837679972e-05
800,0.004879092499481885,0.051597149216104296,0.12895917291752995,0.06296038604341447,0.39010588340461255,9.54915028125261e-05
801,0.004910281941886296,0.050252455711597574,0.12963474702555686,0.06315137571655213,0.39117968939244746,9.457020958381311e-05
802,0.004867748939579997,0.0528957950824406,0.1294600536682992,0.06310061584226787,0.391740220785141,9.36529177834528e-05
803,0.004792063379039746,0.05261416300782003,0.12918791558840895,0.06325736963190139,0.3896189723163843,9.273963646474502e-05
804,0.004823790770569758,0.05259056077338755,0.12988450330085471,0.0631734318099916,0.39088788665831087,9.18303746414078e-05
805,0.0048470943960865044,0.05166739597334526,0.1288556144842005,0.06289860196411609,0.38912994265556333,9.092514128748813e-05
806,0.004793332828052143,0.050720452883979306,0.12984368632533005,0.06320817032828926,0.38933926112949846,9.00239453372737e-05
807,0.00482909119937176,0.052184062224114314,0.12848926100050448,0.06287978170439601,0.3887087445706129,8.912679568520471e-05
808,0.004740148669191058,0.04823481438215822,0.13040972715461976,0.06329701538197696,0.3893697313964367,8.823370118578605e-05
809,0.004793630521078285,0.04975645590457134,0.12930262131339987,0.06297603403218091,0.389494352415204,8.734467065349999e-05
810,0.004809895517416863,0.05294546085060574,0.12927210758789442,0.06305718128569424,0.3902688302099705,8.645971286271892e-05
811,0.004815464718564044,0.05200147404684685,0.13028337476862362,0.06326678055338561,0.3898702435195446,8.557883654761883e-05
812,0.004806352359628363,0.047994396701687946,0.1286425901518669,0.06289734565652907,0.38927072025835513,8.47020504020935e-05
813,0.004772817138871233,0.05217586672515608,0.13051585262219306,0.06330855800770223,0.39175181873142717,8.382936307966815e-05
814,0.004803730660216843,0.05266136521240696,0.13090548158215826,0.06348149911500514,0.3915911242365837,8.29607831934141e-05
815,0.004844928406521376,0.049207129294518384,0.1289679200730461,0.06304571744985879,0.3907125789672136,8.209631931586465e-05
816,0.00483961825731285,0.051665752072585745,0.12901868289336563,0.06283758315257729,0.39129032045602796,8.123597997892897e-05
817,0.005852195499085155,0.05180827172589488,0.1295195217266155,0.06329315649345517,0.3901708949357271,8.037977367380902e-05
818,0.004792527807427405,0.05212357447599061,0.12911151667503873,0.0630735170096159,0.39097872339189055,7.952770885091529e-05
819,0.004773898054361325,0.04811101604718715,0.12974742366932332,0.06316897650249302,0.39075805321335794,7.867979391978378e-05
820,0.004747316880593644,0.05228584433207288,0.12893095377730787,0.06303043980151415,0.38939839564263823,7.783603724899227e-05
821,0.004702961032126041,0.05124530688044615,0.1295797685968864,0.06314883283339441,0.39036766700446607,7.699644716607876e-05
822,0.004755223936626862,0.0499384566093795,0.13034595317803904,0.06328847855329514,0.38991056606173513,7.616103195745818e-05
823,0.00480578464954533,0.05015448402846232,0.12938011194564752,0.06308282446116209,0.39068675972521305,7.532979986834157e-05
824,0.004762722242531936,0.049281901633366945,0.12940325666277203,0.06306847105734051,0.39095127768814564,7.450275910265394e-05
825,0.004770170254039386,0.05201549991033971,0.12914760673593265,0.06300126812420785,0.38875488713383677,7.367991782295372e-05
826,0.0047524995280696205,0.05188310195808299,0.1295756543200696,0.06308783353306353,0.38861218430101874,7.286128415035218e-05
827,0.004767523449584132,0.05039246812229976,0.12930367431035847,0.06298536653630435,0.3901003759354353,7.204686616443333e-05
828,0.004780918308091487,0.04588982120039873,0.1293689827376511,0.06307928385213017,0.3905853595584631,7.123667190317379e-05
829,0.004740615468421083,0.0474415018747095,0.1289878159892396,0.06293316534720361,0.3901150658726692,7.04307093628636e-05
830,0.0047256021424914255,0.04886478040134534,0.13026786816408276,0.0632178224157542,0.39019768722355364,6.962898649802806e-05
831,0.004743197796818777,0.04869085993268527,0.12938449280845815,0.06302134143188595,0.3895255088806152,6.883151122134795e-05
832,0.004729321868524039,0.048075620748568325,0.12997026498487685,0.06322937957011163,0.390687995031476,6.803829140358208e-05
833,0.004755547256610271,0.04996494952356443,0.12941075616981834,0.06308202892541885,0.3897615969181061,6.724933487349033e-05
834,0.004737520714661514,0.05209912545979023,0.12978489444503793,0.0631223123986274,0.38750227019190786,6.646464941775482e-05
835,0.004756489783665075,0.050420429738005625,0.1284867850583396,0.06293792226351798,0.3881222605705261,6.56842427809043e-05
836,0.004712613856133885,0.04972207949613221,0.1302093925398367,0.0633123965933919,0.3914566308259964,6.4908122665237e-05
837,0.004710194342663954,0.04645014693378471,0.13010675980112865,0.06325912168249488,0.39101329892873765,6.413629673074545e-05
838,0.004716091974410119,0.050225636310642585,0.13003116964682704,0.06328800586052238,0.3920674454420805,6.336877259503976e-05
839,0.004734045868957537,0.046734714141348374,0.1296906553710869,0.06319294911809266,0.39159232899546625,6.26055578332735e-05
840,0.004746470208067422,0.046585660259006546,0.12984493072362965,0.06318282797001303,0.39009089060127733,6.184665997806806e-05
841,0.004724765710392376,0.049552260991185905,0.12917819013018744,0.0629523851443082,0.3907249175012112,6.109208651943906e-05
842,0.004703984062371091,0.050215662515256554,0.1302864334640617,0.06333712805062533,0.38892996981739997,6.0341844904721806e-05
843,0.004702103234558308,0.047146441182121634,0.1298432131523441,0.06320994757115841,0.3901185441762209,5.9595942538498064e-05
844,0.004699174818131269,0.046242539334343746,0.12957861718386993,0.06310052475892007,0.38985527455806734,5.885438678252317e-05
845,0.004608875495296161,0.047869195480598134,0.1303032191375678,0.06330637196078896,0.3905175730586052,5.811718495565313e-05
846,0.004702732419843869,0.04977434849133715,0.1301789397279208,0.06330438270233571,0.39107644446194173,5.738434433377229e-05
847,0.004599020541513709,0.04523220210685395,0.12968697697651804,0.06316040097735823,0.3900078222155571,5.665587214972159e-05
848,0.00469866335702136,0.04817044023657217,0.12963944883958903,0.06309750643558801,0.3904036030173302,5.593177559322762e-05
849,0.004668356174096289,0.04598000881960616,0.12998848497300058,0.06310703111812473,0.3898422747850418,5.521206181083096e-05
850,0.004639257135158914,0.04634796674945392,0.12954278530305602,0.06306860009208322,0.3895802326500416,5.449673790581596e-05
851,0.004694119706664423,0.05071059264591895,0.12963556561662698,0.06306378608569503,0.39022545553743837,5.378581093814085e-05
852,0.00467882425738253,0.05093291426310316,0.12954101242867183,0.06308218762278557,0.3896929655224085,5.3079287924367966e-05
853,0.004654157385346025,0.05290156255941838,0.12983745011370046,0.06309952442534268,0.3911012697964907,5.237717583759407e-05
854,0.004681529626975589,0.04911619361955673,0.12940077241437392,0.06314322422258556,0.39107087031006815,5.1679481607381916e-05
855,0.004642907926296402,0.050926049437839536,0.13010256270354148,0.06322457995265722,0.39112086966633797,5.098621211969209e-05
856,0.004596391993504767,0.047929047478828576,0.12991326030023628,0.06318511231802404,0.3899814933538437,5.029737421681432e-05
857,0.0046506195288657185,0.04943628579494543,0.1289609629937331,0.06292969905771315,0.39001047164201735,4.961297469730083e-05
858,0.004595879130636149,0.0483669233683031,0.1294212413020432,0.06309249391779304,0.38952732980251314,4.893302031589844e-05
859,0.004643483368795387,0.04884468279778957,0.1292160302567936,0.06298630107194185,0.3889631561934948,4.825751778348245e-05
860,0.004579587308217015,0.047853652853518724,0.1294114513497334,0.06306477594189346,0.38926406390964985,4.7586473766990186e-05
861,0.004647528645085686,0.04697997818584554,0.12982863035358605,0.06320530073717237,0.390101670473814,4.6919894889355024e-05
862,0.0045874517863524035,0.046838908398058265,0.12946393724923838,0.06307636969722807,0.38958858512341976,4.625778772944136e-05
863,0.00460448876296482,0.04731525268871337,0.12941813810903113,0.06302883634343744,0.3899937018752098,4.5600158821979796e-05
864,0.004573518801538512,0.045648323377827184,0.12951810166923677,0.06306030247360468,0.3895347245037556,4.4947014657502034e-05
865,0.004570980902656174,0.04948783727595583,0.12966623155080015,0.06309188278391957,0.39005075879395007,4.4298361682277215e-05
866,0.004593999194867138,0.04661651951610111,0.12965047848338146,0.06314909588545561,0.39053917713463304,4.365420629824849e-05
867,0.004570096114076705,0.04732552502537146,0.1303051404102007,0.06329112760722637,0.3908203035593033,4.3014554862969324e-05
868,0.004579717275697703,0.0458659558033105,0.12966958593096933,0.06311934068799019,0.3900187462568283,4.237941368954111e-05
869,0.004416812589352048,0.0477225755515974,0.12996778952583554,0.06327165723778308,0.3913756776601076,4.174878904655087e-05
870,0.004599894578183239,0.04839396524475888,0.12958203957678052,0.06313757854513824,0.3910350944846869,4.11226871580093e-05
871,0.004515269242125442,0.04789324031444266,0.1296776797673374,0.06316958609968423,0.3901292756199837,4.0501114203289265e-05
872,0.004537199540436632,0.046448342758230864,0.12959024386655074,0.06310497238300741,0.39043436050415037,3.9884076317064796e-05
873,0.004492724141528015,0.04876350277918391,0.12925220674733282,0.06305368458852172,0.38943194299936296,3.9271579589250695e-05
874,0.00447597603149461,0.050594993931008504,0.12979289664071986,0.06319262790493667,0.3898061953485012,3.866363006494244e-05
875,0.004518090390536145,0.04542976056691259,0.12907282066662445,0.06294340607710183,0.3896794248372316,3.806023374435652e-05
876,0.0044519515959052566,0.046756385202752423,0.12957763681479265,0.06314663654193282,0.3902708612382412,3.746139658277081e-05
877,0.004407523371293109,0.04915905126836151,0.12954868991364493,0.063113534450531,0.3897637456655502,3.686712449046659e-05
878,0.004406760899553319,0.04679781621089205,0.12942022087518126,0.06307827066630126,0.3897021174430847,3.6277423332669265e-05
879,0.004421938040587747,0.048713456658879294,0.12956638219911837,0.06314967046491801,0.3894820999354124,3.569229892949134e-05
880,0.004453836227946794,0.04888151382911019,0.12959217402967624,0.06314850971102715,0.3900100264698267,3.511175705587417e-05
881,0.004360846351676173,0.045156243670498954,0.12968220237162315,0.06319117676466704,0.3902047771960497,3.453580344153202e-05
882,0.004509718191263801,0.047139893716666846,0.13012383199238683,0.06328382021747529,0.3894356686621904,3.396444377089443e-05
883,0.004326374043489523,0.05010565466945991,0.12973147531738505,0.06315806042402983,0.3899817455559969,3.3397683683050696e-05
884,0.004367930304147194,0.04474060219363309,0.12947868726187153,0.06312851114198566,0.3896870117634535,3.283552877169389e-05
885,0.0042993313802526245,0.04497159157763235,0.13022628636972514,0.06330086514353753,0.3902540564537048,3.2277984585066264e-05
886,0.004358089441728908,0.04806168733048253,0.12964986574370413,0.06315961154177785,0.3900863707065582,3.172505662590376e-05
887,0.0043244673171670914,0.04886379043455236,0.12949463508703046,0.06307924827560782,0.3889632474631071,3.117675035138202e-05
888,0.004283219225646917,0.04319827817380428,0.12967259585348073,0.06317431344650686,0.38979180082678794,3.063307117306287e-05
889,0.004298531907960523,0.04679009771789424,0.12977380057564006,0.0631975251249969,0.389327809587121,3.009402445684008e-05
890,0.004237188363083533,0.04841137603507377,0.12955159637858743,0.06310517811216414,0.38876498155295847,2.9559615522887237e-05
891,0.0042222867399004825,0.04869750658981502,0.12993717703211588,0.06322000725194812,0.3898541420698166,2.902984964560464e-05
892,0.004267183393960749,0.04675656834151596,0.12953601541521492,0.06311471546068788,0.39008965231478215,2.8504732053567647e-05
893,0.004199672621149375,0.05119267118279822,0.12966671113827033,0.06315207406878472,0.38922908455133437,2.798426792947508e-05
894,0.004112605519037515,0.047835042624501514,0.12973794902281952,0.06321165757253766,0.38973733857274057,2.746846241009756e-05
895,0.0040397269492018495,0.044518939405679706,0.12939399200695334,0.0631095115095377,0.38982843309640886,2.6957320586227266e-05
896,0.004099867128519463,0.04470482405158691,0.1298547985876212,0.06323752775788308,0.3897011749446392,2.64508475026278e-05
897,0.004162947891870772,0.04515067643369548,0.12938359659965498,0.06309473365545273,0.3900254834443331,2.594904815798396e-05
898,0.004064894497287241,0.04707673653610982,0.1295195740982308,0.06316198804415762,0.39011400379240513,2.545192750485256e-05
899,0.004086847772703095,0.04754543954040855,0.12962774072875619,0.06316943396814167,0.3899876844137907,2.4959490449614016e-05
900,0.004056982566532951,0.04660397064872086,0.12961270062587574,0.06320113316178322,0.38942032493650913,2.4471741852423154e-05
901,0.003985739674766365,0.047174687392544004,0.1294831884886662,0.06312820464372634,0.38964549712836744,2.3988686527161662e-05
902,0.003992285722694078,0.048327879351563754,0.1294621286833717,0.06313771833665668,0.38944267593324183,2.351032924139055e-05
903,0.004006300876017122,0.04235670552588999,0.12980294271255843,0.06322241304442286,0.38950476199388506,2.3036674716303198e-05
904,0.0039970780568353344,0.04638526128837839,0.12971004803621328,0.06323706777766347,0.39016024135053157,2.256772762667845e-05
905,0.00390362519667633,0.0472295707964804,0.12960136686524493,0.06322456845082343,0.3898825585842133,2.2103492600834867e-05
906,0.00389597801233208,0.047419748111860824,0.12992803746892606,0.06329177510924637,0.3898104660212994,2.1643974220584656e-05
907,0.003909007863018133,0.04646438910276629,0.12985018833496725,0.06327132061123848,0.39016892202198505,2.1189177021188818e-05
908,0.0038810582758912913,0.04592046936741099,0.1297517470040475,0.0632689272519201,0.38989696055650713,2.0739105491312015e-05
909,0.0038492868895900756,0.0488705090014264,0.13001582855722518,0.06332110897637903,0.39016954191029074,2.029376407297855e-05
910,0.003794509074373309,0.044070711848326026,0.1293790545030788,0.0631520108319819,0.38949265591800214,1.9853157161528404e-05
911,0.0037887907794299735,0.04366030520759523,0.12992715388390935,0.0633180988021195,0.39004758670926093,1.9417289105573995e-05
912,0.0038033572230290248,0.04411307787522674,0.1295625937251316,0.06322218272835016,0.3894591975957155,1.898616420695703e-05
913,0.003822661911533487,0.046398242621216924,0.1298317306143872,0.06327774138189853,0.39019715078175066,1.8559786720706125e-05
914,0.0037249105940304617,0.04413993249763735,0.12960771526995812,0.06319542406126857,0.39014613777399065,1.8138160854995087e-05
915,0.0037800054484762313,0.04714804217801429,0.12964828965777997,0.06321616098284721,0.39011863991618156,1.772129077110096e-05
916,0.003690228447902655,0.04323211769806221,0.12945761201990535,0.06316883265972137,0.3897136814892292,1.7309180583363e-05
917,0.003656922624514891,0.04357333274674602,0.1299470056859718,0.06332580759190024,0.3896680634468794,1.690183435914255e-05
918,0.003684223092659522,0.046221506485017015,0.12974041613633744,0.06323189842514694,0.38931376673281193,1.6499256118782445e-05
919,0.003694810796622505,0.04681018218398094,0.12978995029989165,0.06325215506367385,0.38997915498912333,1.6101449835567274e-05
920,0.0036581143134014837,0.044290430581895635,0.129922937626543,0.06330694016069174,0.38966459333896636,1.570841943568441e-05
921,0.003653003976882019,0.04467347745085135,0.12988016343151684,0.06329142330214381,0.3899114191532135,1.532016879818532e-05
922,0.00364237858448746,0.045248331007314846,0.13005547503707932,0.06333873341791332,0.3897998068481684,1.493670175494705e-05
923,0.003621442974929323,0.046398887113900854,0.12984288288571405,0.06328255012631416,0.38976063653826715,1.4558022090634454e-05
924,0.0036026880379495196,0.04722235608496703,0.12961794393559103,0.06322760605253279,0.38957027457654475,1.4184133542662964e-05
925,0.003576011035784177,0.045171967253554615,0.1296843509277096,0.06324220946989953,0.3891816385090351,1.3815039801161674e-05
926,0.0035648580575696085,0.04761753809289075,0.1295331695888308,0.06318328091874718,0.3896730184555054,1.3450744508936696e-05
927,0.0035312128591954207,0.0461243967700284,0.13024263930128654,0.06340325423516333,0.39034698382019994,1.3091251261435578e-05
928,0.0035305825713123793,0.044067889254074545,0.13002292944438523,0.06335270889103413,0.3904274802654982,1.273656360671134e-05
929,0.0035136150146854563,0.0480259100208059,0.12994295360840624,0.06333026317879557,0.3897594839334488,1.2386685045388272e-05
930,0.0035158652545533185,0.04680362371727824,0.12978349845070625,0.06328840455971659,0.38955779783427713,1.20416190306263e-05
931,0.0034947285074110822,0.04366703751147725,0.12976081196393352,0.06325910463929177,0.38959026522934437,1.1701368968087673e-05
932,0.003488794152491437,0.04176084463833831,0.12985477898619138,0.06330007170327008,0.38981380090117457,1.1365938215903223e-05
933,0.003462395561575704,0.04548335841391236,0.12988744352478535,0.0633163804654032,0.38962584286928176,1.1035330084639103e-05
934,0.003457371532869047,0.04668937140959315,0.12983729065745137,0.0632999078836292,0.3900202788412571,1.0709547837263932e-05
935,0.00344190653846681,0.04594683115137741,0.12997962834051577,0.06331912870518863,0.3898180663585663,1.0388594689117037e-05
936,0.003432622597375712,0.04482640798669309,0.13001792499853765,0.06334534953348339,0.3897494781762362,1.0072473807876537e-05
937,0.003412373511355327,0.04395760428160429,0.1299013869065675,0.06330662239342928,0.3897309675812721,9.761188313527815e-06
938,0.003419269694711602,0.046581454400438815,0.12975866253254936,0.0632977671455592,0.3896736327558756,9.454741278332982e-06
939,0.003408807690652793,0.04483505666721612,0.12975093320274028,0.06327406163327395,0.3899014923721552,9.15313572680057e-06
940,0.003407530450573404,0.04479948107036762,0.1297877296761726,0.06328478157520294,0.38979802280664444,8.856374635655612e-06
941,0.00339637373145365,0.045715905138058587,0.1297334683855297,0.06329113133251667,0.38983546905219557,8.564460933810388e-06
942,0.0033916249924345722,0.04403429317171685,0.12977643341582734,0.06328619006089867,0.3899283140897751,8.277397502335114e-06
943,0.0033767346498564167,0.045776316797127944,0.12981980777403807,0.0632783018052578,0.389683598279953,7.995187174430129e-06
944,0.0033748952500843644,0.0442294706706889,0.12990770926553524,0.06332765226252376,0.3896039504557848,7.717832735397312e-06
945,0.0033681053674740726,0.04693564735352993,0.12981810527999188,0.06330591687001288,0.3897623371332884,7.445336922613044e-06
946,0.0033532212008253737,0.046457782585639505,0.12985740975418594,0.06328791710548103,0.38973656967282294,7.1777024255009545e-06
947,0.003347965128261876,0.04608437305432744,0.1299776349478634,0.06334841381758452,0.3897299636155367,6.91493188550555e-06
948,0.003345643500620099,0.04501650055753999,0.12984281544049736,0.06331656738184392,0.38961242586374284,6.657027896065961e-06
949,0.00333948682106211,0.04643071889877319,0.12982994642370613,0.0633158793207258,0.3899310275912285,6.4039930025904055e-06
950,0.0033305078788885114,0.04478616121341474,0.12985771097883117,0.06332191620022058,0.3899505868554115,6.1558297024311524e-06
951,0.00332281491022286,0.04381501240422949,0.12982030867860886,0.06331994449719787,0.38992427475750446,5.912540444859765e-06
952,0.0033225446238304814,0.044217085331911224,0.12987264643306845,0.06332122180610895,0.3897529974579811,5.6741276310430085e-06
953,0.0033207110619514423,0.044462406943785025,0.1297766010800842,0.06329967034980655,0.38960499577224256,5.440593614019091e-06
954,0.0033166037970090655,0.04176546660601162,0.12977916387171717,0.06329607712104916,0.3897381294518709,5.211940698674518e-06
955,0.0033076294313275413,0.04341077249264345,0.12986898623494197,0.06332968431524932,0.38990925885736943,4.9881711417212166e-06
956,0.003306778241284292,0.04219647436984815,0.12990945279743754,0.06332341907545924,0.38959465771913526,4.7692871516743914e-06
957,0.0033038073768238974,0.0455220882256981,0.12991349591175094,0.06333009069785475,0.38970291763544085,4.5552908888306516e-06
958,0.0032973635292023575,0.04248777335742489,0.12987210521969245,0.06330282459966838,0.3895892404019833,4.346184465246692e-06
959,0.0032940257353402556,0.04359614557470195,0.12993881458387477,0.0633209376130253,0.3896651566028595,4.141969944718592e-06
960,0.0032901637291729456,0.04446408089715988,0.12977147338096984,0.06329446630552411,0.3894699692726135,3.9426493427611055e-06
961,0.00328700859881792,0.0462727127422113,0.12987816781678702,0.06331802667118609,0.38972380943596363,3.748224626588125e-06
962,0.0032841987580070507,0.044228220416698605,0.12985619973478607,0.06331696999259293,0.389670080691576,3.5586977150931954e-06
963,0.003281460761110111,0.04559943136409857,0.1298414101009257,0.06331026656553149,0.38975947722792625,3.374070478830305e-06
964,0.003277664486665799,0.04519288971205242,0.12991677583777345,0.06333235460333526,0.3897370584309101,3.1943447399957925e-06
965,0.0032749881910035584,0.04449861257453449,0.12998413982568308,0.06335285166278481,0.38978392370045184,3.0195222724101375e-06
966,0.003270262988360173,0.04618041975772939,0.12991966257395687,0.06333294701762497,0.3897281982004642,2.8496048015005297e-06
967,0.003267860344806195,0.04331134299281984,0.12986875849455828,0.0633220026269555,0.3895886167883873,2.6845940042838276e-06
968,0.0032667607980442883,0.04354827533243224,0.12991689337650314,0.06333639351651073,0.3897422254085541,2.5244915093499056e-06
969,0.0032636442164516665,0.04501767875626683,0.12988087418343638,0.06332264789380133,0.3896118298172951,2.3692988968458324e-06
970,0.003262951546929571,0.043470407620770854,0.1298907689881162,0.06332955900579691,0.38973304219543936,2.2190176984599955e-06
971,0.0032618932596790275,0.0448950179037638,0.12981663488171763,0.06330766337923706,0.3896187856793404,2.0736493974071678e-06
972,0.0032562541092545417,0.047414255334297196,0.12989835620392115,0.06332878577522934,0.38974294252693653,1.9331954284137425e-06
973,0.003254881968496193,0.041815366048831494,0.1298965813461109,0.0633321322966367,0.3897457480430603,1.7976571777037994e-06
974,0.003254601263989798,0.04363868900691159,0.12986252417467767,0.06332371407188475,0.38975969329476357,1.6670359829850612e-06
975,0.003251976271155854,0.043926807929528876,0.12987569206597982,0.06332681300118566,0.38964167721569537,1.5413331334360138e-06
976,0.0032502985443613854,0.04581554443575442,0.129849578741414,0.06331487041898072,0.38961425945162775,1.420549869693029e-06
977,0.003247833385131571,0.04301924212486483,0.12989426378917415,0.06332703246735036,0.3897269912064075,1.3046873838381508e-06
978,0.003245770582361729,0.0424293881864287,0.1298978235485265,0.06332932193763555,0.38971557654440403,1.1937468193873833e-06
979,0.0032461410831444936,0.04452855460694991,0.12988572738540824,0.06332794297486544,0.3896535441279411,1.0877292712792555e-06
980,0.0032447648843003662,0.04545541921397671,0.12987138544849586,0.06332357134670019,0.38963198885321615,9.866357858642177e-07
981,0.0032451370258343103,0.04536057824734598,0.12991712398361416,0.06333578377962112,0.38975339122116565,8.904673608940958e-07
982,0.0032436384097877637,0.044315611966885625,0.12989532716892427,0.06333134053274989,0.3897137254476547,7.992249455124867e-07
983,0.003242526354381425,0.043515332700917495,0.12990284046391026,0.06333448137156665,0.3897123418748379,7.129094402450999e-07
984,0.0032420363393612208,0.045232066069729626,0.12990251820447157,0.06333528812974691,0.38972273021936416,6.315216969912644e-07
985,0.003240970892409223,0.04518540966673754,0.1298945075541269,0.06333439773879945,0.3897102911025286,5.550625190150466e-07
986,0.0032399744165502397,0.04517847303650342,0.1298869970240048,0.06333044022321702,0.38968444131314756,4.835326609376453e-07
987,0.0032394424147867084,0.04478333274018951,0.12986047627928202,0.06332224039360881,0.38961753994226456,4.1693282872995325e-07
988,0.003239180470984593,0.04492277789395303,0.1298734904266894,0.06332710091955959,0.3896306984126568,3.5526367970539657e-07
989,0.0032381895213177358,0.04395136758685112,0.12988640332769136,0.0633298450615257,0.38964675143361094,2.985258225135503e-07
990,0.003237673592218471,0.042407675873255356,0.1298788193598739,0.06332889054901898,0.3896409418433905,2.4671981713419924e-07
991,0.0032371006496759946,0.042838255711831155,0.12987782706622966,0.06332824621349573,0.38965078815817833,1.9984617487173113e-07
992,0.003236841321012207,0.04572017435566522,0.129894414600858,0.06333138360641896,0.3896682754158974,1.5790535835002957e-07
993,0.0032369164621172787,0.04710712765809148,0.12989014718768885,0.06333062308840454,0.3896682560443878,1.2089778150797776e-07
994,0.003236223317946951,0.0447120416618418,0.12988916301110293,0.06333013423718512,0.3896743722259998,8.88238095955171e-08
995,0.0032362994484742558,0.04598628493840806,0.1298968061892083,0.06333220298402012,0.3896627988666296,6.168375916970595e-08
996,0.003236079093039734,0.045230218122014776,0.12989465683349408,0.06333155217580497,0.3896708767861128,3.9477898091944e-08
997,0.003235908464256454,0.043936297961045055,0.12989255995198618,0.06333123217336833,0.3896708309650421,2.220644552508581e-08
998,0.003235873426797298,0.04597839891794138,0.12988895208982285,0.06333023919723928,0.38965937234461306,9.8695719314423e-09
999,0.003235763581562878,0.04570422518299892,0.12989049483730924,0.06333067724481226,0.38966757133603097,2.4673990708934305e-09
1000,0.003235758000738542,0.04543185888323933,0.12988947941339574,0.06333055407740176,0.38966204077005384,0.0
