epoch,train_mse,train_rel_l2,val_mse,val_mae,val_rel_l2,lr
1,0.9462978130155534,1.2324643161147832,0.7697318930877373,0.24017757289111613,1.3351261407136916,0.0009999975326009292
2,0.8782161221264687,1.1061868466436864,0.7581908036430832,0.21709979139268398,1.7079372882843018,0.0009999901304280684
3,0.9040032656448602,1.0395088460296393,0.7760847063967958,0.2112836353480816,0.9061178594827652,0.000999977793554475
4,0.8694140302839515,1.0570941489189862,0.6913805123302155,0.20277515482157468,0.9007420316338539,0.0009999605221019082
5,0.671721116651679,0.8608087433502079,0.5052467764064204,0.1789629747159779,0.7600257903337478,0.0009999383162408303
6,0.6066981063566346,0.8429339235648513,0.5997172535688151,0.1903300772421062,0.7954604893922805,0.0009999111761904045
7,0.5854324090396403,0.79893729519099,0.47132591412519104,0.17497562086209656,0.733583265542984,0.000999879102218492
8,0.49693622699669504,0.7137810671702027,0.43763849276001565,0.17532190470956266,0.7152726531028748,0.00099984209464165
9,0.4746320687074331,0.7281146017834544,0.46068403995013796,0.17909056674689056,0.711356920003891,0.000999800153825128
10,0.4660876257068594,0.7094308417290449,0.38939681819465477,0.16669743289239705,0.6760825768113137,0.0009997532801828656
11,0.43518723575743934,0.65534174060449,0.4691061883466318,0.1744653453119099,0.7340640962123871,0.0009997014741774863
12,0.4525161460140225,0.6978922557085753,0.45592261956771835,0.17197808232158424,0.7071129843592644,0.0009996447363202945
13,0.4373636291460571,0.6735823625698686,0.3672259810118703,0.1636033684015274,0.6555942535400391,0.00099958306717127
14,0.4108300771804352,0.6497729942202568,0.36466168485349043,0.1650110245682299,0.6578740671277046,0.0009995164673390624
15,0.42025571305021003,0.6563712533563375,0.3544938518345589,0.16470674984157085,0.6450327157974243,0.0009994449374809851
16,0.40424179876281413,0.6453299527987838,0.37375930523849094,0.16729726884514093,0.6572282448410988,0.0009993684783030088
17,0.38973719965215425,0.6271952638402581,0.3810346839367412,0.16635877396911383,0.6726480290293694,0.0009992870905597548
18,0.3671837970861816,0.6119168970733881,0.3457581251132069,0.16034288881346584,0.6481864973902702,0.0009992007750544874
19,0.35905022825572813,0.6187784729525447,0.30361675076710526,0.157783480361104,0.6299326717853546,0.0009991095326391058
20,0.35363706887401347,0.6156893385574221,0.29608510752441364,0.15880170967429877,0.6176051884889603,0.0009990133642141356
21,0.33676990993844813,0.6126644926145672,0.32400561464601196,0.16657104566693307,0.6414983838796615,0.0009989122707287207
22,0.3648829693407606,0.6310720849782229,0.2969778618193232,0.1543952517211437,0.6049070745706558,0.0009988062531806124
23,0.3354779676015823,0.5902924345806241,0.30607631633465643,0.15480868411250412,0.6197882339358329,0.0009986953126161617
24,0.30758140473499224,0.5762013372033834,0.2888372078043176,0.15169868571683764,0.598129241168499,0.0009985794501303066
25,0.31977503984762734,0.582990812882781,0.3236457415478071,0.15540826292708515,0.6254980444908143,0.0009984586668665637
26,0.3040127557276719,0.5697559859603644,0.2699646409309935,0.1533796623814851,0.5933165058493615,0.0009983329640170144
27,0.29882477057581125,0.5729065574705601,0.26839059552003164,0.15083193685859442,0.5770696192979813,0.0009982023428222956
28,0.28082341442932374,0.5652398379519582,0.25060994415835014,0.14897505585104226,0.57479457706213,0.0009980668045715857
29,0.2734081862177845,0.5615880465134978,0.2663610551768215,0.1475325318519026,0.5730666533112526,0.0009979263506025922
30,0.2641556639518967,0.5412109717726707,0.2347121786675416,0.14427699064835905,0.5586518153548241,0.0009977809823015393
31,0.2576223061141718,0.5506919113919139,0.2595488322083838,0.15461484147235752,0.5681167662143707,0.0009976307011031536
32,0.25251020628984405,0.5343007873743773,0.23858092754089738,0.14433163930661977,0.5567557498812675,0.0009974755084906496
33,0.25443762706599954,0.5474978011101485,0.22295249992748722,0.1536044716835022,0.5677123919129372,0.0009973154059957155
34,0.24607006433652714,0.5416304027661681,0.2136027639004169,0.1439515865407884,0.5424736410379409,0.0009971503951984987
35,0.22464167324960727,0.5193350981920958,0.20825543217360973,0.1392069472465664,0.5286151677370071,0.0009969804777275892
36,0.22858234673221886,0.511325922049582,0.2137784741818905,0.14286350226029754,0.5476967737078666,0.0009968056552600035
37,0.2241739687124209,0.5180622406303883,0.20816518228093628,0.14219879619777204,0.5315491884946824,0.000996625929521169
38,0.22588521002035122,0.5073793236166239,0.2367553908174159,0.14404448647983373,0.5502431228756904,0.0009964413022849061
39,0.21666687248252856,0.5121525046415627,0.24125767410441767,0.14619189552031459,0.5459695026278496,0.0009962517753734112
40,0.21443688394138008,0.5137400726787746,0.20176136748923454,0.1369302468840033,0.5195696666836739,0.0009960573506572383
41,0.2205957509457221,0.5078034825623036,0.20375420977943576,0.1365304275415838,0.5182358220219612,0.0009958580300552808
42,0.21313397010617335,0.4994698873721063,0.2039506491360953,0.13726623645052313,0.5251160278916359,0.0009956538155347526
43,0.20752677183336346,0.47862043846398594,0.1880556367483223,0.13180602500215172,0.5104192778468132,0.0009954447091111687
44,0.2064268665799318,0.5105003574863076,0.21495736487559042,0.13971696915104986,0.534789901971817,0.0009952307128483248
45,0.19830890661032755,0.49020606763660907,0.18381767665268853,0.13141974033787845,0.5088097497820854,0.000995011828858278
46,0.19380295307892084,0.493868269957602,0.24499603060539812,0.14302656296640634,0.5518408045172691,0.0009947880593013246
47,0.19946217397118743,0.4829209500923753,0.1934774706402095,0.13056630734354258,0.5079014889895916,0.00099455940638598
48,0.18916766070869925,0.49068236295133827,0.1730588084552437,0.127782111056149,0.49454825893044474,0.0009943258723689563
49,0.17902989918147796,0.47269866624847057,0.20903463802824263,0.13632368268445133,0.5157435864210129,0.0009940874595551397
50,0.18240660187220784,0.48463798249140383,0.2104893728683237,0.14366343561559916,0.5259694278240203,0.0009938441702975682
51,0.17725901918165618,0.47712080823257563,0.1827239461359568,0.1332123233936727,0.5093547664582729,0.000993596006997409
52,0.17793815403347252,0.46822087997570633,0.1926429660175927,0.13369757747277616,0.5085687294602395,0.0009933429721039333
53,0.18193154449181748,0.4790667830966413,0.17592078450543341,0.12817438752390445,0.4929099678993225,0.0009930850681144938
54,0.1758749668719247,0.4678371477872133,0.1816459343943279,0.12920937342569233,0.49480986073613165,0.0009928222975744982
55,0.17191950463056854,0.45408942494541404,0.17962014320655725,0.12811599536798896,0.49062531590461733,0.000992554663077386
56,0.17342109473647724,0.47173555521294475,0.18103561973548493,0.128963874746114,0.49580802023410797,0.0009922821672646018
57,0.19542003460119303,0.4836025845259428,0.23766439261380584,0.13708457485772668,0.5420719757676125,0.0009920048128255691
58,0.18433439423606615,0.4680208470672369,0.17836205163621344,0.12803563345223665,0.4903717964887619,0.0009917226024976642
59,0.17396831556725373,0.4693091713823378,0.17931011506880168,0.12735293353907765,0.49193692207336426,0.0009914355390661888
60,0.18211503354605157,0.4526065978221595,0.17879146004270297,0.12658441690728067,0.4906571015715599,0.0009911436253643437
61,0.17059651504496287,0.4754083122126758,0.1775970340502681,0.12903636139817537,0.5003331936895847,0.0009908468642731987
62,0.1627076202468743,0.46063599521294235,0.18416430586075877,0.1285954703576863,0.4921855665743351,0.0009905452587216663
63,0.17268458943799486,0.4581785541959107,0.1806017473922111,0.13475285163149237,0.49586130008101464,0.0009902388116864716
64,0.1698157152879503,0.462194605730474,0.1640010001778137,0.12302784072235226,0.4777696251869202,0.0009899275261921227
65,0.15870732220282663,0.4581076529808342,0.1650977538229199,0.1262634266167879,0.4837440840899944,0.0009896114053108821
66,0.15840490818518446,0.4518870593048632,0.16333227591239846,0.12103873738087714,0.47704212069511415,0.0009892904521627353
67,0.15745672304437902,0.4468630853109062,0.16727065263548865,0.12407890306785703,0.4799817018210888,0.0009889646699153601
68,0.1577646612564422,0.4460424453020096,0.1698798543016892,0.1246600853279233,0.48366390690207484,0.0009886340617840958
69,0.15770252849561076,0.4435331811197102,0.1597598982130876,0.11955684386193752,0.4719570554792881,0.0009882986310319113
70,0.14954245887875003,0.43517255717888476,0.16667801544244867,0.12379723293706775,0.48265631645917895,0.0009879583809693727
71,0.1574334453940537,0.4452575332485139,0.16264898265362718,0.12188801420852542,0.4744502864778042,0.0009876133149546106
72,0.14770944526771929,0.425690283626318,0.16375766037672293,0.12199406391009689,0.48094443455338476,0.0009872634363932876
73,0.15777573310915613,0.4586661388166249,0.18209056933119427,0.13575275326147676,0.5024581864476204,0.0009869087487385634
74,0.14772171966615133,0.44272980485111474,0.16400868142663966,0.12455933801829815,0.4754176400601864,0.0009865492554910623
75,0.14831000399681216,0.43319341018795965,0.1722389254748123,0.1272251345217228,0.4938472777605057,0.0009861849601988373
76,0.14686244320655534,0.44367378056049345,0.16272792184026913,0.12025041002780198,0.46936958730220796,0.000985815866457336
77,0.1513159984457161,0.43441621530801056,0.17009933196532073,0.12302940282970667,0.4813250035047531,0.0009854419779093645
78,0.1582820168870967,0.4451111163944006,0.16053077985998243,0.12017702469602227,0.4747954525053501,0.000985063298245052
79,0.15527103282747703,0.4325055003166199,0.16290812679508235,0.12132585844956338,0.4686257041990757,0.0009846798312018136
80,0.13863460029988345,0.4181751715950668,0.16409329005109613,0.12253784588538111,0.46742007583379747,0.0009842915805643145
81,0.1400032037156052,0.4222650328651071,0.17810267182067036,0.12544595692306756,0.4855282388627529,0.0009838985501644318
82,0.14398781063027855,0.42861454505473373,0.15840843566984403,0.11881404798477888,0.4651476159691811,0.0009835007438812166
83,0.1439673830605898,0.4283907047472894,0.15230780366400723,0.11746486341580749,0.4658787213265896,0.0009830981656408565
84,0.13424858332273287,0.4154923241585493,0.15757863417966292,0.12096789707429707,0.4714191250503063,0.0009826908194166361
85,0.14559656936544343,0.4241742890328169,0.1626517811353551,0.12243110011331737,0.47449961602687835,0.000982278709228898
86,0.13954157703210512,0.4277071408927441,0.1608614422089886,0.11835338175296783,0.46852545738220214,0.000981861839145004
87,0.1424119120807518,0.4332009058445692,0.16081605827785098,0.11910773837007582,0.46916515603661535,0.000981440213279293
88,0.1476407504083909,0.43528462657704947,0.16556542546022684,0.12342905015684665,0.46841930523514747,0.000981013835793042
89,0.13980912623192127,0.42627077559009197,0.16841865849564783,0.12502929251641035,0.4699486218392849,0.000980582710894425
90,0.13913044517230447,0.4274190552532673,0.16037595837551635,0.11848896970041096,0.47210480868816374,0.0009801468428384706
91,0.14200264284954756,0.4242007709108293,0.1572354139323579,0.11810009614564479,0.4561697952449322,0.0009797062359270204
92,0.1505439624448627,0.4338952018879354,0.1767989377665799,0.12161082262173295,0.47748339027166364,0.000979260894508687
93,0.1441050043951691,0.42618789039552213,0.15610375369142276,0.12162171928212047,0.4749399468302727,0.0009788108229788102
94,0.14014707414517033,0.4357818767428398,0.17390228680160363,0.12407363369129598,0.4866932637989521,0.0009783560257794143
95,0.13666856838617605,0.4172198034822941,0.15784757648070807,0.11836477345786989,0.458818931132555,0.000977896507399164
96,0.13244402468617408,0.4142535622231662,0.15256965829175897,0.12021074378862977,0.4713645502924919,0.0009774322723733204
97,0.12866473638350726,0.42700640447437765,0.14951712477050022,0.11372257843613624,0.4546547055244446,0.0009769633252836956
98,0.1372502022271874,0.4128741268068552,0.1631432184687583,0.12057682061567902,0.4678425550460815,0.0009764896707586083
99,0.1336365885730629,0.409930061083287,0.15183472733478992,0.12008960135281085,0.4585194930434227,0.0009760113134728371
100,0.13052466537592408,0.4151910744607449,0.1656972200697055,0.126793753542006,0.46767657697200776,0.0009755282581475756
101,0.13334379030820856,0.41252947840839627,0.24869082027871628,0.12822711309418083,0.5096926458179951,0.0009750405095503846
102,0.1505238177918727,0.4350591661408544,0.14914020465948852,0.11575130792334676,0.44982132092118265,0.0009745480724951461
103,0.140023430817746,0.41325331181287767,0.15002105584135278,0.11706373142078519,0.4484154529869556,0.0009740509518420147
104,0.13204523957501807,0.4153287916444242,0.15444859787530732,0.116633595013991,0.453787362575531,0.0009735491524973707
105,0.12634975335840865,0.4087810892611742,0.17705876437248663,0.12902244059368967,0.47269208133220675,0.0009730426794137714
106,0.13270131841309193,0.41945989793166516,0.15255602603137958,0.11767788100987672,0.4573271095752716,0.0009725315375899012
107,0.12987351999890961,0.4085949731990695,0.15252670967311133,0.11766110775060952,0.4474156126379967,0.0009720157320705237
108,0.12886031039506635,0.4069733081385493,0.1569063831208041,0.11964685954153538,0.4530325084924698,0.0009714952679464311
109,0.12706306741929438,0.4029948041774333,0.14848099179798738,0.11394429225474596,0.4449312172830105,0.000970970150354394
110,0.138870091273202,0.43754616687074305,0.1539798282494303,0.11695143920369447,0.4493118479847908,0.0009704403844771115
111,0.12745893264655023,0.40618951749056575,0.1453239182534162,0.11428854446858168,0.4413799084722996,0.0009699059755431586
112,0.12825952303519444,0.39998206878080966,0.15091951349168084,0.11444682260043919,0.44391710981726645,0.0009693669288269359
113,0.12358346976434405,0.4081525417044759,0.16163157462433447,0.11783524411730469,0.4617454208433628,0.0009688232496486166
114,0.1337292218950097,0.41442658081650735,0.15175428309012204,0.11422749278135598,0.4511351674795151,0.0009682749433740951
115,0.12414548628221382,0.40590927805751564,0.18220590788987465,0.12509844731539488,0.47450801357626915,0.0009677220154149325
116,0.13722964368880639,0.41085354713723066,0.15144780872797128,0.1184189161285758,0.4541877813637257,0.0009671644712283048
117,0.1306173499640863,0.418203033041209,0.15382143962779082,0.117829426843673,0.4459751881659031,0.000966602316316948
118,0.12192705578409005,0.3929288021288812,0.15380191282893066,0.11513360715471208,0.44384327307343485,0.0009660355562291042
119,0.12116247883477627,0.39583985786885023,0.15111168237635866,0.1154310975689441,0.4444261692464352,0.0009654641965584666
120,0.125621066604981,0.3993486609309912,0.1791434193015448,0.11586983995512128,0.450757272541523,0.0009648882429441245
121,0.12775871953563184,0.38161296201869843,0.15436328809300903,0.11914213648997247,0.44876339435577395,0.0009643077010705074
122,0.1266326780892996,0.3954612762667239,0.1606721269985428,0.12146046087145805,0.46014532297849653,0.0009637225766673293
123,0.12282899734000238,0.38646251764148476,0.1435301675563096,0.11080853259190918,0.4358288608491421,0.000963132875509532
124,0.1286983372781833,0.3975696060806513,0.1475967188103823,0.11175401816144585,0.4384979590773582,0.0009625386034172276
125,0.1182030344123632,0.3941829640418291,0.14585080445394852,0.11460942011326551,0.43806386068463327,0.000961939766255642
126,0.12144920584287319,0.38920750459656117,0.14475718316825806,0.11330821053124965,0.4404151029884815,0.0009613363699350561
127,0.12780670561078294,0.3976430153474212,0.1457974414268392,0.11408007987774908,0.443005957454443,0.0009607284204107479
128,0.12583901831476396,0.3979052284732461,0.15848295984906144,0.11590831521898508,0.44132054075598715,0.0009601159236829338
129,0.11712763887753681,0.385448688454926,0.14953585070907138,0.1145335990935564,0.45163987055420873,0.0009594988857967092
130,0.11807758348968492,0.3940254557877779,0.1519746510661207,0.11438971008174122,0.44684184417128564,0.0009588773128419891
131,0.12380113394137879,0.39882527804002166,0.14664822925406043,0.1117021193727851,0.4381921276450157,0.0009582512109534474
132,0.11891211960828514,0.39750592252239586,0.1459014762629522,0.11811322895810009,0.4397897236049175,0.0009576205863104573
133,0.1250071233009294,0.41033468684181573,0.1471617452247301,0.11454502246342599,0.4426280714571476,0.0009569854451370291
134,0.11959672709417646,0.4011270981281996,0.15302765226660994,0.1180549344047904,0.4403993174433708,0.00095634579370175
135,0.1249330584985728,0.3977405304089189,0.15385974358359816,0.11732548903673887,0.4408655412495136,0.0009557016383177212
136,0.11571878598060721,0.3857454342767596,0.1546197045361623,0.11727287182584405,0.44228675588965416,0.0009550529853424964
137,0.11672906191997753,0.3871487306430936,0.1401567398046609,0.11182888653129339,0.4409409075975418,0.0009543998411780187
138,0.11494457074322781,0.39184436108917,0.14846055043162779,0.1120105991140008,0.4312390863895416,0.000953742212270557
139,0.11770096935779292,0.3839344266802073,0.14472644632623996,0.11626950576901436,0.43155499175190926,0.0009530801051106435
140,0.11496512858075221,0.3874408659525216,0.14208163634466472,0.11294482043012977,0.4298257760703564,0.0009524135262330084
141,0.12064665666166548,0.3987592726945877,0.1447646067768801,0.1114652834367007,0.4351538337767124,0.0009517424822165161
142,0.11453088487460264,0.40384717462584374,0.14422778682346687,0.11098146117292344,0.42795076966285706,0.0009510669796841
143,0.1156044541110532,0.3838024305179715,0.14705077456892468,0.11258222926408053,0.44520711749792097,0.0009503870253026977
144,0.11810806314642833,0.382776346616447,0.14866342420573347,0.11580340159125627,0.442862518876791,0.0009497026257831842
145,0.1263676135001333,0.39385918602347375,0.15191425969242117,0.1149755157995969,0.4395575441420078,0.0009490137878803065
146,0.1209087973295027,0.39450000748038294,0.16047137904679404,0.11900716945528984,0.4578022927045822,0.0009483205183926168
147,0.11972298292421328,0.3905258341692388,0.1437979651527712,0.11108446377329528,0.4327173516154289,0.0009476228241624046
148,0.11371369832086202,0.3714988456107676,0.1393354404324782,0.11044792006723583,0.42550850138068197,0.0009469207120756306
149,0.11995024811758412,0.38231908576563,0.1565368141309591,0.11545998104847968,0.44056741446256636,0.0009462141890618578
150,0.12088368171152979,0.38532101158052684,0.15208345619466854,0.11475558835081756,0.43530953079462054,0.0009455032620941827
151,0.114543855181455,0.380874427780509,0.14572040992352414,0.11138853295706212,0.43088273108005526,0.0009447879381891678
152,0.1128909835964805,0.37539158659055827,0.15668809605995193,0.11126728388480842,0.43148012831807137,0.000944068224406771
153,0.1209333727687408,0.38059415938332675,0.14164993138983845,0.11044405619613826,0.4263937160372734,0.0009433441278502771
154,0.10634273496798415,0.3726009471341968,0.1578483370161848,0.11265801964327693,0.43232148662209513,0.0009426156556662263
155,0.1161829051168752,0.3860729726031423,0.14672751657635671,0.11084421826526522,0.43028629422187803,0.0009418828150443455
156,0.12040995136521815,0.37677758606150746,0.14412414840626298,0.11138247977942228,0.42757220938801765,0.0009411456132174754
157,0.1285760225760896,0.39847364788874984,0.1477544625144219,0.11009432822465896,0.4316647119820118,0.0009404040574615006
158,0.11188360142150486,0.373973298817873,0.14655472041195025,0.1114963956642896,0.42597899213433266,0.0009396581550952768
159,0.1171087546617855,0.378057099878788,0.14407856291218196,0.11298708780668676,0.4308633737266064,0.0009389079134805596
160,0.1138834876997862,0.37417389927431943,0.1475764487142442,0.11424004607833922,0.4315792270004749,0.0009381533400219305
161,0.11395730754993565,0.3867846677079797,0.14370821418560809,0.1130964889191091,0.4284985810518265,0.0009373944421667251
162,0.11981713739642146,0.40158543530851604,0.15428308727568946,0.11244353568181395,0.43926080614328383,0.0009366312274049588
163,0.11385994469619617,0.3805956743657589,0.15673991837393259,0.11806093454360962,0.4383058726787567,0.0009358637032692533
164,0.11552892803138093,0.37944692056626084,0.14508143639104673,0.1104516439139843,0.4340782254934311,0.0009350918773347616
165,0.1135116599538378,0.36943361088633536,0.14302999646315584,0.11038282494992017,0.4225491777062416,0.0009343157572190944
166,0.1115438994804208,0.3603345427662134,0.14095383403328016,0.10961978104896844,0.4226611241698265,0.0009335353505822438
167,0.11373169697753838,0.3716715072281659,0.1422812999764574,0.11216315701603889,0.4264293983578682,0.0009327506651265082
168,0.11789700344952507,0.3763736065477133,0.15725905371218687,0.11508554234169424,0.4301081821322441,0.0009319617085964164
169,0.11279214936002972,0.3697982718236744,0.14042242990690285,0.11169787552207708,0.42630513310432433,0.0009311684887786508
170,0.11216218005729388,0.3752571864053607,0.1627301052911207,0.11990697542205453,0.4429181680083275,0.0009303710135019706
171,0.10581637390696415,0.38178269369527695,0.1508454596347292,0.11286245663650334,0.4338804967701435,0.000929569290637135
172,0.11012885077834653,0.3652411284856498,0.14291601345466914,0.11000929200090467,0.4241612672805786,0.000928763328096825
173,0.10654266858109622,0.36833997536450624,0.15306310405867407,0.11193577446974814,0.43131556138396265,0.0009279531338355654
174,0.10955697926392531,0.3824906340800226,0.1513233336620033,0.11220941874198616,0.42934149131178856,0.0009271387158496464
175,0.10732629740477932,0.37487748665735127,0.14756295905681327,0.11117045907303691,0.4307704858481884,0.0009263200821770449
176,0.10981610001181252,0.36658878019079566,0.13954223421169445,0.11382413748651743,0.42798756882548333,0.0009254972408973448
177,0.1114926430322157,0.37950962111353875,0.1437332777597476,0.10962158390320838,0.42498315721750257,0.000924670200131657
178,0.11139375120856129,0.37220307337120173,0.15116303574759513,0.11475683320313693,0.4278256565332413,0.0009238389680425404
179,0.11430054034153728,0.384018889721483,0.16580777047784068,0.1136483290232718,0.4464349947869778,0.0009230035528339198
180,0.11006415179745091,0.3712667625397444,0.14915285353636137,0.11088159219361841,0.4253788352012634,0.0009221639627510063
181,0.10814206106097117,0.364569746516645,0.14821782099024858,0.11018088539130985,0.42945366948843,0.000921320206080215
182,0.11386075508999056,0.38012806670740246,0.15650787708873395,0.11542619969695807,0.42963046953082085,0.0009204722911490834
183,0.11218331760883302,0.4017022026702762,0.15414394187391736,0.11647547986358404,0.43889620155096054,0.0009196202263261897
184,0.10986743519533775,0.3728184376843274,0.1449323145498056,0.11169999428093433,0.42305732145905495,0.0009187640200210698
185,0.1052382461977686,0.3638784417882562,0.14410884286335204,0.10978118176572024,0.42169324979186057,0.000917903680684134
186,0.10435307986936096,0.36459798803552984,0.15249930121208308,0.11344702304340899,0.4280007161200047,0.0009170392168065844
187,0.107228270982705,0.36656741993501785,0.16318227717129047,0.11751935258507729,0.42930007055401803,0.0009161706369203305
188,0.10682231504142692,0.3728085782378912,0.14150347748945932,0.11093686786480247,0.42021294236183165,0.0009152979495979051
189,0.10426457578923873,0.3514642123132944,0.14244356683338993,0.10955576761625707,0.420231494307518,0.0009144211634523797
190,0.10748690366799565,0.37220564279705287,0.135489041270921,0.10700489412993193,0.4135205000638962,0.0009135402871372796
191,0.10721319689837401,0.3640897518955171,0.142560110463819,0.10758025152608752,0.4203738898038864,0.0009126553293464986
192,0.10374538545529503,0.3664631831459701,0.14758954475983047,0.11251309285871684,0.4260710895061493,0.0009117662988142125
193,0.1092320341282175,0.37728021582588556,0.13775824401236605,0.10924735069274902,0.4210745871067047,0.0009108732043147939
194,0.10412508362960579,0.3656002634204924,0.1439007407068857,0.10996231362223625,0.4181902289390564,0.000909976054662725
195,0.10694658687698393,0.362586688157171,0.14102356794464868,0.10678166281431914,0.41920511722564696,0.0009090748587125104
196,0.1064016546253697,0.371047898940742,0.14780527003749738,0.11012239744886756,0.41837635561823844,0.0009081696253585908
197,0.10730433145245115,0.3592249414883554,0.1455119443795411,0.11398839112371206,0.4273745514452457,0.0009072603635352535
198,0.10665057826818156,0.36813754215836525,0.1453491852618754,0.10871335258707404,0.42008268684148786,0.0009063470822165457
199,0.10635574967727734,0.36408618008717897,0.14115434196137358,0.10776274716481567,0.4153448432683945,0.0009054297904161855
200,0.10903242049789696,0.3622148698195815,0.1406166283180937,0.10767046576365828,0.41716656759381293,0.0009045084971874724
201,0.10147466986582003,0.3561858261935413,0.1489174809321412,0.11034686788916588,0.41931650415062904,0.0009035832116231988
202,0.10743066451877895,0.3575565882027149,0.1487460755990469,0.10892192376777529,0.4203233696520329,0.0009026539428555596
203,0.10356228417904276,0.3525464310310781,0.14644745582918403,0.11109900157898664,0.4186583399772644,0.0009017207000560626
204,0.10213485864796894,0.3484758879989386,0.141215040005045,0.10973618999123573,0.4229508459568024,0.000900783492435437
205,0.10680869677571536,0.36613917369395493,0.14796050984587056,0.1160950331017375,0.4261485755443573,0.0008998423292435441
206,0.10485156642171205,0.3629455623216927,0.13567334729596042,0.10677745123393834,0.42009287104010584,0.0008988972197692842
207,0.10618666223799664,0.3538487826474011,0.14681683725939365,0.10859092269092799,0.41731712147593497,0.0008979481733405066
208,0.10126452136073567,0.3680989513173699,0.14587971881846898,0.1100193683989346,0.422470011562109,0.0008969951993239164
209,0.10482168863227344,0.36579897105693815,0.14726748758694158,0.10980583443306387,0.42442652210593224,0.0008960383071249824
210,0.10531961094802682,0.357714672293514,0.14386471517791505,0.11101377992890775,0.41882909908890725,0.0008950775061878439
211,0.10466340682551163,0.36223139632493256,0.13574550314806402,0.10832266095094382,0.4163899883627892,0.0008941128059952187
212,0.09549540150455868,0.3460775195620954,0.13885098546306834,0.10718615418300033,0.41197903379797934,0.0008931442160683081
213,0.10078615121637995,0.35819607609882953,0.14248921782855178,0.11023702695965767,0.4182889096438885,0.0008921717459667036
214,0.10182290138363896,0.358725733589381,0.14379992588364984,0.11022450770251453,0.4133556582033634,0.0008911954052882926
215,0.10100536051231757,0.3594449031166732,0.1405138710179017,0.1075056801084429,0.41971336379647256,0.0008902152036691634
216,0.10181116551730156,0.363727958407253,0.14136031311791158,0.10725212167017162,0.411121366918087,0.0008892311507835103
217,0.10119212853833233,0.3534368069842458,0.1445325130756828,0.10813804124481977,0.4118417985737324,0.0008882432563435378
218,0.11046856385328283,0.36163878263905647,0.14528757094958564,0.11174769983626902,0.4177709974348545,0.0008872515300993655
219,0.10460132995667663,0.3574038600549102,0.1521990208886564,0.11501809651963413,0.4261928372085094,0.0008862559818389307
220,0.10342757663320298,0.36031000493094323,0.13175232081121066,0.10566689358092844,0.4038823075592518,0.0008852566213878929
221,0.098446282839177,0.36015435988083483,0.1474817233873182,0.11002455744892359,0.42271059304475783,0.0008842534586095366
222,0.10374892528070631,0.3514010551385581,0.13445191616483498,0.10547275259159505,0.4091934561729431,0.0008832465034046733
223,0.1022689160086884,0.36104434630833565,0.1362519680929836,0.10665702694095672,0.40257090553641317,0.0008822357657115442
224,0.09896560278284597,0.3487877366133034,0.14421734843490414,0.10817702133208514,0.41559791266918183,0.0008812212555057223
225,0.09890002903630375,0.351831353828311,0.1424458017500001,0.10831023030914366,0.4109467908740044,0.000880202982800014
226,0.09834528551664334,0.3507861500605941,0.13567208658787422,0.10775238121859729,0.4140307277441025,0.0008791809576443595
227,0.0996675054343541,0.3620925839059055,0.14153130716731538,0.1094651382882148,0.4155843146145344,0.0008781551901257345
228,0.10451998464031931,0.3586880566552281,0.13950072726001964,0.10823058309033513,0.4146920882165432,0.0008771256903680505
229,0.09943855329975122,0.3454863808117807,0.14599376931146252,0.11063502267934382,0.4170707866549492,0.0008760924685320542
230,0.10034499996763771,0.35724631445482374,0.134678322605032,0.10537033854052424,0.406671754270792,0.0008750555348152283
231,0.10263375629638176,0.3556194746401161,0.14531996401783545,0.1073601711075753,0.4139568813145161,0.0008740148994516897
232,0.10076018037907489,0.3446850855834782,0.14405009864713064,0.10861977054737508,0.4186054728925228,0.0008729705727120896
233,0.10483536636857024,0.35604132441803815,0.13790405443724013,0.10833765435963869,0.42068239748477937,0.000871922564903511
234,0.10121157928897447,0.3554478703066707,0.14344057366106427,0.1084638164844364,0.41377396881580353,0.0008708708863693681
235,0.1040581689296232,0.3598207741044462,0.14376631040504434,0.10963832694105805,0.4236427016556263,0.0008698155474893034
236,0.10372416899617747,0.3509135453030467,0.14611134500883055,0.1090652004815638,0.4132955573499203,0.0008687565586790856
237,0.1008480027270707,0.3537285535596311,0.13902017596992663,0.10626062043011189,0.41122281178832054,0.0008676939303905066
238,0.09972502708860702,0.3516821605153382,0.1501077627617633,0.11083985301665962,0.40987984016537665,0.0008666276731112787
239,0.10405676514728839,0.35540466886013744,0.14113952780608088,0.10770904957316815,0.4112706989049911,0.0008655577973649307
240,0.0961239367707094,0.351512441970408,0.14275585070136004,0.10718035041354597,0.4120679311454296,0.0008644843137107043
241,0.09687686878578461,0.3474585100077093,0.1453202353484812,0.1085978664457798,0.41578123942017553,0.00086340723274345
242,0.10014470935966528,0.3542979948222637,0.13551122991775627,0.1056956541724503,0.40593350157141683,0.000862326565093522
243,0.09942388463350653,0.3476569407619536,0.14321839951298898,0.10945123531855643,0.4109875656664371,0.0008612423214266735
244,0.1006475795264123,0.35390252699144187,0.14040515115775634,0.10626218598335982,0.40915209949016573,0.000860154512443952
245,0.09990178372845548,0.34770395457744596,0.12770979853521566,0.10432384135201574,0.40265723690390587,0.000859063148881593
246,0.09831320672738002,0.33992533166892824,0.14772511783667142,0.10915682702325284,0.42097740471363065,0.0008579682415109142
247,0.10207492063491372,0.34579684026539326,0.1492931047192542,0.10954088047146797,0.4164718449115753,0.0008568698011382094
248,0.09869351658599043,0.3628779741935432,0.14662280097982147,0.1096225157380104,0.413290436565876,0.0008557678386046416
249,0.09644414347831116,0.3622118137776852,0.14457150715752504,0.10780476774089039,0.41584527865052223,0.0008546623647861356
250,0.09524622571193504,0.3453514534048736,0.14866103270469466,0.10893424758687616,0.412479155510664,0.0008535533905932725
251,0.09339855701928172,0.34813464134931565,0.13683651186729548,0.10721966442652046,0.4092358335852623,0.0008524409269711795
252,0.09700245411659125,0.3405290996655822,0.143593935444369,0.1064808757044375,0.40684968456625936,0.0008513249848994234
253,0.09549637143836662,0.34237419720739126,0.14346022912213813,0.10913888216018677,0.41196165755391123,0.0008502055753919019
254,0.09611412344747805,0.33592890528962016,0.1452948469974217,0.10958371022716165,0.4130877695977688,0.0008490827094967352
255,0.09891653771019264,0.3428694379515946,0.13450341827992815,0.10560848331078887,0.4057094149291515,0.0008479563982961559
256,0.0932858680091158,0.34389739581383766,0.14788291949225824,0.10748820588923991,0.41362074092030526,0.0008468266529064013
257,0.10186872077301815,0.3534322565421462,0.14601242454809835,0.10811508507467807,0.4155207432806492,0.000845693484477602
258,0.10112538445009704,0.3476488013751805,0.1410006449339562,0.10432931743562221,0.40630670413374903,0.0008445569041936732
259,0.09884733752205647,0.3527376833371818,0.14762661153363296,0.11150923338718713,0.4145734615623951,0.0008434169232722031
260,0.09784600919701916,0.34223773260600865,0.14597870389115997,0.11128919436596334,0.423459455370903,0.0008422735529643433
261,0.09586041202819615,0.347571303229779,0.14524596094415756,0.10683324933052063,0.4085198722779751,0.0008411268045546973
262,0.09297912713755067,0.3429741726256907,0.13991878553060816,0.10803600535728038,0.4103019773960114,0.0008399766893612086
263,0.09524866859628674,0.3458785617724061,0.14729789789416828,0.10726220067590475,0.40767460614442824,0.0008388232187350503
264,0.09722462665486091,0.35138612808659675,0.14303717434231658,0.10712773185223341,0.4070315256714821,0.0008376664040605113
265,0.09506241961234992,0.3424839168787003,0.13795006853906672,0.1071878483518958,0.402175110578537,0.0008365062567548858
266,0.09761235784517339,0.33825494460761546,0.1432616611928097,0.10551670892164111,0.41145670861005784,0.0008353427882683592
267,0.0929405597988989,0.3416551503352821,0.1513745747462963,0.11127194478176534,0.4139914087951183,0.0008341760100838957
268,0.0941484738186773,0.3434969851747155,0.13136365302925695,0.10382383936084807,0.40814311131834985,0.000833005933717125
269,0.10018601520587253,0.3396196787245572,0.1401940964104142,0.1069033871870488,0.4030075192451477,0.0008318325707162285
270,0.09557432919109488,0.345624350849539,0.14377295090380357,0.10663124178536236,0.4043027400970459,0.0008306559326618251
271,0.09559668251458789,0.33259330382570623,0.14063291524362284,0.10936143789440393,0.4161001056432724,0.0008294760311668577
272,0.09411727974347742,0.3475081965327263,0.15348081722913776,0.11108808224089443,0.4185398414731026,0.0008282928778764774
273,0.09820450986476317,0.342268633749336,0.14844354223750997,0.1141069290228188,0.41998241990804674,0.0008271064844679296
274,0.09628497228841297,0.3443838973529637,0.1488916429778328,0.11124800704419613,0.42050979658961296,0.0008259168626504385
275,0.09125505523825268,0.3385222466196865,0.149235421740741,0.1093909346498549,0.41177627593278887,0.0008247240241650909
276,0.09722318694402929,0.3518411830067635,0.14442503554309952,0.10730433701537549,0.40761096850037576,0.0008235279807847213
277,0.0930267199316404,0.3419087097980082,0.14479020607541315,0.11405651336535812,0.4265071161091328,0.0008223287443137948
278,0.09301382930298133,0.3394152631983161,0.14923697990743676,0.10915446006692946,0.4173562228679657,0.0008211263265882914
279,0.09433855346769633,0.3487687255255878,0.14796807878447,0.10922970734536648,0.41226866468787193,0.0008199207394755884
280,0.09802975797074395,0.34497183971107004,0.1397156386723509,0.10478399363346398,0.40389750376343725,0.0008187119948743441
281,0.09302675603485114,0.3418730708770454,0.1385539794631768,0.10559992175549268,0.4057320900261402,0.0008175001047143796
282,0.09101956234262616,0.3437611121684313,0.1448469849914545,0.10760398101992905,0.4092207722365856,0.0008162850809565615
283,0.09525924701774784,0.33932076720520854,0.14052622207527748,0.10593273625709117,0.40935660153627396,0.0008150669355926837
284,0.09273712987833278,0.3453955684788525,0.13402438542834716,0.10790261910296976,0.40349406078457833,0.0008138456806453493
285,0.09196073811335737,0.3381417915225029,0.13684098648955115,0.10578299481421709,0.40447594225406647,0.0008126213281678518
286,0.09281684118595876,0.3402590760961175,0.14789232456387252,0.1082979490980506,0.4075979679822922,0.0008113938902440554
287,0.0952647749119933,0.3374928620643914,0.14360682885744608,0.1085940788500011,0.41277230679988863,0.0008101633789882772
288,0.09270701007226308,0.34248829977586864,0.14423202257457887,0.10816088104620576,0.4100544907152653,0.0008089298065451663
289,0.09139338375744047,0.3403796238824725,0.14333115391491447,0.10600385582074523,0.40622925460338594,0.0008076931850895849
290,0.0939322893705139,0.34511299678124485,0.14077300731587455,0.10409706206992268,0.4013299472630024,0.0008064535268264874
291,0.08840473620821285,0.34761051521636543,0.1420380112496787,0.1048142178915441,0.40041050910949705,0.0008052108439908003
292,0.09649276034315335,0.34386947145685554,0.144285855293856,0.10919269095174969,0.41230216771364214,0.0008039651488473019
293,0.09159408918594636,0.3318391902372241,0.14070568666502367,0.10458995187655092,0.40889960154891014,0.0008027164536904999
294,0.09039054650702383,0.33946289448067546,0.13922687974845757,0.10413842988200486,0.40104262754321096,0.0008014647708445116
295,0.09349909413940623,0.3380734486039728,0.14641855712834512,0.10725447707809507,0.40956215783953664,0.0008002101126629411
296,0.0941234592186447,0.3386231926269829,0.14006691678077915,0.10632791356183588,0.4057982869446278,0.0007989524915287586
297,0.09526027792526293,0.3436874740757048,0.14455311411729782,0.10727248741313815,0.4153075315058231,0.0007976919198541766
298,0.08963384732683152,0.3349948006682098,0.13673892373335547,0.10402011205442249,0.39995622634887695,0.0007964284100805288
299,0.09010204937262642,0.33199698347598317,0.1482109918651986,0.10691947070881724,0.4130060411989689,0.0007951619746781464
300,0.08736841507752616,0.33539264779537914,0.13628986943804194,0.1055287055671215,0.4081133514642715,0.0007938926261462357
301,0.09218702554226184,0.3299397657625377,0.15094078423426255,0.10770659619010985,0.4077017463743687,0.0007926203770127542
302,0.09122379036471102,0.33350555836223067,0.13476608534692786,0.10513988928869367,0.40107904821634294,0.0007913452398342871
303,0.08961302727857401,0.3365854392759502,0.14166931607323932,0.10666254991665483,0.406952316313982,0.0007900672271959238
304,0.09051359924669669,0.3300994413904846,0.15155305089283502,0.11136126480996608,0.40932787507772445,0.000788786351711133
305,0.09143296206566447,0.3444097132887691,0.14887467795197154,0.1098067628685385,0.4082377552986145,0.0007875026260216385
306,0.09211098798941748,0.3251726923044771,0.15355059284920572,0.11163673778064549,0.41440664082765577,0.0007862160627972946
307,0.08958783568859871,0.3351276723667979,0.1386259759325185,0.10485078697092831,0.40137757137417795,0.000784926674735961
308,0.09209891005466489,0.3398616302292794,0.1729034149175277,0.11894395295530558,0.43042586743831635,0.0007836344745633775
309,0.09156529979345578,0.3425932239741087,0.15324052206560737,0.1072963023558259,0.40947524309158323,0.0007823394750330377
310,0.0925699565415016,0.33463829224929215,0.1439476816172828,0.10523456418886781,0.404604747146368,0.0007810416889260644
311,0.08385797575992911,0.3272742417640984,0.13806940685171867,0.10516873812302947,0.40241837725043295,0.0007797411290510826
312,0.09062569893794717,0.3342199478764087,0.13504813058971193,0.10282442569732667,0.40347257927060126,0.0007784378082440932
313,0.09036827058907874,0.335188436601311,0.15127462726231897,0.10954511505551637,0.41527002602815627,0.0007771317393683462
314,0.08984178298569531,0.32564769182354214,0.14421528640959877,0.10734146712347865,0.4067861869931221,0.0007758229353142144
315,0.09136412500884035,0.3402335695922375,0.14572265235183296,0.1079865091945976,0.40913930013775823,0.0007745114089990652
316,0.091322875277001,0.33888914245180785,0.1470351968804607,0.10648902314715088,0.40476994812488554,0.0007731971733671338
317,0.08855809027245413,0.3363581791520119,0.13936841637914768,0.10387021317146719,0.3989692129194736,0.0007718802413893954
318,0.0919303528108685,0.3369616511277854,0.13606755815271754,0.10265984400175512,0.3981157518923283,0.000770560626063437
319,0.09037600230540192,0.3400048719719052,0.14407698764116503,0.10527228000573814,0.4002497732639313,0.0007692383404133291
320,0.0909766293660141,0.33347218818962576,0.13718737948511261,0.10603216686286032,0.40405293852090834,0.0007679133974894973
321,0.09078187674986112,0.3329862019047141,0.13432181549142114,0.10434622121974826,0.4012231841683388,0.0007665858103685934
322,0.09120075080218157,0.3392666630446911,0.15192230604443466,0.11076804492622613,0.4099401101469994,0.0007652555921533661
323,0.08918105510529131,0.33918702472001316,0.14593625385605263,0.10937956739217043,0.4085188627243042,0.0007639227559725323
324,0.0874290203720193,0.33454666156321766,0.14411261380155338,0.10630184919573367,0.40315289944410326,0.0007625873149806469
325,0.08591553252099401,0.3266142663545907,0.1418205788708292,0.1075690788216889,0.4036478906869888,0.0007612492823579735
326,0.0855901754259321,0.3268096080981195,0.14373750748927705,0.10599290519021451,0.40192288905382156,0.0007599086713103538
327,0.08876341335817414,0.3244977497495711,0.14182120407785986,0.10449779657647014,0.40309087857604026,0.0007585654950690776
328,0.08885478821248398,0.3298768461216241,0.14353489399509273,0.10942319170571864,0.4131842151284218,0.0007572197668907525
329,0.09167054347344675,0.3421103791333735,0.15597426084568725,0.10994785446673631,0.413819444924593,0.0007558715000571716
330,0.08476841194533336,0.33366411440074445,0.14688606305135182,0.10868699955753983,0.4114729031920433,0.0007545207078751847
331,0.09054777671608463,0.33207690687850117,0.13989394402015023,0.10634416211396455,0.39978738129138947,0.0007531674036765654
332,0.08599061543827702,0.33403433552011846,0.14270103375893087,0.10646338132210076,0.40405175983905794,0.0007518116008178794
333,0.08787152206768951,0.3299637734424323,0.1517967125560972,0.11062699691392482,0.40725782364606855,0.000750453312680354
334,0.08911419548949198,0.340658985869959,0.1632105580472853,0.11531787221319974,0.4148299753665924,0.0007490925526697444
335,0.08892390779192283,0.3364689564332366,0.14464711066830205,0.10659762970171868,0.4059796817600727,0.0007477293342162028
336,0.09108809884619404,0.3345808438025415,0.14033760861784686,0.10542362616397441,0.40014079958200455,0.0007463636707741449
337,0.08534845053291065,0.32642776728607714,0.14064227962808218,0.10249495506286621,0.4016204059123993,0.0007449955758221175
338,0.09041309053736768,0.32638574987649915,0.14171548912127035,0.1052577645983547,0.40463947132229805,0.0007436250628626652
339,0.08625269303593086,0.32994721750728784,0.14512259019102203,0.10685047577135265,0.40302574187517165,0.000742252145422198
340,0.08984565377968465,0.32414054973050954,0.13844835244235582,0.10382749303244054,0.39456959143280984,0.0007408768370508566
341,0.0867911698998796,0.3283362493850291,0.13785107353760395,0.10457905074581504,0.4017098367214203,0.0007394991513223794
342,0.08761300110772936,0.33133523240685464,0.14561088647751602,0.10729080373421311,0.41124463751912116,0.0007381191018339685
343,0.08381366014173182,0.3248726448509842,0.15326166922459378,0.11019175653345883,0.41242899000644684,0.0007367367022061551
344,0.08740401156674124,0.3333001971710473,0.14462095058261185,0.10586113170720637,0.4069903515279293,0.0007353519660826653
345,0.08507688009131016,0.3251062429510057,0.14314036514260806,0.10536053492687643,0.4026551179587841,0.0007339649071302857
346,0.08551047766186456,0.3248966339975595,0.1437495061341906,0.10471353475004434,0.4009361959993839,0.0007325755390387282
347,0.0835990446876167,0.3294849582947791,0.13172310669760917,0.10127347521483898,0.39674487337470055,0.0007311838755204948
348,0.08724210732416396,0.3155567704234272,0.1471446707364521,0.108743202034384,0.4030899055302143,0.000729789930310743
349,0.08797556640902257,0.3347310581244528,0.1627980269578984,0.11305319312959909,0.41704208850860597,0.0007283937171671487
350,0.08808235758788215,0.3340602288022637,0.15954864419036313,0.11331263310275971,0.4160320609807968,0.0007269952498697724
351,0.08363573780006846,0.3277795854024589,0.14921631576726213,0.1064090209081769,0.4040932610630989,0.0007255945422209216
352,0.08767097743111663,0.3308546028099954,0.14244377958675614,0.10649300292134285,0.40233116745948794,0.0007241916080450153
353,0.08469193050304966,0.32867856984958055,0.14640073749178556,0.106381975999102,0.40385827049613,0.0007227864611884471
354,0.08356826589460979,0.3222642607986927,0.13895790481183212,0.10461706109344959,0.39800609946250914,0.0007213791155194498
355,0.08400539980229951,0.3193562945816666,0.14437088523700367,0.10543775600381196,0.399732068926096,0.0007199695849279566
356,0.08512504231566709,0.325581775046885,0.13734434370853704,0.10391637068241835,0.39665964916348456,0.0007185578833254655
357,0.08341891669501819,0.3264242213685066,0.14804095435683848,0.10796093256212771,0.40508649200201036,0.0007171440246449014
358,0.08466118604719668,0.3339189954102039,0.14533333867875625,0.10707072257064283,0.40369828715920447,0.0007157280228404786
359,0.08598617897323493,0.32388956286013126,0.1416623183336924,0.10839347746223212,0.40082468688488004,0.0007143098918875634
360,0.0825672943798054,0.30690654115751387,0.13984243465965845,0.10427872189320624,0.4019077219069004,0.0007128896457825355
361,0.0818448474874458,0.3248210160061717,0.15432858952408424,0.10994627345353365,0.41351707503199575,0.0007114672985426509
362,0.08608049418498923,0.32978465110063554,0.14827400393551216,0.10712359296157956,0.41102847680449484,0.0007100428642059023
363,0.08231698521012731,0.3196935089305043,0.1342201251303777,0.1043342649936676,0.4015190191566944,0.0007086163568308818
364,0.079061031227684,0.3276965764351189,0.14561104330350644,0.10936228260397911,0.4029154755175114,0.0007071877904966413
365,0.08671960958981799,0.33051196760497986,0.15588732102914946,0.11223951340653002,0.41257982701063156,0.0007057571793025535
366,0.08576836234951771,0.31566482889465985,0.15242272263712947,0.10870143389329315,0.40896475315093994,0.0007043245373681737
367,0.08299352219278262,0.32100166897289456,0.1510705317632528,0.1082056078594178,0.4105150826275349,0.0007028898788330991
368,0.08341311716949348,0.325642968621105,0.14923101046006196,0.1081893190741539,0.4064777873456478,0.0007014532178568306
369,0.0850511403159544,0.3208628283813596,0.15424255588732194,0.10890519735403359,0.41128744557499886,0.0007000145686186315
370,0.08203722369189563,0.323783437628299,0.14690638597821817,0.10873762164264918,0.40770878419280054,0.0006985739453173895
371,0.08420640327303772,0.3271463897079229,0.14652755140559748,0.1065209289547056,0.4064056307077408,0.0006971313621714746
372,0.08335292723477324,0.3171219697687775,0.14276919443218503,0.10616197562776505,0.4059055469930172,0.0006956868334186005
373,0.08607537725838484,0.3277964855544269,0.13909659643832128,0.10382098900154232,0.401625944674015,0.0006942403733156823
374,0.08352504116810451,0.33332854504697024,0.13884288191911764,0.10333343027159572,0.40500992983579637,0.0006927919961386975
375,0.08506592670228201,0.32347888709045947,0.13958128366066375,0.10553564918227494,0.39751274660229685,0.0006913417161825442
376,0.08572543642894744,0.3232709995470941,0.13737645395158324,0.10189922535791993,0.40312107279896736,0.0006898895477609
377,0.08239179377042091,0.32126689190045,0.14018833604059183,0.10272591547109186,0.4007274694740772,0.0006884355052060807
378,0.08243336456962425,0.3165829287841916,0.15733792982500744,0.11011682976968587,0.4112279325723648,0.0006869796028688994
379,0.08361381490440181,0.3222636201884598,0.14389307345700217,0.1060355979949236,0.40382136553525927,0.0006855218551185248
380,0.0809125236739419,0.32285937811248006,0.14207114868040663,0.10451312102377415,0.40075171887874605,0.0006840622763423383
381,0.08066031764101353,0.3187969389371574,0.15012261594820303,0.10694550960324704,0.40021343603730203,0.0006826008809457933
382,0.08260603773778712,0.3295858050696552,0.14496787645475706,0.10575703424401581,0.40209339186549187,0.0006811376833522722
383,0.08570461262206663,0.32428001281805335,0.14854639260738622,0.10675564603880047,0.4052300058305264,0.0006796726980029447
384,0.08111077362773358,0.31796558513306084,0.1422575719494489,0.1036682351026684,0.39981158301234243,0.0006782059393566247
385,0.0805094718481996,0.3276450646109879,0.15043324753351045,0.10819239849224686,0.4080350510776043,0.000676737421889628
386,0.08454727982252734,0.3261457841377705,0.13677984896785347,0.10172252980992198,0.400677739828825,0.0006752671600956289
387,0.07846432069354706,0.3176025592721999,0.14559384840977146,0.10505421794950962,0.4053063504397869,0.0006737951684855179
388,0.08732796478616364,0.3280463691800833,0.14245614154206124,0.104725704761222,0.4015760414302349,0.000672321461587258
389,0.08176218639719082,0.32503940821625293,0.14169690443668514,0.10315022757276893,0.39746817722916605,0.0006708460539457411
390,0.08211480299751202,0.32330804485827686,0.13750352976494468,0.10448900000192225,0.39548041224479674,0.0006693689601226453
391,0.08278309592169535,0.3272164911963046,0.14200223055959213,0.10436818175949156,0.39861484840512273,0.0006678901946962898
392,0.08298162323608267,0.32729457281529906,0.128418243334454,0.1025122624821961,0.39112085551023484,0.0006664097722614928
393,0.083364825883109,0.31996634509414434,0.13617211892124031,0.1028481602203101,0.39924500659108164,0.0006649277074294259
394,0.07921347579294888,0.32248027506284416,0.1422078155752388,0.10462444755248726,0.4001146242022514,0.0006634440148274709
395,0.08529985525847224,0.3176107508596033,0.13975026302068727,0.105781474057585,0.3966688275337219,0.0006619587090990742
396,0.08310234821610721,0.3157904897816479,0.14053883790620603,0.10437726359814406,0.39968193471431734,0.0006604718049036041
397,0.07848458054158983,0.31663116379641,0.14232086812553463,0.10445167114958168,0.3995689034461975,0.000658983316916205
398,0.08419560585098225,0.3156768002547324,0.13886222074070248,0.10324343354441226,0.4001609839498997,0.0006574932598276518
399,0.0841110467928047,0.3121043193154037,0.14292618941253749,0.1044041748624295,0.3960232637822628,0.0006560016483442069
400,0.0789575987925673,0.306441346835345,0.13374769207439385,0.10266040777787566,0.3950739331543446,0.0006545084971874732
401,0.08164715465863992,0.30444106049835684,0.1526388910904643,0.10899602104909718,0.41044117882847786,0.0006530138210942499
402,0.08409447887997885,0.31345524042844775,0.1365192930912599,0.10269120708107948,0.39641847684979437,0.0006515176348163865
403,0.08008453812417429,0.32415342358872296,0.14073879573843442,0.10384283130988478,0.3997605286538601,0.0006500199531206377
404,0.07938944248144253,0.32163221230730416,0.15060092943313066,0.10739995650947094,0.4084508024156094,0.0006485207907885169
405,0.0802466908491624,0.3214864923618734,0.1557372492272407,0.10995669565163553,0.41806866228580475,0.0006470201626161514
406,0.08065910831228393,0.3207893302664161,0.14591127305611734,0.10587626560591161,0.4004699237644672,0.0006455180834141354
407,0.0789553225351483,0.32092114216648043,0.14654296073858858,0.10408627116121352,0.3962846778333187,0.000644014568007384
408,0.07991116535249602,0.32202497352845966,0.13999862872151425,0.10264985170215368,0.40153799802064893,0.0006425096312349875
409,0.07948849079421053,0.31849738471210004,0.1357797094315174,0.10460274089127779,0.39318348541855813,0.0006410032879500642
410,0.07941968945251573,0.31061551473103466,0.14299958179617533,0.10506911091506481,0.3988585665822029,0.0006394955530196142
411,0.08040274675777255,0.3162216569762677,0.13611986392352265,0.1024020092561841,0.3955889344215393,0.0006379864413243723
412,0.08280766013995162,0.32511509535834193,0.14440015316649807,0.10449113459326327,0.40310808047652247,0.0006364759677586621
413,0.079878776663827,0.31473085889592767,0.1262659758955124,0.10083498824387789,0.3869185641407967,0.0006349641472302475
414,0.08048503560639801,0.3142557322047651,0.14623843460722127,0.10663853907026351,0.40248693004250524,0.0006334509946601873
415,0.0789005792048556,0.3131592840887606,0.1372652660254971,0.10161615679971873,0.39118130803108214,0.000631936524982686
416,0.07934555484571319,0.3184314693324268,0.15403364124358632,0.1080361945554614,0.40552034676074983,0.0006304207531449479
417,0.08074130027280262,0.3122034715488553,0.1462840867243358,0.10802462087012828,0.40200851336121557,0.0006289036941070295
418,0.07797441480161069,0.31405646218918265,0.14384452223748667,0.10620157360099255,0.40037076324224474,0.0006273853628416907
419,0.07958955715039337,0.3199619295075536,0.13880698671127903,0.1025942865293473,0.3966636538505554,0.0006258657743342481
420,0.07940355904265743,0.3077301981858909,0.14686084557906726,0.10637183864600956,0.40109517201781275,0.0006243449435824269
421,0.07833084028952726,0.3150804502423853,0.14265690238244133,0.1057399953249842,0.4001555614173412,0.0006228228855962129
422,0.0793923311078288,0.3120139594655484,0.13079342364217156,0.1005750120151788,0.3902991428971291,0.0006212996153977034
423,0.07785727849350224,0.3080632020253688,0.15560379810485755,0.1077563190832734,0.40579413026571276,0.0006197751480209606
424,0.0778167788987048,0.3094033693894744,0.14011695876397426,0.10265495851635933,0.39398535564541814,0.0006182494985118621
425,0.07822160915193307,0.30722058955579995,0.1401470465163584,0.10216885353438557,0.40436066016554834,0.0006167226819279525
426,0.07625892973619557,0.31243606633506715,0.13611573082889664,0.10305606117472052,0.39545877277851105,0.000615194713338295
427,0.07743883889870631,0.32286342517472805,0.14144544802838938,0.10566481575369835,0.4033182419836521,0.0006136656078233229
428,0.0769951141646743,0.3123448216356337,0.13339752867032076,0.10046968720853329,0.39209541380405427,0.0006121353804746904
429,0.07666536479150636,0.314634621469304,0.1338190539900097,0.10081249764189124,0.39714459627866744,0.0006106040463951233
430,0.08055884204859468,0.3168456160929054,0.1374860358890146,0.10131796998903156,0.3940455846488476,0.0006090716206982711
431,0.07855202975360953,0.3065563786309212,0.14763528252369723,0.10321218334138393,0.3997912108898163,0.0006075381185085564
432,0.07733812568530993,0.31071732882410286,0.13791535789496265,0.1012554441113025,0.39590934216976165,0.0006060035549610271
433,0.07881988367889789,0.31803654483519495,0.1388356948606088,0.10318169128149748,0.39931978806853297,0.0006044679452012055
434,0.07742106892283118,0.320615127729252,0.14162057104695122,0.10212982301600278,0.3983614042401314,0.0006029313043849404
435,0.07650421633593396,0.3080278529319912,0.15081588356406428,0.1063944987487048,0.40170163810253146,0.000601393647678256
436,0.07700198512775387,0.31457194513641296,0.15231443645461695,0.10750374225899577,0.4050001002848148,0.0005998549902572033
437,0.0757377683604318,0.3140568405855447,0.15580511852895143,0.11077925357967615,0.4088892348110676,0.0005983153473077097
438,0.07749402884883239,0.3226053247228265,0.13411283190798712,0.10224181492812931,0.39373442977666856,0.0005967747340254299
439,0.07534952844644068,0.3087578582577407,0.1432004646048881,0.10478955372236669,0.39680449217557906,0.0005952331656155947
440,0.07753099032333921,0.3169774590525776,0.13681502472027204,0.1030342320445925,0.3941537618637085,0.000593690657292862
441,0.0761081520066,0.31639133803546426,0.14045432100538163,0.10177118787541986,0.39598176032304766,0.0005921472242811663
442,0.07493172314016192,0.30983270523138345,0.1437457880078,0.10556729072704911,0.3961063019931316,0.0005906028818135683
443,0.07624744507011201,0.3055547405499965,0.1382702701186645,0.10379252368584276,0.39259467720985414,0.0005890576451321047
444,0.07749947203074044,0.30734606641344725,0.13767174573877128,0.10314808771945536,0.3968206338584423,0.0005875115294876377
445,0.0762638238576983,0.29866857202723623,0.14461946066585368,0.10351437302306295,0.40099846944212914,0.0005859645501397045
446,0.07345213471398893,0.3165511091705412,0.1402425560663687,0.10133694941177965,0.3989438332617283,0.0005844167223563666
447,0.07737161875047605,0.31437540003098546,0.1433441045403015,0.10351291601546109,0.4027970388531685,0.0005828680614140596
448,0.07572660415025893,0.31128606097772715,0.1408821108590928,0.10346006634645163,0.3998764805495739,0.0005813185825974415
449,0.0745820461821495,0.30502593982964754,0.14872748604248046,0.1043617621064186,0.3991204150021076,0.0005797683011992427
450,0.07377605209403555,0.3070609409362078,0.1475804120316752,0.10426286677829921,0.39911944642663,0.000578217232520115
451,0.07739603767131484,0.3158987667411566,0.14676691993226995,0.103907354734838,0.394053989648819,0.0005766653918684798
452,0.07621156264140154,0.310073078982532,0.1397462398512289,0.10135577633045614,0.3958677716553211,0.000575112794560378
453,0.07522911174028195,0.3112588208168745,0.14095211490493967,0.10275873914361,0.3980786666274071,0.0005735594559193181
454,0.07541431580411881,0.3074106187559664,0.1368187622021651,0.10120565509423614,0.3921477898955345,0.0005720053912761255
455,0.07363238781708788,0.30392435267567636,0.14113244797626975,0.10144320302642881,0.3944806486368179,0.0005704506159687907
456,0.07407345863539376,0.31204624599777164,0.14075842131278476,0.10528329578228295,0.39751377105712893,0.0005688951453423185
457,0.07581546482892917,0.3141009215265512,0.14363652210013242,0.10443912758491933,0.39242728501558305,0.0005673389947485757
458,0.07819397586581545,0.30738622806966304,0.1440908634380321,0.10240928158164024,0.3933987781405449,0.0005657821795461407
459,0.07334621164600322,0.29777902620844543,0.14399491302319803,0.10335708535276353,0.3988874599337578,0.0005642247151001509
460,0.07595430076162302,0.3126455244142562,0.1361532606431865,0.10108406976796687,0.3942191615700722,0.0005626666167821515
461,0.07142037832300048,0.3023144637234509,0.14595822203264106,0.10418511610478162,0.3966857120394707,0.0005611078999699441
462,0.07300081203211448,0.30848573027178644,0.13551129806583048,0.10019338843412698,0.39220996424555776,0.0005595485800474343
463,0.07425331349732005,0.30905764675699177,0.13753084923373535,0.10557200936600566,0.3978879339993,0.0005579886724044802
464,0.07538062723933762,0.3090564415790141,0.14968018892250257,0.10619499213062226,0.4050752274692059,0.0005564281924367402
465,0.07377777140582112,0.3088812082540244,0.13755131003708812,0.10252546733245253,0.39152911603450774,0.0005548671555455221
466,0.0759484981854257,0.30668552620336414,0.1376903143216623,0.10044055571779609,0.39105630815029147,0.0005533055771376294
467,0.07493351933671874,0.3087970911990851,0.14155008973175426,0.1029031383804977,0.39539666175842286,0.0005517434726252107
468,0.07574431538114368,0.3093501589260995,0.1491592338497867,0.10566754438914358,0.40015189051628114,0.0005501808574256068
469,0.07431814938299794,0.30811976906843486,0.1404104069850291,0.10162741984240711,0.3958556532859802,0.0005486177469611992
470,0.07251927136958329,0.29939285651780667,0.14455186430714093,0.1026902242563665,0.3969802036881447,0.0005470541566592566
471,0.07363942317770125,0.2996836259029806,0.17913859800173668,0.11553349136374891,0.422159443795681,0.0005454901019517844
472,0.07393444595800247,0.32149348710663617,0.1633049797383137,0.11025890642777085,0.4096852235496044,0.0005439255982753712
473,0.07721203942110151,0.31689644954167306,0.13840489854192128,0.10106647028587759,0.3935728743672371,0.0005423606610710361
474,0.07234929191763513,0.3046674986835569,0.13572606163215822,0.0999145682901144,0.38968816101551057,0.0005407953057840783
475,0.07068816831906588,0.3056542027276009,0.13238977252331097,0.10085576348938048,0.3874405391514301,0.000539229547863922
476,0.07325131597399377,0.31301967417821286,0.1369362900572014,0.10165348192676901,0.38916991651058197,0.0005376634027639659
477,0.0732702127097582,0.30849634096957745,0.14109381583839423,0.10261084707453846,0.39300634264945983,0.0005360968859414298
478,0.06973791900200013,0.3014396390412003,0.1372424651082838,0.10074135409668088,0.3915303312242031,0.0005345300128572025
479,0.07172746686492246,0.3038898918312043,0.1455113809570321,0.10369009585119784,0.3978585511445999,0.0005329627989756883
480,0.07313777108083741,0.30906803663820026,0.14034647608496015,0.10220684604719281,0.3955919802188873,0.0005313952597646562
481,0.07080941822478053,0.2989434749353677,0.13520624305383536,0.09885273710824549,0.3892007492482662,0.0005298274106950849
482,0.07299736099853363,0.3106624152045697,0.14653242979111383,0.10273392163217068,0.4004836522042751,0.0005282592672410118
483,0.07363792427058798,0.3137166019063443,0.1404164580075303,0.10118065429851412,0.39297825619578364,0.0005266908448793798
484,0.07484667056642139,0.29536291300319134,0.14017762936418876,0.10062695033848286,0.39234457314014437,0.0005251221590898843
485,0.07283054180988983,0.30779883046634493,0.13581656903552358,0.10327197657898068,0.3960916571319103,0.0005235532253548208
486,0.07161655113641245,0.3048357665538788,0.1618385064852191,0.1099778903182596,0.4088310331106186,0.000521984059158932
487,0.07481581929869208,0.3096787909511477,0.15861188811977628,0.10808509597554802,0.4036409020423889,0.0005204146759892546
488,0.0698617278772872,0.30754479677416385,0.13403581926686456,0.09907956896349787,0.3864095464348793,0.0005188450913349667
489,0.07278304703368121,0.2964825329836458,0.13276852372073336,0.09906489155255258,0.3894824102520943,0.0005172753206872356
490,0.0700028693603599,0.3017544224858284,0.13918478996201883,0.1004133049864322,0.3928642928600311,0.0005157053795390636
491,0.07469094195885191,0.31646062061190605,0.13547209629032295,0.10033084899187088,0.38802823796868324,0.000514135283385136
492,0.07145321801917817,0.3041579575277865,0.1441356899085804,0.10395163791254163,0.39977812543511393,0.0005125650477216682
493,0.07250804627665275,0.30609877216629683,0.13900239087233784,0.10174638358876109,0.3933343023061752,0.000510994688046252
494,0.07315547433036045,0.30761010204441847,0.13488076572102728,0.09901236002333462,0.38725714907050135,0.0005094242198577035
495,0.06933988063010474,0.3096078291069716,0.16100831756630213,0.10902808280661702,0.4033932603895664,0.0005078536586559097
496,0.06741519933129894,0.30251934230327604,0.14571252513705985,0.10391550473868846,0.40480567663908007,0.0005062830199416756
497,0.075589386727097,0.30082553457468747,0.14095684512285517,0.10148463868536055,0.3930382452905178,0.0005047123192165713
498,0.07193609880496296,0.30400916789658367,0.14023717365344054,0.10172837055288256,0.3949447549879551,0.0005031415719827789
499,0.07093933721662324,0.2972520681563765,0.15275617938023062,0.10525828460231423,0.39614821299910546,0.0005015707937429391
500,0.07320562156201049,0.3045352213550359,0.13663775253371568,0.10088068954646587,0.3898841507732868,0.0004999999999999994
501,0.0710554317884089,0.29744223183952273,0.14574467560014454,0.10340855941176415,0.39831635504961016,0.0004984292062570596
502,0.07004168404710072,0.3053884489927441,0.14121023666666588,0.10113396910019219,0.3914742060005665,0.00049685842801722
503,0.0682322232792103,0.3033984241075814,0.13332502338598715,0.10055604418739676,0.3899843990802765,0.0004952876807834274
504,0.06925280875821045,0.3099637393839657,0.1395317060116213,0.10061828740872443,0.39278659224510193,0.0004937169800583231
505,0.06844102817485691,0.2953441231045872,0.14490206537157063,0.10196195640601217,0.395525261759758,0.0004921463413440891
506,0.07066958195782717,0.30035814219154416,0.13573960472131147,0.10037847682833671,0.3911127120256424,0.0004905757801422952
507,0.06896630743904097,0.3023976425174624,0.132631827572186,0.09890180579386651,0.38648796156048776,0.0004890053119537468
508,0.07147464940426289,0.3040650507900864,0.13125680618395563,0.10002286648377776,0.38889760300517084,0.00048743495227833065
509,0.07057221992999985,0.30066065629944205,0.13652963991626166,0.10026815310120582,0.3914626441895962,0.0004858647166148628
510,0.07156814378422496,0.2946951435878873,0.13603822000150104,0.09912020564079285,0.39002019688487055,0.00048429462046093526
511,0.0698946933454863,0.3110249199904501,0.13687077148788376,0.10127292228862643,0.389355256408453,0.0004827246793127634
512,0.06604120228603279,0.2987484673038125,0.1422542514585075,0.10106743285432458,0.39634429663419724,0.00048115490866503213
513,0.07176422605334665,0.30205865153111516,0.14182998476171632,0.10110951256938279,0.3897448889911175,0.00047958532401074443
514,0.06905472306807496,0.30722238654270767,0.13760714033560362,0.10024678134359419,0.38987269923090934,0.0004780159408410671
515,0.06787908881296971,0.2903818086721003,0.14232402709458256,0.10229009138420224,0.39207589626312256,0.0004764467746451781
516,0.06902352397473806,0.30076142195612193,0.1435770984084229,0.10224181581288576,0.3915965348482132,0.0004748778409101148
517,0.06825863059393669,0.30263515319675205,0.14052930521866075,0.10111006237566471,0.39072585850954056,0.0004733091551206193
518,0.06723652785140075,0.30031698625534775,0.15482473518786719,0.10522572719492018,0.4028674565255642,0.0004717407327589873
519,0.07041324956935568,0.30325779477134346,0.15428741345240268,0.10826731016859412,0.40461568906903267,0.0004701725893049142
520,0.07198846729047545,0.29768983270041643,0.13915599237807327,0.1001141487620771,0.39171651005744934,0.000468604740235343
521,0.06712886114519279,0.3002343704458326,0.14285033839114475,0.10135985985398292,0.39638604298233987,0.0004670372010243106
522,0.06685573680651942,0.30756077957339584,0.1474142583057983,0.1047345221042633,0.39788406118750574,0.0004654699871427967
523,0.07024162954394342,0.29892399688251314,0.1384807481066673,0.10069463602267206,0.393789242208004,0.0004639031140585693
524,0.06888515405707948,0.2971929933410138,0.1432502928611939,0.10200700187124312,0.39367150589823724,0.00046233659723603313
525,0.0660152864794327,0.29442819408141074,0.14834032146900428,0.1026391876861453,0.3939307004213333,0.00046077045213607716
526,0.06951552582686418,0.2952806481625885,0.12734818676981377,0.09705438618548215,0.38222201690077784,0.0004592046942159208
527,0.06511354969270541,0.29506127065978943,0.144982217886718,0.10238641719333827,0.39857967421412466,0.00045763933892896283
528,0.07202399962789059,0.3002635242883116,0.14508686451008543,0.10153205376118421,0.39620922431349753,0.00045607440172462795
529,0.06417934891665027,0.2944229068700224,0.13317672267294256,0.0986833455041051,0.3915653482079506,0.00045450989804821464
530,0.0668214015511694,0.28399197943508625,0.1353892407249077,0.09902616795152426,0.387671809643507,0.0004529458433407424
531,0.06507549523953457,0.2935511025134474,0.1409815718216123,0.10039976830594241,0.39079470932483673,0.0004513822530388
532,0.06614003014410627,0.3011010858695954,0.1427303784977994,0.10187208265997469,0.3912004426121712,0.0004498191425743922
533,0.06846470235177549,0.2916776414960623,0.13420619376702234,0.09803378409706057,0.38581137284636496,0.0004482565273747884
534,0.06954217307711588,0.29585589841008186,0.1416264999235864,0.10080124326050281,0.38972272798419,0.00044669442286236966
535,0.06849225024443513,0.2933389996178448,0.13535819659882692,0.0989831920247525,0.38956226482987405,0.000445132844454477
536,0.06756942617494133,0.3042763567529619,0.1549225554903387,0.108404934220016,0.403352040797472,0.0004435718075632588
537,0.06699507675202768,0.3044956889934838,0.1387312544626184,0.09878606600686908,0.387844417989254,0.000442011327595519
538,0.06703928640690719,0.2941191616468132,0.14624132907920284,0.10408030399121344,0.3996784918010235,0.00044045141995256487
539,0.06662218711589958,0.2951452077832073,0.17298746178566943,0.11181346788071096,0.41322578117251396,0.0004388921000300549
540,0.0669376247019045,0.2929558672942221,0.15857956295803888,0.10791763793677092,0.4019005589187145,0.0004373333832178476
541,0.06430575265503649,0.2870403701905161,0.14230305928504094,0.09908536556176842,0.38870143368840215,0.0004357752848998483
542,0.0658335330551381,0.2964699497912079,0.14234102183108915,0.10232109799981118,0.39141816422343256,0.0004342178204538584
543,0.06536223196872015,0.29468777049332856,0.13944651263154811,0.10120986686088145,0.39397211372852325,0.0004326610052514234
544,0.06509969942153475,0.2983481213450432,0.1366135942254914,0.10103158820420503,0.3871247373521328,0.0004311048546576807
545,0.06783778512849495,0.29778332682326436,0.14458451751270332,0.1015090518631041,0.38946249186992643,0.0004295493840312084
546,0.06729089998480049,0.29675606368109586,0.13660057508968748,0.09863358237780631,0.3872521862387657,0.0004279946087238736
547,0.06634245098157407,0.3021364887710661,0.13436493386543588,0.09787450009025633,0.38676547780632975,0.0004264405440806811
548,0.06596883787042315,0.2908605038654059,0.1445870136958547,0.10289168572053313,0.39308718889951705,0.0004248872054396212
549,0.06488722483045421,0.2949698838870972,0.14123750886501513,0.10094011202454567,0.39126462638378146,0.0004233346081315195
550,0.0651426621499013,0.29681486007757485,0.13901786839123814,0.10024217055179178,0.3917423725128174,0.0004217827674798844
551,0.0648376035308047,0.2835997193586081,0.13475625643623063,0.09924804763868451,0.3879754602909088,0.00042023169880075665
552,0.06399536739336327,0.297439152514562,0.13958656853501453,0.1000562887173146,0.391806098818779,0.000418681417402558
553,0.06647651141074676,0.30043532396666706,0.13806432568380841,0.09846182251349092,0.3860241897404194,0.00041713193858594004
554,0.06406698149257864,0.2959024658426642,0.14506107523775427,0.10123600671067834,0.3949035584926605,0.0004155832776436329
555,0.0633058835609063,0.2939616393297911,0.13451167408784387,0.09834570828825236,0.3858536556363106,0.00041403544986029495
556,0.06378961564450947,0.28745805118232964,0.14278002230712444,0.09921941868960857,0.39113026261329653,0.0004124884705123618
557,0.06391281646565403,0.29200840792618693,0.1358060113649117,0.09755445313639939,0.386974960565567,0.00041094235486789464
558,0.06473141770093208,0.29576685121282936,0.14086454068747117,0.102013448625803,0.39166172593832016,0.0004093971181864311
559,0.06381268111958889,0.2981705612502992,0.13853852706379258,0.10024987882934511,0.3913377240300179,0.00040785277571883313
560,0.0652200615863876,0.2998971936292946,0.13450425268674734,0.099110354995355,0.3875987589359283,0.00040630934270713745
561,0.06602087793535247,0.28828353267163037,0.1425323516508797,0.10256812921725214,0.39187597930431367,0.00040476683438440486
562,0.06585426870760784,0.29974984196014703,0.13383548592682928,0.09887483380734921,0.38601387217640876,0.00040322526597456974
563,0.06324954758483728,0.3035051615908742,0.15114775754045695,0.10513536888174713,0.39545622617006304,0.00040168465269228967
564,0.06171133240004565,0.28912086309865115,0.1372191249858588,0.09897854099981487,0.3889713495969772,0.0004001450097427963
565,0.06497668290166984,0.29698484474793074,0.1342612879627268,0.09847377487458289,0.38818023130297663,0.00039860635232174353
566,0.06256465887654486,0.2965931030921638,0.16425615316693437,0.1090987036935985,0.4043362870812416,0.000397068695615059
567,0.064581175568037,0.28706387118436394,0.13297725634474772,0.097907043248415,0.38778512328863146,0.0003955320547987939
568,0.06433217921271535,0.29154311153106394,0.139916358764458,0.10346154407598078,0.3985363781452179,0.00039399644503897244
569,0.06420557655110315,0.2922308405395597,0.13584501782606823,0.098273921944201,0.3863847151398659,0.0003924618814914431
570,0.06329137742977764,0.2905595525167882,0.14618932695157127,0.10289006060920655,0.3953303717076778,0.0003909283793017285
571,0.06359236704647628,0.3055834021884948,0.1335022362502059,0.09706931049004197,0.3861751362681389,0.00038939595360487633
572,0.06394958939454227,0.2857913932297379,0.14272088854486356,0.10061169806867838,0.39089854136109353,0.00038786461952530917
573,0.06361160316801033,0.28998956135474147,0.14859602613723838,0.10470664724707604,0.3958219148218632,0.00038633439217667666
574,0.06154187759902925,0.2955389968585223,0.14168865296960576,0.09985297075472772,0.3907171510159969,0.0003848052866617046
575,0.06630196738424274,0.29079609527252614,0.13495269649865804,0.09877733872272074,0.38994683250784873,0.00038327731807204717
576,0.06248747427507624,0.2896462559700012,0.13751404141657986,0.09830207452178001,0.3891171716153622,0.00038175050148813746
577,0.06339433467014714,0.29340049959719183,0.1351168505367241,0.09958749720826746,0.3910623237490654,0.0003802248519790389
578,0.06557297470549202,0.29547678790986537,0.13729995283356403,0.09908646242693067,0.390695559233427,0.00037870038460229607
579,0.062437692389994484,0.29082290539517996,0.13684068817092337,0.09887972897849977,0.3891109362244606,0.0003771771144037866
580,0.06316051677408722,0.2915254695806652,0.13047282264305976,0.09628434218466282,0.3838073290884495,0.00037565505641757246
581,0.06139143099353532,0.2813411279581487,0.12368738222430693,0.09501261957921088,0.3774142384529114,0.00037413422566575115
582,0.06210590786085959,0.28920418536290526,0.13972768028033897,0.10269281398504973,0.3929501287639141,0.00037261463715830876
583,0.06292619207306416,0.28864041715860367,0.13166279230790678,0.09712169435806572,0.3838816054165363,0.0003710963058929699
584,0.06463794981891624,0.29495260627008973,0.13215204900625394,0.09742929390631616,0.38055465593934057,0.00036957924685505135
585,0.0657426494781248,0.30893709184601903,0.1517172139749164,0.10421278825961053,0.39638799875974656,0.00036806347501731337
586,0.06262452440732887,0.2959290872327983,0.13644909821159673,0.09887968334369361,0.3886179305613041,0.0003665490053398121
587,0.06171482009463034,0.2917363005224615,0.13315808276674942,0.09644843116402627,0.38334263414144515,0.0003650358527697516
588,0.06189144267791562,0.2911394072230905,0.13752516429958633,0.09828010275959968,0.38669766336679456,0.00036352403224133715
589,0.06055277718514844,0.29300577654503285,0.13823950625082942,0.09906756654381751,0.38624109476804735,0.00036201355867562703
590,0.061116252213969345,0.28589331386610867,0.13278675774054136,0.09644645894877613,0.3845308430492878,0.0003605044469803851
591,0.061182880622891386,0.28611585111357274,0.14025425467989408,0.09955571959726513,0.3868440806865692,0.0003589967120499351
592,0.06206299495861458,0.28912860439158977,0.13992739363602597,0.09924091817811131,0.3875939406454563,0.0003574903687650117
593,0.06312091136496747,0.2984681665431708,0.13159515915904194,0.09671084438450635,0.38360958844423293,0.00035598543199261525
594,0.060713982180459425,0.28113571610301735,0.1333770099328831,0.0969293856061995,0.3838886693120003,0.00035448191658586387
595,0.061846007765507235,0.286432438576594,0.135289207790629,0.09932960672304034,0.38544058725237845,0.0003529798373838479
596,0.062203862338265026,0.2932912271935493,0.13760976453486365,0.09889384754933417,0.3891670271754265,0.0003514792092114823
597,0.06255828644370923,0.28974012983962893,0.13819028061116115,0.09811862604692578,0.38506597429513933,0.00034998004687936173
598,0.059964479861810104,0.28201718600466846,0.14021306729264324,0.0993486890103668,0.3885769747197628,0.00034848236518361284
599,0.06279625343722728,0.2902947571594268,0.13324658236961112,0.0966394196730107,0.3842704601585865,0.00034698617890574935
600,0.06135193263016845,0.29075830336660147,0.13411058334604603,0.09769976744428277,0.3882377646863461,0.0003454915028125261
601,0.060709323581431815,0.2922070849686861,0.1378935490778531,0.09918065071105957,0.3867888547480106,0.0003439983516557924
602,0.06015592247085806,0.29700849554501474,0.13722967609064654,0.0988273807335645,0.3864117503166199,0.00034250674017234737
603,0.06030198634143744,0.2837136743124574,0.13325211781630059,0.09587354608811438,0.38306219056248664,0.00034101668308379426
604,0.05866143919488422,0.29641398577950895,0.13592490652226843,0.09761299751698971,0.3851801685988903,0.00033952819509639506
605,0.05962772601105826,0.28888855618424714,0.13781442884355782,0.09848262798041105,0.38479125648736956,0.000338041290900925
606,0.058900506780628345,0.2905601722188294,0.13519196693523555,0.09809625609777868,0.38776594698429107,0.00033655598517252856
607,0.06026673657361244,0.28566029844805596,0.1354463065901655,0.09855124433524906,0.3820812299847603,0.00033507229257057335
608,0.06146190869108068,0.292216241825372,0.13645582551980623,0.0987526592798531,0.3832231990993023,0.0003335902277385065
609,0.0587218822174691,0.2870640065986663,0.1296926172552048,0.09536786125972867,0.38344831839203836,0.00033210980530370943
610,0.059600606275898825,0.2789751089643687,0.13993072262237546,0.09975052867084741,0.38711411207914354,0.00033063103987735404
611,0.059733011769640146,0.28655788768082857,0.13567986715643202,0.09810120705515146,0.38459314256906507,0.00032915394605425804
612,0.05826495078190419,0.2736419348511845,0.13490846385830083,0.09664181913249195,0.3825505770742893,0.0003276785384127412
613,0.058696595727633395,0.2846991025842726,0.13488924112316453,0.09719756389968097,0.3830823875963688,0.00032620483151448126
614,0.05827253456836843,0.2835144091397524,0.13669018674263497,0.09842121959663927,0.38515217527747153,0.00032473283990437017
615,0.060795598064350996,0.2831222724635154,0.135059355647536,0.09701352347619832,0.38514258041977883,0.0003232625781103712
616,0.0600801682862766,0.2874681084882468,0.14668840640224518,0.10121230250224471,0.38882496431469915,0.00032179406064337436
617,0.05990484038538853,0.2939095314592123,0.13468232332961633,0.09683320610783994,0.3840465970337391,0.0003203273019970544
618,0.06038536700525583,0.28923161029815675,0.14043694693536962,0.10008205506019294,0.39033695235848426,0.00031886231664772686
619,0.05830101194223971,0.29282713956199585,0.13387946923467098,0.09649905441328883,0.3830233246088028,0.00031739911905420584
620,0.058930203565614646,0.286884825816378,0.1303006940535852,0.09575464860536158,0.3813952974975109,0.0003159377236576607
621,0.0589769858049749,0.28801830583252014,0.13502595454338007,0.09656189475208521,0.38359932973980904,0.00031447814488147415
622,0.058327090902275815,0.29940585312433543,0.13606547568633687,0.09746264647692442,0.3864234693348408,0.00031302039713109955
623,0.05712444071850768,0.28841771758161483,0.1338893647523946,0.09702549958601595,0.3842976622283459,0.0003115644947939183
624,0.05795917362529508,0.2834337228909135,0.13316113202599808,0.09679607423022389,0.3818502172827721,0.0003101104522390992
625,0.0587566737999623,0.28205988337285814,0.15297888320928904,0.10399283249862493,0.39630350172519685,0.00030865828381745485
626,0.05994627584168484,0.28431262727826834,0.1346366399913677,0.09827108159661294,0.38696265071630476,0.0003072080038613015
627,0.05791020606930033,0.28141979235224424,0.13706052967900179,0.09788421541452408,0.3870144449174404,0.0003057596266843167
628,0.058370414916225855,0.2853146846871823,0.1362521545321215,0.09849375621415675,0.38565368950366974,0.0003043131665813986
629,0.057807659492391396,0.29450616165995597,0.13470397264318307,0.09769516023807227,0.38427607119083407,0.0003028686378285242
630,0.05875492114228109,0.2813864114228636,0.1339672719797818,0.09692011321894825,0.3852656908333302,0.00030142605468260934
631,0.056955071507309184,0.2854445152916014,0.13205163443490164,0.09647346520796418,0.3811689890921116,0.0002999854313813674
632,0.057548805489113876,0.2776032614056021,0.13677899779140718,0.09750775876455009,0.38295803591609,0.00029854678214316833
633,0.05745170287304972,0.2878903904929757,0.1352273799784598,0.09742709589190782,0.3830174461007118,0.00029711012116689976
634,0.05806014259114818,0.277298780111596,0.13787742080894533,0.09880746160633862,0.3835366427898407,0.00029567546263182523
635,0.05732590329439517,0.2689504477195442,0.13292567332682664,0.09573561949655414,0.38031732365489007,0.0002942428206974453
636,0.058444707328999354,0.2825636343564838,0.13312597384065156,0.09581334595568478,0.3820498436689377,0.00029281220950335763
637,0.05700264409965712,0.2823777730111033,0.13697883810527856,0.09697043942287564,0.3821570113301277,0.0002913836431691171
638,0.05859666850419672,0.28767131743952634,0.1444797253498109,0.10088153616525233,0.3901304580271244,0.00028995713579409654
639,0.0574186260654642,0.2807348614092916,0.13293789450399346,0.09569256408140063,0.3821300819516182,0.0002885327014573481
640,0.05727426157063746,0.287468965863809,0.13432710998749825,0.09749376182444394,0.3816110283136368,0.0002871103542174633
641,0.05900031982282598,0.2790762134362012,0.13262460120313335,0.09524140772409737,0.37808572947978974,0.0002856901081124355
642,0.057750488547389976,0.2763848866801709,0.1326930857860134,0.0966002894565463,0.38189907670021056,0.0002842719771595203
643,0.05640334154732045,0.2883723727427423,0.13628491582494462,0.09689350076951087,0.3841249518096447,0.00028285597535509735
644,0.057362048689446964,0.27484499556012454,0.12832257109694184,0.09420438497327269,0.3772620402276516,0.00028144211667453334
645,0.05661827515136793,0.2762375921942294,0.13257023557525827,0.09645229522138835,0.38136778920888903,0.00028003041507204207
646,0.057787782858304125,0.28969139521941545,0.13168671345774782,0.0962806697934866,0.38160184025764465,0.000278620884480549
647,0.05607575455615006,0.2822999853175133,0.13173553591041126,0.09556424133479595,0.3792509540915489,0.00027721353881155153
648,0.05602384709150101,0.2787055420689285,0.13146753585897386,0.09490400492213666,0.37692631781101227,0.00027580839195498366
649,0.057673499553857255,0.28580806204117837,0.13215282674209447,0.09544089501723647,0.38063874691724775,0.0002744054577790771
650,0.05613801298777617,0.27896607080474495,0.13869128890364663,0.09939448228105903,0.38560343235731126,0.0002730047501302263
651,0.05754169829961029,0.28352002343162896,0.13228713397984393,0.09588180622085929,0.3804776340723038,0.00027160628283285005
652,0.05523644737359064,0.26936671072617174,0.1497909025871195,0.10365914343856275,0.39185560345649717,0.0002702100696892558
653,0.0565601476611846,0.2831195659004152,0.1321527834457811,0.09551838506013155,0.37943791076540945,0.00026881612447950365
654,0.0558361474778394,0.27617215141654017,0.14791182772314643,0.10179269537329674,0.38890969529747965,0.0002674244609612705
655,0.05776290940493709,0.29195137778297064,0.13194206187763485,0.09537288551218807,0.3807338707149029,0.0002660350928697131
656,0.054666434187674896,0.2762602688279003,0.13417541761737084,0.09684371296316385,0.3802316389977932,0.0002646480339173336
657,0.05475243387700175,0.273534795595333,0.13225411421008176,0.09592112926766276,0.3803591147065163,0.00026326329779384364
658,0.05619783414476842,0.2828021538909525,0.1384725594194606,0.09836069555021823,0.38380974903702736,0.0002618808981660301
659,0.05642529482943246,0.28687786939553916,0.13961873759544688,0.09910437264479696,0.3874323271214962,0.0002605008486776192
660,0.05516139877672686,0.28164137760177255,0.13698230821028118,0.09715324244461954,0.383224293589592,0.0002591231629491422
661,0.05607174786337055,0.2626851888373494,0.13642556705017342,0.097608836973086,0.3848361328244209,0.0002577478545778007
662,0.05541647928866951,0.2769807750359178,0.13206848278059624,0.09587561972439289,0.38079300448298453,0.00025637493713733363
663,0.055477759127461466,0.27684923843480647,0.13092850220418767,0.09578048139810562,0.3787220440804958,0.0002550044241778816
664,0.05486408548122199,0.28404513220302763,0.13616289314668392,0.09604792352765798,0.3821567378938198,0.00025363632922585384
665,0.05726521686137857,0.27865141117945313,0.13260249036393362,0.09683822947554291,0.38209638819098474,0.00025227066578379596
666,0.05613690184595725,0.28445765492506325,0.13797151379840217,0.0979001006577164,0.38335809856653214,0.00025090744733025436
667,0.055541797386467806,0.2835028225556016,0.12971580096636898,0.0940375710837543,0.37817608639597894,0.00024954668731964495
668,0.05594759291507216,0.28821521615609524,0.13184254326624795,0.0953882101457566,0.3785270132124424,0.00024818839918211937
669,0.05567382799290499,0.28055478814058005,0.13630600291508016,0.09759873892180622,0.38310963064432146,0.0002468325963234336
670,0.055988119697576624,0.2790577875915915,0.13224410394468578,0.09447249243967235,0.37980047017335894,0.0002454792921248141
671,0.05552801609337621,0.28398370468057693,0.13403112056403188,0.09562033750116825,0.38153194189071654,0.00024412849994282732
672,0.05619421549235994,0.29161032591946423,0.1320361154343118,0.09499750402756035,0.3802236095070839,0.00024278023310924645
673,0.053972214123496086,0.28110402054153383,0.13345365927962122,0.09561936152167619,0.3804746590554714,0.00024143450493092116
674,0.05567149038524803,0.28123708385974167,0.137749577620707,0.09777403897605837,0.3822658255696297,0.0002400913286896451
675,0.05481028861267987,0.27226393814198674,0.1406321706759627,0.09922836320474744,0.38568276837468146,0.00023875071764202532
676,0.05396986591103996,0.2776725511532277,0.13035999663552503,0.09397460911422968,0.3777965620160103,0.00023741268501935179
677,0.054855091449189784,0.28514910750091077,0.1354829300500569,0.09702415480278433,0.3820862382650375,0.00023607724402746654
678,0.05444954690610757,0.27743709161877633,0.13327024563186568,0.09520228919573129,0.37848403453826907,0.00023474440784663282
679,0.05442670078909941,0.27363809146918355,0.13169563746778296,0.09479867471382022,0.3775100760161877,0.00023341418963140543
680,0.055426845160127414,0.2729151342995465,0.13332549593469595,0.09661183496937156,0.38166804909706115,0.0002320866025105015
681,0.05431743911540252,0.2771468027494848,0.13253108903736574,0.09480016911402345,0.37908262237906454,0.00023076165958666977
682,0.05350504937332516,0.279254228528589,0.13302642876224127,0.09535351977683604,0.37876140922307966,0.00022943937393656182
683,0.05416849792991343,0.2809574037324637,0.13011781252280344,0.09437159704975784,0.3784155912697315,0.00022811975861060341
684,0.05335481170986896,0.2745423402637243,0.13348044894373742,0.0959387756884098,0.3810464046895504,0.00022680282663286523
685,0.054243931150722347,0.28447848060168324,0.1289060490380507,0.09395362087525427,0.37932396680116653,0.00022548859100093394
686,0.05420521144369559,0.27978304685093464,0.13142595910467209,0.09456364088691771,0.3800379507243633,0.00022417706468578463
687,0.05349448778988517,0.2742101163137704,0.131456053792499,0.09503941931761802,0.3793079316616058,0.0002228682606316528
688,0.05412293254321412,0.27877124566584827,0.13076353113137884,0.0938149793073535,0.3785869650542736,0.00022156219175590571
689,0.05324198302942022,0.2779525205492973,0.13247891259088646,0.0956466946285218,0.3802587792277336,0.0002202588709489163
690,0.05360782213374478,0.2760085477959365,0.13103428243921372,0.09430308472365141,0.3783848576247692,0.00021895831107393438
691,0.05348521286623509,0.2711408229544759,0.1394497767701978,0.0981749948579818,0.38303427398204803,0.00021766052496696126
692,0.054096621139797206,0.2758147153072059,0.13378108529868768,0.09549003397114575,0.38204422816634176,0.00021636552543662156
693,0.053281500436150965,0.277307100687176,0.13247747183340836,0.094635348347947,0.3783172108232975,0.000215073325264038
694,0.05363128811059141,0.2779950202442706,0.1330462605925277,0.09507553675211966,0.3794148251414299,0.0002137839372027042
695,0.055389150841210724,0.2808047294616699,0.1308725807859446,0.09427636042237282,0.378258641064167,0.0002124973739783604
696,0.053461413972490844,0.28042588601820173,0.1380810580245452,0.09833154925145209,0.3811207480728626,0.00021121364828886597
697,0.05331612634940939,0.278619266115129,0.13179714295838493,0.09525184552185237,0.3799198307096958,0.00020993277280407496
698,0.05308210717785187,0.2789130618330091,0.13469602781551657,0.09599547125399113,0.3792007230222225,0.0002086547601657117
699,0.0532909572250901,0.27633234881795943,0.13811571763508254,0.09767999914474786,0.3831911988556385,0.00020737962298724474
700,0.05324328877500193,0.26719323471188544,0.13253543756873115,0.09443333698436618,0.37828220427036285,0.00020610737385376313
701,0.053100198803076634,0.27858229242265226,0.133169670967618,0.09432771424762905,0.37822057455778124,0.00020483802532185227
702,0.05422921229205713,0.2809365021530539,0.13131893627869431,0.09470780021511019,0.37865030169487,0.00020357158991947004
703,0.05342773820557341,0.2859663157723844,0.13608600726875011,0.09652294884435833,0.3806538723409176,0.00020230808014582227
704,0.053704025401748366,0.2832033358048648,0.13125416018301622,0.09483571872115135,0.3773487202823162,0.0002010475084712404
705,0.05304625764201774,0.27464742180891333,0.1330786880425876,0.09561781799420714,0.3806494168937206,0.0001997898873370577
706,0.05271493484533494,0.27938208961859345,0.13402293435356114,0.09465110721066594,0.37785024642944337,0.00019853522915548724
707,0.05207688199761833,0.28113024225458505,0.13179362349765142,0.09444604935124516,0.37814728915691376,0.00019728354630949897
708,0.052578358213804674,0.27933824886567893,0.13193067644606343,0.09463598984293639,0.38004734739661217,0.00019603485115269687
709,0.05301729118027652,0.2737332256976515,0.13432510910060955,0.09523477125912905,0.3804860427975655,0.00019478915600919838
710,0.052389920161385814,0.2694295379333198,0.1345364540364244,0.09525584913790226,0.3794472232460976,0.00019354647317351147
711,0.05317565500827186,0.27951036929152906,0.13016701506421668,0.09377703536301851,0.3788388170301914,0.00019230681491041408
712,0.052483378627766794,0.26908972561359407,0.13431720218941337,0.09529764093458652,0.3804706856608391,0.00019107019345483234
713,0.05217746402749981,0.27254026839509604,0.1310853926857817,0.09478352540172637,0.37918779999017715,0.0001898366210117216
714,0.05233864890342375,0.27843448710627855,0.13728260701172984,0.0962982534430921,0.3826009429991245,0.00018860610975594345
715,0.05257672226907743,0.2671420782338828,0.13448344754287972,0.09559725127182901,0.3795147776603699,0.00018737867183214702
716,0.051913654501095155,0.2855954825878143,0.13274466018483508,0.09556195363402367,0.3801869206130505,0.00018615431935464945
717,0.052194757630513774,0.27718403758481147,0.13195215085725068,0.09364622682332993,0.37699956744909285,0.00018493306440731517
718,0.051341300534477344,0.26768743311986326,0.1281801028555492,0.09314322350546718,0.3743791490793228,0.0001837149190434374
719,0.05218763970888176,0.278141269646585,0.13046618478983874,0.09465242698788642,0.3777755707502365,0.00018249989528561922
720,0.051943129054825475,0.2772655940148979,0.13103347060387022,0.09401148618198932,0.37734194174408914,0.00018128800512565475
721,0.05139689056259158,0.26989336633123456,0.13276887727406575,0.09432856924831867,0.3776569917798042,0.00018007926052441048
722,0.051740001302096064,0.27804927360266446,0.13281934814149282,0.09513103878125548,0.3805252589285374,0.00017887367341170757
723,0.05161274308766224,0.27543452638201416,0.13378448743897026,0.09525663065724074,0.38013519570231435,0.00017767125568620402
724,0.05120816854241639,0.2732220243662596,0.1301346633976209,0.0934919239487499,0.376409862190485,0.0001764720192152774
725,0.05105965784168802,0.27578744464553895,0.1315680049112416,0.09418545439839363,0.3772975817322731,0.00017527597583490785
726,0.05114849923947986,0.2760598907712847,0.1328393433286692,0.09456882616505027,0.3764404721558094,0.00017408313734956017
727,0.0513791333843983,0.2672955415211618,0.1328928866350907,0.09517189464531839,0.3788268581032753,0.00017289351553206913
728,0.051793102193505546,0.27059347997419536,0.1327622732729651,0.09441696275025606,0.3777910016477108,0.00017170712212352147
729,0.051387491076820876,0.2693584294989705,0.1314071308457642,0.09431953411549329,0.37729820385575297,0.00017052396883314132
730,0.05191198686043208,0.2752063513267785,0.13142248701915377,0.09409462520852685,0.3763431176543236,0.00016934406733817362
731,0.05169274646741542,0.27852801270782945,0.12807532496226487,0.09229497509077192,0.37372850626707077,0.00016816742928377036
732,0.05022355133387464,0.27192706586793064,0.13294825690682047,0.09481457825750113,0.3792755015194416,0.00016699406628287386
733,0.05112518263194943,0.268154453439638,0.13395960179623218,0.09487221548333764,0.3788718245923519,0.00016582398991610322
734,0.05089173038422814,0.26667404067702594,0.13376894943648948,0.0947620221413672,0.3779538720846176,0.00016465721173163962
735,0.051084880136750145,0.27574105872772636,0.13373864221503026,0.0944718292914331,0.3783708199858665,0.00016349374324511307
736,0.05163973818862359,0.2769864486996084,0.13375863300316268,0.09522357597015799,0.37868300527334214,0.0001623335959394874
737,0.05075829517245438,0.2683799495454878,0.13179802439844934,0.0939969601109624,0.3769618533551693,0.00016117678126494842
738,0.05054611755376755,0.27603712952695786,0.1326848323456943,0.09432361284270882,0.3779601983726025,0.00016002331063879005
739,0.05106487284920149,0.270040004956536,0.1324432752429857,0.09387606121599675,0.3787290699779987,0.00015887319544530149
740,0.05103817894218991,0.27308719702996315,0.13438040500477655,0.09481828296557068,0.3800195172429085,0.00015772644703565547
741,0.05079703733745191,0.26962563917040827,0.1341408193067764,0.09452733076177537,0.38012250885367393,0.0001565830767277956
742,0.05073774348229563,0.2670033574104309,0.1355707411959884,0.09530783868394792,0.37963148206472397,0.0001554430958063254
743,0.050405030480760615,0.27535947132855654,0.13584466711326967,0.09447012455202639,0.3803813360631466,0.00015430651552239652
744,0.05018082458509525,0.27461362299509345,0.13466145931452048,0.09436192675493657,0.37919793128967283,0.0001531733470935973
745,0.05067408205873107,0.27339062225073574,0.1364754294481827,0.09596874215640128,0.3818191185593605,0.00015204360170384255
746,0.05004727073269351,0.2706200500950217,0.13451012919394997,0.09439040282741189,0.3783587567508221,0.00015091729050326343
747,0.05052194387708368,0.27293258034624157,0.13230119385116268,0.09447460612282157,0.37724975049495696,0.00014979442460809662
748,0.050554786583052194,0.2776558412238955,0.13268672463163966,0.09413046031259001,0.3783094726502895,0.00014867501510057497
749,0.04981263717090769,0.2622142435517162,0.1330094391145394,0.09407994970679283,0.3779390074312687,0.00014755907302881896
750,0.05011496705765239,0.27024886161088946,0.1329456459148787,0.09470760351978243,0.3761825628578663,0.00014644660940672596
751,0.04978633696073302,0.26868025078438224,0.13462956789298913,0.09471676503308117,0.378872449696064,0.00014533763521386284
752,0.05043424677505755,0.2672659714706242,0.13256908420444233,0.09388412344269455,0.37848432585597036,0.000144232161395357
753,0.05023515426255472,0.261226711422205,0.131986390282691,0.09361499273218214,0.3753340497612953,0.0001431301988617891
754,0.0493378353555272,0.2757328862324357,0.13265356808988144,0.09425936383195221,0.37890163287520406,0.00014203175848908408
755,0.04929306527747031,0.2700159948319197,0.13063055442617041,0.09338392820209265,0.37644009962677955,0.00014093685111840533
756,0.049729286004276216,0.27368130851536987,0.13147694202198182,0.09360829349607229,0.3772363945841789,0.00013984548755604622
757,0.050197995323196666,0.26665122602134944,0.13440942066954448,0.09476809152401984,0.37980989143252375,0.0001387576785733248
758,0.04964765506738331,0.2731115742586553,0.13339438811090076,0.09419461954385042,0.3789055973291397,0.00013767343490647647
759,0.04998426327333618,0.2657376939896494,0.13217419090651675,0.09462669468484819,0.3787391521036625,0.00013659276725654833
760,0.04925196311091895,0.2671900686342269,0.1317211200701422,0.0935650142841041,0.3774346008896828,0.00013551568628929387
761,0.05013314214784259,0.26260349513031545,0.1303074478477356,0.09325769999995828,0.3776419468224049,0.00013444220263506766
762,0.04920363978662863,0.2684716152492911,0.13259008352615637,0.0941029152367264,0.37718448266386984,0.0001333723268887198
763,0.04928775141079313,0.2743020087713376,0.1310145201103296,0.09308990775607526,0.3754208981990814,0.00013230606960949176
764,0.049613110078371395,0.2739354359451681,0.1337148125792737,0.09406265751458705,0.3767339624464512,0.0001312434413209128
765,0.049700712535013736,0.2627477920614183,0.13137442946608643,0.09397979900240898,0.3752235844731331,0.000130184452510695
766,0.04944736597453812,0.2664030439220369,0.13354757362831152,0.0943544443231076,0.37832045927643776,0.00012912911363063018
767,0.04951564850111936,0.2707244074903429,0.1323865120721166,0.09420857620425523,0.3774365060031414,0.00012807743509648717
768,0.04923419555807414,0.27285635233856737,0.13361502467887476,0.09442254318855703,0.37856961637735365,0.00012702942728790866
769,0.04952729886508678,0.26975285238586366,0.13425786833831807,0.09448705301620067,0.3788915306329727,0.00012598510054830856
770,0.04921086878366623,0.2710434990935028,0.13179232807888183,0.09359907652251423,0.37618193924427035,0.00012494446518476992
771,0.04861982609272673,0.26585476435720923,0.13189707018900662,0.09396576741710305,0.3777568019926548,0.0001239075314679441
772,0.049183222289684636,0.27438083386514334,0.1311485195401474,0.09324096301570535,0.37818447649478915,0.0001228743096319478
773,0.04903676655285381,0.2747179181780666,0.1305406155952369,0.0929212240036577,0.37520797848701476,0.00012184480987426384
774,0.048627691984802365,0.2571548320353031,0.13323536761017749,0.09419754850678146,0.37815595492720605,0.0001208190423556388
775,0.04930182195821544,0.2732392370235175,0.13273773672117387,0.09394049174152315,0.37730528265237806,0.00011979701719998427
776,0.048522942348063224,0.27085585896857084,0.13061642965330975,0.09293985576368868,0.3770853266119957,0.0001187787444942759
777,0.04846220618151165,0.26905227517709135,0.13256641178450082,0.09380940259434283,0.37696604505181314,0.00011776423428845408
778,0.048968252967006264,0.2686363919172436,0.13270754600234796,0.0934995545540005,0.37689426764845846,0.00011675349659532477
779,0.04904449044470312,0.2671032388694584,0.13262009502068395,0.09370981752872468,0.3778387576341629,0.00011574654139046145
780,0.048495914550358066,0.26323413755744696,0.13215539731027093,0.09358937852084637,0.3768994301557541,0.00011474337861210518
781,0.04854934588774995,0.27276682904921473,0.13298055503546494,0.0941779563203454,0.3776351273059845,0.00011374401816106753
782,0.04872423322603936,0.26299725915305316,0.13066200818429935,0.0932210531551391,0.37640024423599244,0.00011274846990063289
783,0.04838279412733755,0.2692323613911867,0.13329600355791626,0.09495560256764293,0.3794034019112587,0.00011175674365646057
784,0.048522060818686444,0.26377341374754903,0.1363956116969348,0.09599522300995886,0.38063917234539985,0.00011076884921648807
785,0.048874485939904844,0.2685513424221426,0.13150005556672112,0.09405969539657236,0.37721131071448327,0.00010978479633083484
786,0.04855058541643302,0.26351330555044117,0.13223957354348387,0.09355496605858207,0.3756924532353878,0.00010880459471170569
787,0.047942490290915886,0.2632074099499732,0.13049160716182087,0.09290709309279918,0.376691161096096,0.00010782825403329479
788,0.048362631919417254,0.26493808729574087,0.1314645335180103,0.09316764129325747,0.37608346715569496,0.00010685578393169046
789,0.048371243845576825,0.27068854635581374,0.13455589215736835,0.09450391437858344,0.377877988666296,0.00010588719400477978
790,0.048179699428146705,0.2611161371227354,0.13380473740398885,0.0940739035140723,0.37587828263640405,0.00010492249381215455
791,0.04800278761213121,0.25921322531066837,0.13283860010269563,0.0938424255233258,0.3777907267212868,0.00010396169287501625
792,0.04772160869315485,0.26977137182839217,0.13214673369220692,0.09351883633062244,0.3770347997546196,0.00010300480067608207
793,0.04773344069290033,0.2656007885932922,0.13350135110667907,0.0937454835511744,0.3770668305456638,0.00010205182665949184
794,0.04792494716502915,0.2644454889232293,0.1338581701129442,0.09398703728802502,0.37803670167922976,0.00010110278023071431
795,0.047833190699930125,0.26950741684995594,0.1330998030520277,0.0942836529109627,0.3763694867491722,0.00010015767075645463
796,0.04783327508230286,0.26003941521048546,0.13228132119838848,0.09347006003372371,0.3755175657570362,9.921650756456139e-05
797,0.0483713187192734,0.26982040107250216,0.12989421270176535,0.09278905978426337,0.37487309947609904,9.827929994393597e-05
798,0.04774646200166899,0.26288075824268164,0.132074694140465,0.09330513519234955,0.37625852078199384,9.734605714443882e-05
799,0.048051293451499076,0.2633015471510589,0.13316497607302152,0.09385316455736756,0.3771576754748821,9.641678837679972e-05
800,0.04760313139877326,0.2649864746257663,0.13063570950471332,0.0930825149640441,0.374935607612133,9.54915028125261e-05
801,0.04772460705908088,0.26724594277329744,0.13136623217433224,0.09312226111069322,0.37532228231430054,9.457020958381311e-05
802,0.04735461039563234,0.26827462592627854,0.132928936391545,0.09355613626539708,0.3761378929018974,9.36529177834528e-05
803,0.048090318624144854,0.27699747700244187,0.13346959890332072,0.09383067577145994,0.3770255886018276,9.273963646474502e-05
804,0.04754698175938756,0.26969815832562744,0.13130636542337015,0.09311667163856327,0.37512185126543046,9.18303746414078e-05
805,0.04768993796733412,0.2660415199119598,0.133024589055276,0.09349255478009581,0.3765698678791523,9.092514128748813e-05
806,0.04730226771671368,0.2636986764147878,0.1307980728059192,0.09284722632728518,0.3753952369093895,9.00239453372737e-05
807,0.04791879350359522,0.2704943085089326,0.13073430666263447,0.09251211201772094,0.37453186213970185,8.912679568520471e-05
808,0.04719237515646455,0.268664610479027,0.13144608579750638,0.09268893888220191,0.3762735426425934,8.823370118578605e-05
809,0.04716015175463326,0.27321031438186766,0.13358322225976735,0.09364006593823433,0.3764087848365307,8.734467065349999e-05
810,0.0472458382703735,0.2635429635643959,0.13162801888684045,0.09286834709346295,0.37613787278532984,8.645971286271892e-05
811,0.04736523617834791,0.2697030247654766,0.1328817963236361,0.09353107302449644,0.3762209385633469,8.557883654761883e-05
812,0.04708729893577583,0.2664549073204398,0.13233445334481075,0.09320153812877834,0.3756629228591919,8.47020504020935e-05
813,0.04712890659920958,0.2643151800148189,0.13176903783460148,0.0932618863414973,0.37630965933203697,8.382936307966815e-05
814,0.04732362227132399,0.2581866916269064,0.13207227307284483,0.09374470924958586,0.3759317107498646,8.29607831934141e-05
815,0.046839188029753134,0.2655316662508994,0.13154891935992055,0.0927091327495873,0.3761523194611073,8.209631931586465e-05
816,0.04758829331458401,0.2593861441127956,0.1323660001042299,0.09320050678215921,0.3763062387704849,8.123597997892897e-05
817,0.04700845118040888,0.26033722017891703,0.13131274917686825,0.0933819517493248,0.3756483197212219,8.037977367380902e-05
818,0.04705275197143237,0.2678165146615356,0.13214873929246096,0.0928937349934131,0.3755680128931999,7.952770885091529e-05
819,0.046829209188217646,0.26882437337189913,0.13226998239115345,0.09303893293254077,0.37600332498550415,7.867979391978378e-05
820,0.04717863279975063,0.2591282193548977,0.13153190433804413,0.09293650235049426,0.37479917481541636,7.783603724899227e-05
821,0.04712227443260417,0.26457497319206597,0.13061723295541014,0.09279410843737423,0.3749819412827492,7.699644716607876e-05
822,0.04672461283789744,0.2594983475282788,0.13253128253418253,0.09310562745667994,0.37594985738396647,7.616103195745818e-05
823,0.04683108041390369,0.27031279560178517,0.13288481768540805,0.09318236773833632,0.37559681162238123,7.532979986834157e-05
824,0.04716168953736997,0.26646373292896897,0.1315980631945422,0.09262160980142653,0.3758438006043434,7.450275910265394e-05
825,0.046369580479040454,0.2671397369354963,0.13322620030521648,0.09335042047314346,0.37724668756127355,7.367991782295372e-05
826,0.04691094591817091,0.27171313427388666,0.13171480434248223,0.0929080838803202,0.37497022897005083,7.286128415035218e-05
827,0.04677071065416385,0.2645018625771627,0.13173707826790632,0.09304826236329973,0.37519109919667243,7.204686616443333e-05
828,0.046907685673659216,0.2582733385264874,0.1328212667212938,0.0929759937338531,0.37513705939054487,7.123667190317379e-05
829,0.04650605475271732,0.2624466999899596,0.13233412736444733,0.09300177786499261,0.37590453401207924,7.04307093628636e-05
830,0.046559004912705856,0.2658904184121639,0.132744905949221,0.0934294518083334,0.3762871153652668,6.962898649802806e-05
831,0.04650782883145439,0.26761501156724987,0.13243210538930725,0.09338282053358853,0.37567814216017725,6.883151122134795e-05
832,0.04681820338219041,0.2666632027365267,0.13193702550488523,0.09319294425658882,0.37596375346183775,6.803829140358208e-05
833,0.0465005141394613,0.2666459869127721,0.13134571058908479,0.09296024283394218,0.3751238152384758,6.724933487349033e-05
834,0.046846907010785796,0.26571100652217866,0.1308946840785211,0.09268563305959106,0.3749335318803787,6.646464941775482e-05
835,0.04632113738234693,0.2618123914115131,0.13333414695225657,0.09334658607840537,0.3762763127684593,6.56842427809043e-05
836,0.0465736083353022,0.2572840531822294,0.1327246904576896,0.0932642444036901,0.37588834315538405,6.4908122665237e-05
837,0.046377829919129,0.2562131467740983,0.13140964395861374,0.0928235671017319,0.3741234429180622,6.413629673074545e-05
838,0.04650723846916662,0.2685582192149013,0.13288183941476744,0.09337112894281745,0.37621067762374877,6.336877259503976e-05
839,0.04643113925994839,0.26877045654691756,0.13272616848407778,0.09317958280444145,0.37574995681643486,6.26055578332735e-05
840,0.04627013673407419,0.2621742526534945,0.131712041166611,0.09279348449781537,0.37454928159713746,6.184665997806806e-05
841,0.04625850712504871,0.2665528596378863,0.13273247120378073,0.09326418419368565,0.3751689426600933,6.109208651943906e-05
842,0.04617926899059057,0.2629045282956213,0.1327329624662525,0.09337738994508982,0.3760737232863903,6.0341844904721806e-05
843,0.046218260388923224,0.2639305231627077,0.13192666530812858,0.09279539962299169,0.3749747946858406,5.9595942538498064e-05
844,0.046265517550546066,0.2710540592903271,0.1314793166675372,0.09282524962909519,0.3751077301800251,5.885438678252317e-05
845,0.045945057081553387,0.2613195418845862,0.13529864921438275,0.0946536153089255,0.3780990093946457,5.811718495565313e-05
846,0.046433069084650926,0.26696623587049545,0.13150755632814254,0.09282897654920816,0.3746489629149437,5.738434433377229e-05
847,0.046423549275004916,0.26332045190501957,0.13127544035523897,0.0927037422079593,0.37499388083815577,5.665587214972159e-05
848,0.04629188352282654,0.26612963376101106,0.1319296229907195,0.09302378175780177,0.3750079035758972,5.593177559322762e-05
849,0.04616059299742119,0.2714592549018562,0.13242090792773525,0.093300457065925,0.3752249233424664,5.521206181083096e-05
850,0.04589317961153938,0.2647042563650757,0.1318128299579257,0.09305297443643212,0.37499007284641267,5.449673790581596e-05
851,0.04595262097327577,0.2632478751242161,0.13233205895667197,0.09310569097287953,0.3751598075032234,5.378581093814085e-05
852,0.04600878453607038,0.2672470468096435,0.13233958673517918,0.09310436178930104,0.375332148373127,5.3079287924367966e-05
853,0.04590273119465564,0.2622829393483698,0.13263278628292027,0.09341486454941332,0.3756495304405689,5.237717583759407e-05
854,0.0458869075230723,0.26185017907992003,0.13247003152791875,0.09302328806370497,0.3749808631837368,5.1679481607381916e-05
855,0.045826296476479914,0.26805156087502835,0.1317329397861613,0.09264813004992903,0.37487523406744006,5.098621211969209e-05
856,0.046005872250498216,0.26022030427120624,0.1314298565412173,0.0928571215365082,0.3749662607908249,5.029737421681432e-05
857,0.045619680569234336,0.26863447912037375,0.13202968409459573,0.0928832923527807,0.375492275506258,4.961297469730083e-05
858,0.04581497444441993,0.261424024309963,0.1311597851512488,0.09270613533444702,0.3747272863984108,4.893302031589844e-05
859,0.04566621035382923,0.26959872082807124,0.1312264087377116,0.09286108310334384,0.375382985919714,4.825751778348245e-05
860,0.045664195491826834,0.2680076341610402,0.13211840264411875,0.09302448448725045,0.37520758882164956,4.7586473766990186e-05
861,0.04563177168829498,0.2650092638563365,0.13229367715248372,0.09309955644421279,0.3752989299595356,4.6919894889355024e-05
862,0.04588386724208249,0.26105882208794357,0.13185688411613228,0.09296952658332884,0.37539988160133364,4.625778772944136e-05
863,0.045646006649030825,0.26136075200047343,0.13193509394623107,0.09277828163467347,0.37498190477490423,4.5600158821979796e-05
864,0.04575920976712951,0.2600903161801398,0.13226736096839886,0.09307840410619975,0.3759544834494591,4.4947014657502034e-05
865,0.04572751835667077,0.2630978767760098,0.13187868273234926,0.09295796798542141,0.37574442848563194,4.4298361682277215e-05
866,0.04553319083506722,0.26527305832132697,0.13148108867026168,0.09293040693737567,0.37517199367284776,4.365420629824849e-05
867,0.045514381197153855,0.27026037813629955,0.1314187308642431,0.09266572305932641,0.375105070322752,4.3014554862969324e-05
868,0.04541932550364436,0.2688019731082022,0.1319281888732803,0.09265039986930787,0.3751042805612087,4.237941368954111e-05
869,0.04535136112535838,0.2656893525738269,0.1316842187254224,0.0926391938701272,0.3754568688571453,4.174878904655087e-05
870,0.045455609776945495,0.2625193005893379,0.13206018795754063,0.092816739436239,0.37544992119073867,4.11226871580093e-05
871,0.0455566244376314,0.2636709748301655,0.13197911411407404,0.09288967326283455,0.37554833143949506,4.0501114203289265e-05
872,0.045341372804341515,0.2695321514736861,0.13180373206123477,0.09273242382332683,0.3750959515571594,3.9884076317064796e-05
873,0.04534094134332918,0.2660659794230014,0.13225345750688575,0.09295594152063132,0.37547311559319496,3.9271579589250695e-05
874,0.04520326179554104,0.26679089926183225,0.13187161376263248,0.09287200826220214,0.37531144320964815,3.866363006494244e-05
875,0.045286233533897755,0.26346570029854777,0.13286401410005055,0.09301282544620335,0.37581402361392974,3.806023374435652e-05
876,0.04527642023003864,0.25877765980549156,0.13158607463701627,0.09261952242814005,0.37456757202744484,3.746139658277081e-05
877,0.04535894844384529,0.26524694096297025,0.1318024886830244,0.09270267421379685,0.37532011792063713,3.686712449046659e-05
878,0.04546578092740674,0.26019347198307513,0.13181574788613942,0.09264119286090136,0.3753072269260883,3.6277423332669265e-05
879,0.04524463178795486,0.2709541130810976,0.1318454579799436,0.09288302506320179,0.3750853560864925,3.569229892949134e-05
880,0.0451939202956055,0.26449682004749775,0.13153549137641676,0.09273825213313103,0.37520666643977163,3.511175705587417e-05
881,0.04518258137863995,0.26939143901690843,0.13163395653682528,0.09284533378668129,0.3747061550617218,3.453580344153202e-05
882,0.04521795095170091,0.2637745561078191,0.13200785216322403,0.09286224641837179,0.37495166063308716,3.396444377089443e-05
883,0.04523388322213577,0.2660339655354619,0.1323639838185045,0.09295245367102326,0.3754686303436756,3.3397683683050696e-05
884,0.04501888580371087,0.2628231757320464,0.131970774733054,0.092828250490129,0.37513513043522834,3.283552877169389e-05
885,0.04523800124516129,0.2590821695048362,0.132225711029605,0.09283716445788741,0.37604686319828035,3.2277984585066264e-05
886,0.045279321117959626,0.2633030007593334,0.13187174361519283,0.09277077591978014,0.3752909764647484,3.172505662590376e-05
887,0.04509373641094498,0.26837976393289864,0.13130144508177183,0.09247548645362258,0.37465331703424454,3.117675035138202e-05
888,0.04506616942962864,0.27751544853672383,0.1318990147090517,0.09292845129966736,0.3756102852523327,3.063307117306287e-05
889,0.04496130415209336,0.26187476203776894,0.13183407116885065,0.09267946789041162,0.37503607794642446,3.009402445684008e-05
890,0.04500008867653378,0.2638972858898342,0.13294034950522474,0.09304915168322622,0.3755501553416252,2.9559615522887237e-05
891,0.04514554215766111,0.26407807734794914,0.13215493498864817,0.09275574274361134,0.37578156888484954,2.902984964560464e-05
892,0.044848298042961685,0.26641152137890456,0.1328224802899058,0.09305054871365429,0.3760706394910812,2.8504732053567647e-05
893,0.0449175494803967,0.2613615644164383,0.13249650941725122,0.09287402341142297,0.3757163599133492,2.798426792947508e-05
894,0.04482032915511809,0.2554474601522088,0.1318120362586342,0.0927097588777542,0.375514429807663,2.746846241009756e-05
895,0.04507188141997176,0.2607058253139257,0.13240650349471253,0.09295884519815445,0.37594490870833397,2.6957320586227266e-05
896,0.04486567001677031,0.26132577094249426,0.13198276016482852,0.09280626797117293,0.3752070784568787,2.64508475026278e-05
897,0.04488631181693563,0.2618282416369766,0.1317558972426923,0.09264635513536632,0.37500580921769144,2.594904815798396e-05
898,0.044863899776464676,0.26903236797079444,0.13203933640324977,0.09280032170936466,0.375539493560791,2.545192750485256e-05
899,0.044820218331642535,0.26777290464378894,0.13208090353000443,0.09276248156093062,0.37542584389448164,2.4959490449614016e-05
900,0.04486473129236401,0.2590203324332833,0.1319734995791805,0.09266816088929772,0.37486709728837014,2.4471741852423154e-05
901,0.044650846842296234,0.2529161732178181,0.13246226788760396,0.09292523497715592,0.37549167573451997,2.3988686527161662e-05
902,0.0447595300894136,0.265351476194337,0.1319511604058789,0.0927729421760887,0.37535741925239563,2.351032924139055e-05
903,0.04477217394373838,0.2676591282710433,0.1323893496693927,0.09279147209599614,0.37552022710442545,2.3036674716303198e-05
904,0.044749160761011805,0.2707312105689198,0.1318554069235688,0.09272282510064542,0.3751678682863712,2.256772762667845e-05
905,0.04470312214671139,0.2665490101557225,0.1319858228729572,0.09283147966489196,0.37554382607340814,2.2103492600834867e-05
906,0.044764943578320525,0.2630095339845866,0.13210575690318366,0.09282830823212862,0.3754775024950504,2.1643974220584656e-05
907,0.044724793367186065,0.26537595931440594,0.13221869595581665,0.09272692734375595,0.3754467643797398,2.1189177021188818e-05
908,0.04457671971813397,0.26448623845353725,0.1318647256717668,0.09275530860759318,0.3756385140120983,2.0739105491312015e-05
909,0.04466193529533484,0.26501928742509334,0.13210831347096247,0.09279114580713213,0.3754522055387497,2.029376407297855e-05
910,0.04470833446121105,0.25919510633684695,0.13200026836420875,0.09269573544152081,0.3753904923796654,1.9853157161528404e-05
911,0.0446373036949808,0.26605298107024283,0.13238495846599108,0.09282460710965097,0.3754757009446621,1.9417289105573995e-05
912,0.0446734306199005,0.254082655813545,0.13220794745866443,0.09271483263000846,0.3753726497292519,1.898616420695703e-05
913,0.04465404190550544,0.2637657081242651,0.1319411484320881,0.09264217102900148,0.3753170907497406,1.8559786720706125e-05
914,0.04461793438476889,0.2683686582371593,0.1321761190672987,0.0927063946146518,0.3755877874791622,1.8138160854995087e-05
915,0.044540931494111646,0.25418244167231024,0.13212863661174196,0.09289604122750461,0.3754688136279583,1.772129077110096e-05
916,0.04448293754594488,0.261758573888801,0.13194933018967275,0.09261533915996552,0.37530389055609703,1.7309180583363e-05
917,0.04452729452896165,0.25817934386432173,0.13213295959722018,0.09282532087527215,0.37536016330122945,1.690183435914255e-05
918,0.0445564579222264,0.26207359130494295,0.13197435251931894,0.0926264033652842,0.3752066157758236,1.6499256118782445e-05
919,0.04445314409667844,0.2548033657018095,0.1319207951441058,0.09260900472290814,0.3752679258584976,1.6101449835567274e-05
920,0.04452280421364776,0.2561014486476779,0.13187033720460023,0.09267413918860257,0.3750963531434536,1.570841943568441e-05
921,0.044465461452364255,0.25971239162608983,0.13200120710971533,0.09271309482865035,0.3751018136739731,1.532016879818532e-05
922,0.04444901383840261,0.25971828321926294,0.132119724934455,0.09267612732946873,0.375374935567379,1.493670175494705e-05
923,0.04448480217342876,0.2603999957907945,0.13225847365247317,0.09278515437617899,0.3753341279923916,1.4558022090634454e-05
924,0.044485913391235955,0.2639136623125523,0.13225496371014742,0.09279440115205943,0.37534197196364405,1.4184133542662964e-05
925,0.04438803974180701,0.2629900530911982,0.13213607113866602,0.09268132327124476,0.37532918006181715,1.3815039801161674e-05
926,0.04437775833871456,0.2657589109847322,0.13221084561664612,0.09276392427273095,0.37546037286520006,1.3450744508936696e-05
927,0.044366467965210175,0.26842491920106115,0.1321695287930197,0.0927442078012973,0.3752925284206867,1.3091251261435578e-05
928,0.04442657942399819,0.2629266288597137,0.13241969827358843,0.09277615207247436,0.3756118670105934,1.273656360671134e-05
929,0.04439118541258722,0.25794959580525756,0.13204448707401753,0.09268643967807293,0.37502574026584623,1.2386685045388272e-05
930,0.044384401061370225,0.25868275607936086,0.13185522188432514,0.09254910438321531,0.3748880498111248,1.20416190306263e-05
931,0.04434749915408247,0.2642470098100603,0.1322694790971582,0.09274960327893496,0.375249382853508,1.1701368968087673e-05
932,0.0443400570533413,0.2637094635050744,0.13184777858696178,0.09260092182084918,0.37499970495700835,1.1365938215903223e-05
933,0.0443327637090988,0.258689575875178,0.13213107050250983,0.09265130418352782,0.37538655996322634,1.1035330084639103e-05
934,0.04430596739621251,0.2549121895805001,0.1319850115425652,0.09263777467422188,0.3751854494214058,1.0709547837263932e-05
935,0.044279930377115306,0.26345657906495035,0.13211190567963058,0.09267644514329731,0.37526198476552963,1.0388594689117037e-05
936,0.044356663665712406,0.25657122195698323,0.13200799883488798,0.09262806824408472,0.3752057023346424,1.0072473807876537e-05
937,0.04431911178144219,0.2589247011579573,0.13219112765218596,0.09271971019916236,0.3754771716892719,9.761188313527815e-06
938,0.04423791222070576,0.26245786699000745,0.13220604972884759,0.09279173030517995,0.3753788612782955,9.454741278332982e-06
939,0.044269114775624986,0.26072148433886466,0.13212176454544533,0.09269752204418183,0.375371240824461,9.15313572680057e-06
940,0.0442383423290039,0.2670945598278195,0.13197840810753406,0.09267371813766659,0.3750361010432243,8.856374635655612e-06
941,0.044241988860449055,0.2594536838121712,0.1317875447566621,0.09258716283366084,0.3749503821134567,8.564460933810388e-06
942,0.04420096665189703,0.2762465598527342,0.13204678638285258,0.09267857093364,0.37515326142311095,8.277397502335114e-06
943,0.04429988033275549,0.258315104059875,0.13194487844011746,0.0926168569829315,0.37499106079339983,7.995187174430129e-06
944,0.04420668476504943,0.2555743325036019,0.1320004520282964,0.09264921084977687,0.3751687124371529,7.717832735397312e-06
945,0.04421208840931286,0.25916080144234,0.132009378328803,0.09266066323034465,0.3752223692834377,7.445336922613044e-06
946,0.044168678044297846,0.25620990025345236,0.1320883906155359,0.09270206824876367,0.37506757602095603,7.1777024255009545e-06
947,0.04418935864769082,0.259470905456692,0.13198298649658682,0.09265658389776946,0.37498537749052047,6.91493188550555e-06
948,0.044186883422389654,0.265005722688511,0.13202878402953502,0.09264007671736181,0.37521461620926855,6.657027896065961e-06
949,0.04416422170388614,0.26730444421991706,0.13210009122703922,0.09267580108717084,0.37522539123892784,6.4039930025904055e-06
950,0.044177923152983564,0.26286590243689717,0.1321406479619327,0.09267746596597135,0.3752720050513744,6.1558297024311524e-06
951,0.04412201032887424,0.26210886486805973,0.13207515038811835,0.09266498675569892,0.37514250725507736,5.912540444859765e-06
952,0.0441279146134093,0.2570437962654978,0.13211727476591478,0.09270861116237938,0.37521806806325914,5.6741276310430085e-06
953,0.04411670391009466,0.2649147869553417,0.13207978999707848,0.09269259655848146,0.3752016261219978,5.440593614019091e-06
954,0.0441306439642176,0.26164353038184346,0.1320612714989693,0.09265252938494087,0.375164832174778,5.211940698674518e-06
955,0.0440902730216294,0.25618161452002824,0.1320753192951088,0.09265090832486748,0.375199893116951,4.9881711417212166e-06
956,0.04410894643760912,0.26568075977265837,0.13209642099536723,0.0926339550409466,0.37524663731455804,4.7692871516743914e-06
957,0.04410458628649394,0.2612327753100544,0.13214128956460627,0.09266310613602399,0.3752958081662655,4.5552908888306516e-06
958,0.04409543731881058,0.2631865027360618,0.1321231517198612,0.09268583757802844,0.37522129714488983,4.346184465246692e-06
959,0.04409393147379888,0.26225619623437524,0.13211577456386295,0.09265437214635312,0.3752468302845955,4.141969944718592e-06
960,0.044080394256434376,0.26303955968469384,0.1321497846278362,0.09267560439184308,0.37529306635260584,3.9426493427611055e-06
961,0.04408452180950917,0.26614794370252637,0.13213911676430143,0.09269764018245041,0.3752880968153477,3.748224626588125e-06
962,0.04406512356254098,0.25965281641110777,0.13209925339906475,0.09268913376145065,0.37532522678375246,3.5586977150931954e-06
963,0.04409046716309604,0.2673464966006577,0.1320675789640518,0.09269077121280134,0.3752756670117378,3.374070478830305e-06
964,0.04406002244004412,0.2527231632731855,0.1320130805426743,0.09264846402220428,0.3752274319529533,3.1943447399957925e-06
965,0.044062837687033604,0.27517002797685564,0.13203193950321293,0.09266880149953068,0.37523627281188965,3.0195222724101375e-06
966,0.04404980774515934,0.25029500061646104,0.13202095580054446,0.09266775115393103,0.3752023421227932,2.8496048015005297e-06
967,0.044038007135895896,0.254535221029073,0.13207900259585587,0.09268408920615911,0.37525679692626,2.6845940042838276e-06
968,0.044039218131365486,0.2648916446371004,0.13209854129963788,0.09268893492408097,0.37528241872787477,2.5244915093499056e-06
969,0.04403680360010185,0.25561725264415147,0.13210067687905394,0.09266655719839037,0.37528751939535143,2.3692988968458324e-06
970,0.04402170375537935,0.2670190609060228,0.1320712794244173,0.09266333407722413,0.3752522498369217,2.2190176984599955e-06
971,0.04401765432576212,0.2635149880312383,0.1320771249665995,0.09268300947733224,0.37526246085762976,2.0736493974071678e-06
972,0.044012527482664154,0.25266549666412175,0.1320845370530151,0.0926718208938837,0.3752634197473526,1.9331954284137425e-06
973,0.04400555591118973,0.2622305733151734,0.13209645460010505,0.09267625692300499,0.37529795840382574,1.7976571777037994e-06
974,0.04400848942614175,0.25926525657996535,0.13211105581431185,0.09267346360720694,0.37530669271945954,1.6670359829850612e-06
975,0.04399346424343094,0.2643337215296924,0.13209794799477095,0.09267147649079562,0.37530585154891016,1.5413331334360138e-06
976,0.04400014172470037,0.2574466563295573,0.1321029819766409,0.0926750669721514,0.3753000482916832,1.420549869693029e-06
977,0.04398973946899787,0.2610932359006256,0.13208909341337857,0.09266776652075351,0.3752773359417915,1.3046873838381508e-06
978,0.043986392464466915,0.2630035371752456,0.13211789331253385,0.09268539864569902,0.3752906769514084,1.1937468193873833e-06
979,0.04398416337962772,0.2614084207918495,0.13212106304563348,0.09267891328781844,0.37528314888477327,1.0877292712792555e-06
980,0.04398080634668986,0.2628033040789887,0.13209072263707639,0.09267467041499913,0.3752730406820774,9.866357858642177e-07
981,0.043976167989649186,0.2641309279948473,0.13212061716621976,0.09267417946830392,0.37529438734054565,8.904673608940958e-07
982,0.04397650247692582,0.26366025651805103,0.13212059251964092,0.09268512334674597,0.37530001252889633,7.992249455124867e-07
983,0.04397452148891716,0.2598544785287231,0.1321281060896581,0.0926738680806011,0.3753048725426197,7.129094402450999e-07
984,0.043971793617402,0.2626406660769135,0.13212267765484284,0.09267374188639224,0.37529786452651026,6.315216969912644e-07
985,0.04396805860483255,0.25995940319262445,0.1321247989209951,0.09267772575840354,0.3752941109240055,5.550625190150466e-07
986,0.04396402749107438,0.26150448503904045,0.1321177357400302,0.09267165204510093,0.375291258841753,4.835326609376453e-07
987,0.04396152194340175,0.2620009548962116,0.13212519371591042,0.09267517188563942,0.375303927809,4.1693282872995325e-07
988,0.04396009903334743,0.2673749826382846,0.13211869561928324,0.0926714873407036,0.37530559226870536,3.5526367970539657e-07
989,0.04395769050038325,0.25836457810364666,0.13212346878135578,0.09267505826428532,0.37530915513634683,2.985258225135503e-07
990,0.0439568891426461,0.2610543023329228,0.13212180589907802,0.09267535037361085,0.3753021202981472,2.4671981713419924e-07
991,0.043956303805680365,0.26495186330284926,0.1321184858403285,0.09267399567179382,0.375304888933897,1.9984617487173113e-07
992,0.04395391410580487,0.2681995482183993,0.1321174725293531,0.09267445537261665,0.3753035843372345,1.5790535835002957e-07
993,0.043951733318044715,0.2530015314929187,0.13211165665561567,0.09267293969169259,0.37529946565628053,1.2089778150797776e-07
994,0.04395119753257859,0.251398035348393,0.13211460631137015,0.09267475320957601,0.37530201524496076,8.88238095955171e-08
995,0.04395065585349585,0.2629019225481898,0.13211321169656004,0.0926748397294432,0.3752994939684868,6.168375916970595e-08
996,0.04394886592558578,0.25617465800605715,0.13211429625225718,0.09267563535831869,0.3753007009625435,3.9477898091944e-08
997,0.04394851603701681,0.25996523196808996,0.13211318745597964,0.09267523083835841,0.3752996474504471,2.220644552508581e-08
998,0.04394790343658315,0.25674131312407555,0.13211354895756813,0.09267521845176815,0.3752992771565914,9.8695719314423e-09
999,0.04394760052955462,0.25173629582859575,0.13211358986154664,0.09267505807802082,0.3752991989254951,2.4673990708934305e-09
1000,0.04394759182814596,0.25738155187573286,0.13211340174166253,0.09267503842711448,0.3752991922199726,0.0
