epoch,train_mse,train_rel_l2,val_mse,val_mae,val_rel_l2,lr
1,0.9095211462612497,1.2265510831028223,0.824130898155272,0.2403703574091196,1.089382427930832,0.0009999975326009292
2,0.8268650415848242,1.102488848567009,0.8321850693610031,0.2085185993462801,0.9020525604486466,0.0009999901304280684
3,0.7958756456704578,1.0306476905941964,0.79041225471301,0.21103559196926652,0.9823665022850037,0.000999977793554475
4,0.734689357301977,0.9485284842550754,1.8087421845120843,0.31971489954739807,1.3730091840028762,0.0009999605221019082
5,0.7364391307724872,0.9575423538684845,0.9001259327196749,0.2278809648938477,1.3546762242913246,0.0009999383162408303
6,0.8240694209875074,1.006301111727953,0.8299777210922912,0.2595404352992773,1.2867710560560226,0.0009999111761904045
7,0.6823183032945963,1.0009131200611592,0.818117659620475,0.2255211712792516,0.9600575000047684,0.000999879102218492
8,0.9267222969632712,0.9616895947605372,0.645503512310097,0.20354531137272716,1.0400779336690902,0.00099984209464165
9,0.563103222407517,0.815675169788301,0.6408130092604551,0.19053347017616035,0.8225706174969674,0.000999800153825128
10,0.5872736682453251,0.8174999974668026,0.659964207347366,0.19402708364650606,0.8783041790127755,0.0009997532801828656
11,0.566716339827326,0.7664508381858468,1.6638787136878819,0.31996477395296097,1.5643651872873305,0.0009997014741774863
12,0.5190271836720057,0.7981258926913142,0.5373599215876311,0.18180078230798244,0.8598749384284019,0.0009996447363202945
13,0.534864104436565,0.716480678319931,0.6282969336461974,0.19208322428166866,0.9819893494248391,0.00099958306717127
14,0.49990476287857744,0.7488020109012723,0.7738607144099661,0.19871543142944575,0.8631824806332589,0.0009995164673390624
15,0.5024969732854515,0.7596326259896159,0.6384393625950906,0.19601198909804224,0.8879678040742874,0.0009994449374809851
16,0.5033734721240762,0.7173713989555836,0.5898904396803119,0.20294302720576524,1.1814142704010009,0.0009993684783030088
17,0.4890710530722572,0.7997077187523246,0.5242655804788228,0.18311505243182183,0.7865422561764717,0.0009992870905597548
18,0.4646965816617012,0.6984372563660145,0.619558620188036,0.19310299810022116,0.9608479902148247,0.0009992007750544874
19,0.46257273020346473,0.7286760892719031,1.8987091730930843,0.30179756013676523,1.5972666770219803,0.0009991095326391058
20,0.4607027136044053,0.6915832368656993,0.5208343438454903,0.17585618067532777,0.7948166579008102,0.0009990133642141356
21,0.4622532032630261,0.7210901778191328,0.5648267253010999,0.1856625722721219,0.9248298421502114,0.0009989122707287207
22,0.4762285040324059,0.729831562936306,0.6798878163914196,0.21877194549888374,1.2538630366325378,0.0009988062531806124
23,0.48974856940949396,0.724090133048594,0.5075172781711444,0.1791159681044519,1.0503601491451264,0.0009986953126161617
24,0.439094205505171,0.6990135291591286,0.537853015094879,0.1829111896455288,1.006169791519642,0.0009985794501303066
25,0.4497092610068648,0.6834594152867794,0.4603767005726695,0.16965575059875845,0.7411521136760711,0.0009984586668665637
26,0.45676137848422516,0.7075679071247578,1.4865984219679376,0.2658139595296234,1.2009805724024774,0.0009983329640170144
27,0.4415957097924547,0.7294552089646459,0.7528353541885735,0.21691640876233578,1.264171276986599,0.0009982023428222956
28,0.4255345885816496,0.6769251612946391,0.49307495294779075,0.1755065462552011,1.037863950431347,0.0009980668045715857
29,0.4404663535860891,0.6750191660597921,0.5086356049025198,0.1753052224870771,0.7606560468673706,0.0009979263506025922
30,0.41402960059531324,0.6776302175596356,0.4884660621290095,0.1721302063204348,0.971135625243187,0.0009977809823015393
31,0.4083726996630503,0.6686821330338717,0.5210622116806917,0.1742608337663114,0.9440222471952439,0.0009976307011031536
32,0.41581878767028685,0.7040487201884389,0.6247542844008421,0.19421202945522964,1.0224734961986541,0.0009974755084906496
33,0.40607387903182823,0.6921930907294154,0.580609589323285,0.18450427264906466,1.0168221205472947,0.0009973154059957155
34,0.40325734497382654,0.6513103134930134,0.4950225740467431,0.1690058225300163,0.9198082223534584,0.0009971503951984987
35,0.39233743803197285,0.6636351212859154,0.6314448130317032,0.19362397231161593,0.8216090679168702,0.0009969804777275892
36,0.4094920984527562,0.6520178586244583,0.4789715872117085,0.17349389460869133,0.7483509004116058,0.0009968056552600035
37,0.39508482361961794,0.690413480065763,0.5851670212228782,0.18199748829938472,0.7752003371715546,0.000996625929521169
38,0.4013657966857863,0.6443159407004714,0.4758256064087618,0.16845384715124964,0.7179079279303551,0.0009964413022849061
39,0.3851494842056127,0.6558031018823385,0.475171059629065,0.1680310336407274,0.8403892949223518,0.0009962517753734112
40,0.3921661480395414,0.6362790079787374,0.4712215444771573,0.16760590458288788,0.8277378916740418,0.0009960573506572383
41,0.39097118336358105,0.6807126149535179,0.6355962405446917,0.1865242232568562,1.3584141254425048,0.0009958580300552808
42,0.36568542917411834,0.6445575514808297,0.5616115468001226,0.18585615674965084,0.987634401023388,0.0009956538155347526
43,0.3575904271769105,0.6282721919938922,0.6555645467014983,0.22717817965894938,1.2998704835772514,0.0009954447091111687
44,0.36786882008309474,0.6377105543389916,0.6305833328515291,0.21068553496152162,2.1289050608873366,0.0009952307128483248
45,0.36581636584887745,0.6336961067281663,0.5248429845436476,0.17945385579951106,0.7966862767934799,0.000995011828858278
46,0.376027208729829,0.6377416728995741,0.5057922498672269,0.17145471833646297,0.9206879884004593,0.0009947880593013246
47,0.36964093241022056,0.6334447022527456,0.6656665541609982,0.18716387562453746,1.0150006234645843,0.00099455940638598
48,0.3478655659768265,0.6463819801807403,0.4772879013675265,0.1667601850349456,0.705147597193718,0.0009943258723689563
49,0.36897459998544946,0.6894786093384028,0.5953345473913941,0.18501146072521807,0.8008526593446732,0.0009940874595551397
50,0.36690018782028344,0.6578152194619179,0.5286173677624901,0.1750469974242151,0.7404843077063561,0.0009938441702975682
51,0.33440286965633276,0.6339965762570501,0.5891684954985976,0.2182769663631916,1.6758643865585328,0.000993596006997409
52,0.3373900809794577,0.6113137267529964,0.4777814409171697,0.16857992368750274,0.7058035388588906,0.0009933429721039333
53,0.34596959071204764,0.5953521069139243,0.6606393920985283,0.19241656856611372,0.8794716581702232,0.0009930850681144938
54,0.3367144139223456,0.6256281355395913,0.6015940577723086,0.1807114648167044,1.1802033245563508,0.0009928222975744982
55,0.33315053647984316,0.6131310638040304,0.6097736861789599,0.1863389119040221,1.3134420588612556,0.000992554663077386
56,0.32574548058764774,0.6155760072171688,0.45967225842177867,0.17001850944943725,0.7313432574272156,0.0009922821672646018
57,0.2931001904378718,0.5816486451774836,0.6028069507272449,0.18824195936322213,0.8867564290761948,0.0009920048128255691
58,0.3048348518954299,0.6009246649220585,0.4387653191544814,0.1689425447024405,0.708127747476101,0.0009917226024976642
59,0.3314436570937687,0.5993355131708086,0.49943506477866323,0.17761706793680787,0.7402643084526062,0.0009914355390661888
60,0.3071084859206167,0.582357912324369,0.6932952662842581,0.1953236371744424,1.1756782233715057,0.0009911436253643437
61,0.3143128952659026,0.6120533430948853,0.9983643828250933,0.2182007202412933,1.2314458966255188,0.0009908468642731987
62,0.30234476835030366,0.607694011926651,0.6258205896010622,0.18191408701241016,1.0736797764897346,0.0009905452587216663
63,0.29239597041287196,0.6075032163411379,0.44094402585178616,0.16326613272540272,0.6979763060808182,0.0009902388116864716
64,0.2670852892602852,0.5757822087965906,0.4737979971338063,0.16955263381823898,0.7274791434407234,0.0009899275261921227
65,0.2836001502386353,0.5885184931568801,0.5246828434086638,0.17732027331367134,0.7571952313184738,0.0009896114053108821
66,0.31040851508223566,0.5798278138041496,0.47610151635890363,0.16861064662225544,0.7046745777130127,0.0009892904521627353
67,0.27707192734415004,0.5746814012527466,0.605424353206763,0.18547915499657391,0.9125558212399483,0.0009889646699153601
68,0.2899138026483342,0.5726615311577916,0.658777986682253,0.18691729251295328,1.05919409096241,0.0009886340617840958
69,0.2874188358080573,0.6129888747818768,0.6440066070441389,0.1870023906696588,1.0773160248994826,0.0009882986310319113
70,0.2816104876088502,0.5554413803853094,0.47288485734607094,0.17171399910002946,0.7139552608132362,0.0009879583809693727
71,0.28513525718626626,0.5549026600085198,0.673167898657266,0.19592179944738747,1.0848904073238372,0.0009876133149546106
72,0.26372603704658104,0.5532634785398841,0.9907138832932105,0.22290564253926276,1.4009987279772758,0.0009872634363932876
73,0.27427765916309,0.5576620848849416,0.5547656308888691,0.178524260642007,0.7670722335577012,0.0009869087487385634
74,0.2512604745847057,0.5431017677299679,0.4979184306517709,0.16803456069901584,0.7256726056337357,0.0009865492554910623
75,0.24907250558208033,0.5440321126021445,0.6072080546058715,0.18750353483483195,1.0945780903100968,0.0009861849601988373
76,0.24724379525141557,0.5222812150605023,0.6856334216543474,0.19413765952922404,1.048623475432396,0.000985815866457336
77,0.24581358453506255,0.5373873024247586,0.5247184520907467,0.1753459105733782,0.789134667813778,0.0009854419779093645
78,0.24933410850353538,0.5364340970292687,0.4645443121495191,0.1662977130152285,0.6937154307961464,0.000985063298245052
79,0.25231910578913813,0.5740428905002772,0.5021191572915995,0.16894434350542725,0.7193648129701614,0.0009846798312018136
80,0.24094832595310436,0.5248041992075742,0.5744410017505288,0.2037488654255867,1.7316439211368562,0.0009842915805643145
81,0.258351238475916,0.5856500029563904,0.8946524145780131,0.2135894269682467,1.2443759068846703,0.0009838985501644318
82,0.26724526098514617,0.581108206231147,0.45818898098077626,0.16794898835942149,0.8121673837304115,0.0009835007438812166
83,0.25546314103412443,0.5627182218246162,1.2974679436767473,0.2283749700523913,1.9413948386907578,0.0009830981656408565
84,0.2545205696244011,0.5339616691693664,0.7997573015512899,0.2159877254627645,1.0732754096388817,0.0009826908194166361
85,0.2467529822861252,0.530856769438833,0.9943442444026005,0.21723454617895185,1.2554327309131623,0.000982278709228898
86,0.21757623256908118,0.5071126612834632,0.4608967577340081,0.16419665375724435,0.7548594281077385,0.000981861839145004
87,0.22052379144188308,0.5173024437390268,0.7705869379162322,0.19871875257231295,1.2156500160694121,0.000981440213279293
88,0.23839981976198032,0.5454792760312557,0.7697288247465621,0.19377383831888437,1.241263821721077,0.000981013835793042
89,0.24329351685155415,0.5843311263248324,0.6455198296986054,0.1933811917435378,1.1538585901260376,0.000980582710894425
90,0.24368528461200184,0.5315146429464221,0.431612510868581,0.16245314213447273,0.6741731449961662,0.0009801468428384706
91,0.22374604300857753,0.5004797016270459,0.681619223637972,0.19497604947537184,0.9004315242171288,0.0009797062359270204
92,0.22095303600763144,0.5076028699986637,0.573162862600293,0.18165180864743888,0.7693664565682411,0.000979260894508687
93,0.2159791055117239,0.505799856595695,0.5376827971689636,0.17960808845236897,0.7573163866996765,0.0009788108229788102
94,0.22249165366665694,0.5070894564501941,0.8213802094483981,0.2061178658157587,1.217360644042492,0.0009783560257794143
95,0.21355526635707064,0.5116109268739819,0.43469849980901926,0.16481828819960356,0.6755974173545838,0.000977896507399164
96,0.20405575629210942,0.5055437124334276,1.0951005655457267,0.21741658495739102,1.7413351953029632,0.0009774322723733204
97,0.20105424834364385,0.4868951661512256,0.5721306837920566,0.1830582168418914,0.9503837287425995,0.0009769633252836956
98,0.21692552591775893,0.5075631465762853,0.45291243662068154,0.16559924064204096,0.695253986120224,0.0009764896707586083
99,0.20877898683902457,0.5135880403220654,0.43143427020986563,0.16103850742802023,0.6872860416769981,0.0009760113134728371
100,0.20827689603138425,0.5135762616991997,0.4329797762358794,0.16338491039350628,0.6913493812084198,0.0009755282581475756
101,0.19376739784802338,0.48696823995560407,0.7994398672599345,0.19863917334005238,1.432847049832344,0.0009750405095503846
102,0.21393500669073545,0.5149357692338526,0.436619207682088,0.16642820835113525,0.7190732106566429,0.0009745480724951461
103,0.21775245879889554,0.5030887242406606,0.4447505320655182,0.16264201230369507,0.6795670315623283,0.0009740509518420147
104,0.21290230915801658,0.5052624492906034,0.47807199486996976,0.17181491418741643,0.9472366824746132,0.0009735491524973707
105,0.23368827960566704,0.5060930049046874,0.9570691563771107,0.21055682189762592,1.5881182372570037,0.0009730426794137714
106,0.2116849252670363,0.4874764953739941,1.049514079268556,0.20303879184648393,1.5056908488273621,0.0009725315375899012
107,0.23013438132911687,0.4805205697193742,0.5791950674756663,0.1845294156111777,0.786555814743042,0.0009720157320705237
108,0.21622846366462908,0.4880889949388802,0.4173366496426752,0.16136091048829257,0.6761717677116394,0.0009714952679464311
109,0.19456253698590445,0.47129544941708446,1.778829477634281,0.2780229349154979,1.7331303492188455,0.000970970150354394
110,0.2068860829447658,0.4991750198416412,0.8456161387264729,0.18916388959623873,1.4027628973126411,0.0009704403844771115
111,0.19373425248359127,0.4861167504452169,0.4104506952106021,0.15847046636044979,0.6575224444270134,0.0009699059755431586
112,0.22784994992580324,0.5239192651584744,1.2090687851392432,0.2427739637903869,1.5300050288438798,0.0009693669288269359
113,0.20832642528384895,0.4783494370058179,0.4451828830409795,0.17008341224864126,0.7467086717486382,0.0009688232496486166
114,0.2178546522525721,0.4940452710725367,0.49516591082501693,0.17647788301110268,0.7525226682424545,0.0009682749433740951
115,0.20373821785651672,0.5151339497417211,0.42986175352998546,0.1646637330763042,0.686453278362751,0.0009677220154149325
116,0.22126281173805182,0.527640292327851,0.45129194388864563,0.1720180507749319,0.993525256216526,0.0009671644712283048
117,0.2101643502326624,0.5098070838488639,0.7196783628460253,0.19765016427263618,1.2422823309898376,0.000966602316316948
118,0.19482441605141504,0.48150507723912594,0.46360257889609785,0.16656989711336792,0.7150641277432441,0.0009660355562291042
119,0.21377550114193583,0.4742222142405808,0.4193476348591503,0.16601035175845028,0.6926278620958328,0.0009654641965584666
120,0.1820018802805862,0.4833328891545534,1.3372009616374272,0.25111587443389,1.5738647356629372,0.0009648882429441245
121,0.21348301320977042,0.55183792905882,0.4451398654957302,0.16909705325961114,1.4556654319167137,0.0009643077010705074
122,0.18835348685297504,0.4626275272108614,0.5021492239553481,0.17725410163402558,1.1781329378485679,0.0009637225766673293
123,0.20439224849887977,0.500990492105484,0.6059151209832635,0.18012539837509395,1.1396209254860878,0.000963132875509532
124,0.19112211437914084,0.4638023138977587,0.4696834160771687,0.16708612460643052,0.7121036380529404,0.0009625386034172276
125,0.18318264689278294,0.4543247575871646,0.46476989046204836,0.17329920064657928,1.0653214275836944,0.000961939766255642
126,0.21194520449862467,0.48073415411636233,0.41109391966310793,0.16027540653012692,0.6701742261648178,0.0009613363699350561
127,0.18269535964172973,0.46512969536706805,0.9307938629353885,0.21140106967650354,1.326703292131424,0.0009607284204107479
128,0.19008816253826807,0.4588021290488541,0.5734702794346959,0.1844083761796355,0.7822942808270454,0.0009601159236829338
129,0.1785300363169881,0.4503635376691818,0.6134565006068442,0.18353023002855479,0.9034394025802612,0.0009594988857967092
130,0.19824006293711136,0.4689995619468391,0.44283353312930557,0.15826775119639933,0.6613481625914573,0.0009588773128419891
131,0.20518899808266725,0.4918882786296308,0.427119727502577,0.1657614248804748,0.6810004934668541,0.0009582512109534474
132,0.19383310435223394,0.4534951665438712,0.39607365772826597,0.15670048696920275,0.6690005615353585,0.0009576205863104573
133,0.18194143377113506,0.4506311328150332,0.4594608349609189,0.1690131555311382,0.7964526727795601,0.0009569854451370291
134,0.199939943852587,0.4520891698077321,0.4325471256743185,0.16627003671601415,0.6911817714571953,0.00095634579370175
135,0.160151571230017,0.4270480178296566,0.634292708907742,0.18439201088622212,0.8557913258671761,0.0009557016383177212
136,0.17687842374070897,0.448744348436594,0.4502805350872222,0.1606438301037997,0.6690394014120102,0.0009550529853424964
137,0.18719213738459076,0.4561761926859617,0.4632074485474732,0.17078868970274924,0.7244802743196488,0.0009543998411780187
138,0.17305366787131787,0.45210053529590366,0.4243301839160267,0.15904787695035338,0.6828492566943168,0.000953742212270557
139,0.18051555145648307,0.4436199492774904,0.5092891622567549,0.16977633526548744,0.7521665140986442,0.0009530801051106435
140,0.1746673225894483,0.449105319660157,0.5991357221966609,0.180075898533687,0.9729165747761727,0.0009524135262330084
141,0.1806749917763227,0.44243580447509884,0.4011531116033439,0.16018167855218052,0.892918436229229,0.0009517424822165161
142,0.17233669519155229,0.4354847431182861,1.0081339878612199,0.21751671396195887,1.797580562531948,0.0009510669796841
143,0.18484174199456901,0.4567930975928903,0.5958477067761123,0.18187770983204246,1.1454903945326804,0.0009503870253026977
144,0.1804352092136469,0.42826219415292144,1.3016888059937628,0.23916042917408048,1.7574525952339173,0.0009497026257831842
145,0.19274186172606278,0.43987629022449254,1.4420821124163923,0.2452856951393187,1.6336654946208,0.0009490137878803065
146,0.18298185301227932,0.4783518540672958,0.4277075465244707,0.16390241915360093,0.7053652733564377,0.0009483205183926168
147,0.21438589853787562,0.5729169241152704,1.3344615781446918,0.23238623077049853,1.656863732635975,0.0009476228241624046
148,0.19898216653964482,0.4650608764030039,0.40015004330780357,0.15733159929513932,0.6897071823477745,0.0009469207120756306
149,0.19113941333507684,0.4622420866973698,0.40333087381441146,0.1608623213134706,0.6862222611904144,0.0009462141890618578
150,0.18111586289887782,0.4220366830937564,0.9280981587420684,0.20245407707989216,1.4154842004179955,0.0009455032620941827
151,0.1644925147997128,0.43530068453401327,0.425873005320318,0.1715888509526849,0.7888836845755577,0.0009447879381891678
152,0.18006680719681753,0.4228026828728616,0.5057217446505092,0.18346212897449732,1.3333266615867614,0.000944068224406771
153,0.15239464049082016,0.444865389354527,0.8833946817670949,0.204432462900877,1.5302041307091714,0.0009433441278502771
154,0.1675609034467925,0.43061447236686945,1.1852098057512195,0.21948762219399215,1.5574520394206046,0.0009426156556662263
155,0.16133778694456852,0.4216239832341671,0.3911764782387763,0.15566964466124772,0.714305929839611,0.0009418828150443455
156,0.1971964442249373,0.511651552375406,0.39386284988140685,0.15939073339104654,0.8113726451992989,0.0009411456132174754
157,0.16966365995194793,0.428209741320461,0.3795256583660375,0.1582770960405469,0.6464261695742607,0.0009404040574615006
158,0.16953515535042243,0.43086988059803843,0.44133023702015634,0.1643285789526999,0.6994708359241486,0.0009396581550952768
159,0.16187542677143937,0.41592446053400633,1.0169971798663027,0.20723535669967533,1.5892487436532974,0.0009389079134805596
160,0.1757975089140018,0.43243103502318264,0.4232189802423818,0.15880733183585108,0.6672471523284912,0.0009381533400219305
161,0.17696665994735666,0.4336121942847967,0.8977407190250233,0.1996735238470137,1.4201551407575608,0.0009373944421667251
162,0.17429390804718423,0.4359167220070958,0.525985044403933,0.16985816024243833,1.010200597345829,0.0009366312274049588
163,0.1856784226542004,0.4219145149923861,0.8269113815855235,0.20681650172919036,1.9447216294705867,0.0009358637032692533
164,0.16148067063604685,0.45970768136903645,0.5981577277532779,0.17709133671596647,1.0622293770313262,0.0009350918773347616
165,0.17029629468361235,0.4152908922173083,1.003995910921367,0.20524317743256687,1.4652493670582771,0.0009343157572190944
166,0.16851524897065245,0.4234745931811631,0.35923032243736086,0.1528535859659314,0.8874291807413102,0.0009335353505822438
167,0.15349171339657913,0.40760933682322503,1.13087847486604,0.2269123362377286,1.5513301014900207,0.0009327506651265082
168,0.2027676418203555,0.4889628500677645,0.40932107622502373,0.1600379860959947,0.868601581454277,0.0009319617085964164
169,0.19990773962144887,0.45895483884960414,0.47565774420509116,0.1831266487017274,1.4829397648572922,0.0009311684887786508
170,0.15902969941344053,0.4811978396959603,0.376543438131921,0.15596920093521477,0.645853479206562,0.0009303710135019706
171,0.15161353427665744,0.4157993845641613,0.8958633804693819,0.23145415745675563,1.7871701925992967,0.000929569290637135
172,0.15649481888358424,0.41488911770284176,0.34812080720439553,0.15156154837459326,0.6602148532867431,0.000928763328096825
173,0.18908393235178664,0.4404201309196651,0.7787568339845166,0.1920087837614119,1.3762003920972348,0.0009279531338355654
174,0.16510179124397836,0.4152513603679836,0.4196792385657318,0.16734937373548747,0.9162317112088203,0.0009271387158496464
175,0.1450121431691514,0.4026282186619937,0.38145114897051824,0.15861341040581464,0.8658917710185051,0.0009263200821770449
176,0.16157217739819316,0.42788344221189617,0.9583480434375815,0.2069512597285211,2.2970420122146606,0.0009254972408973448
177,0.1401700268390414,0.41190739730373027,0.3475602283142507,0.1493997580371797,0.6138960584998131,0.000924670200131657
178,0.13962112255412648,0.3963787340559065,0.8541892992623616,0.1906358228996396,1.360448181629181,0.0009238389680425404
179,0.17370730565216946,0.4410282707773149,1.0231542358116712,0.21693138731643558,1.4212045922875405,0.0009230035528339198
180,0.14910281979282444,0.39512127516791223,0.4473280930891633,0.16503596492111683,0.7156444221735001,0.0009221639627510063
181,0.1497189378933399,0.4174421202391386,0.6843934618314961,0.183239432470873,1.3133768826723098,0.000921320206080215
182,0.15332636064576946,0.4196375736966729,0.8164072945946828,0.20039166240021586,1.4436731040477753,0.0009204722911490834
183,0.16311799894247087,0.474206617847085,0.36880463068373504,0.15534685300663115,0.6719214275479317,0.0009196202263261897
184,0.1713091490059014,0.42345208432525394,0.865066837775521,0.1950316023081541,1.422130897641182,0.0009187640200210698
185,0.14564791869161126,0.41232452057302,0.40655120337032713,0.16714745750650764,1.5990210130810738,0.000917903680684134
186,0.20795887143603978,0.5504774840548634,0.6894849384552799,0.1845030553638935,1.7412235483527183,0.0009170392168065844
187,0.16800468526780604,0.4755516006611288,1.0418419445573819,0.21310163578018546,2.3171106934547425,0.0009161706369203305
188,0.16652009435201762,0.44073171271011236,0.637534920568578,0.19745340272784234,2.1713172525167463,0.0009152979495979051
189,0.14334689548213647,0.39976407401263714,1.011665541108232,0.2176915157586336,2.6317370638251303,0.0009144211634523797
190,0.14730675252112632,0.40573577433824537,0.4027206661994569,0.1628248463384807,0.8364334106445312,0.0009135402871372796
191,0.17669491339875093,0.4257703996729106,0.7693868481263053,0.19862495958805085,1.359409973025322,0.0009126553293464986
192,0.15804532634138013,0.40843430226668714,0.47317575314082205,0.167714514862746,1.6831509619951248,0.0009117662988142125
193,0.1538024243334803,0.43848575204610823,1.2654602909460664,0.23207468800246717,3.002159929275513,0.0009108732043147939
194,0.14446721791864547,0.3995499858632684,0.4346475722501054,0.16716728294268252,1.180175557732582,0.000909976054662725
195,0.1489902004463147,0.43525759084150195,0.47372201792895796,0.17344501223415137,1.9222244963049888,0.0009090748587125104
196,0.1490142936414486,0.4324046730995178,0.46940977965132336,0.1661377171985805,1.2576420038938523,0.0009081696253585908
197,0.16236133945858455,0.4091352320276201,0.34993545422330496,0.1589770635589957,0.7705976381897927,0.0009072603635352535
198,0.13419764134951037,0.3893244623206556,0.9427751917100977,0.20683040339499711,1.4766855880618095,0.0009063470822165457
199,0.1696850129213999,0.4066370539367199,0.6937946958933026,0.18674143897369505,1.4725707828998567,0.0009054297904161855
200,0.14490930027604917,0.40590222775936124,0.6660834000911564,0.18019293388351798,1.315414484590292,0.0009045084971874724
201,0.1457603110355194,0.41248714467510583,1.241880527336616,0.23896224377676845,2.7305558919906616,0.0009035832116231988
202,0.1767524681710711,0.4190720569342375,0.7863639907911419,0.20048042610287667,2.189080722630024,0.0009026539428555596
203,0.13969981883274157,0.3886389028280973,1.1083125958102755,0.2212327592074871,2.344299979507923,0.0009017207000560626
204,0.18046557371617383,0.4156568652950227,0.6534995812457055,0.18284414699301124,1.3101168423891068,0.000900783492435437
205,0.15930345520682748,0.4104538860730827,0.3854773554892745,0.15774763813242315,0.6806066334247589,0.0008998423292435441
206,0.19998565552941727,0.5590200792066753,1.42241058050422,0.24683439470827578,1.819505898654461,0.0008988972197692842
207,0.16176683735557162,0.4534589072689414,0.7353203182516154,0.18651117132976652,1.3992162197828293,0.0008979481733405066
208,0.1526703062496381,0.477444464713335,0.37382152347126973,0.15876550525426864,0.6906278818845749,0.0008969951993239164
209,0.13729980535990763,0.3929213003255427,0.7423327192780562,0.1970041211694479,1.654923951625824,0.0008960383071249824
210,0.14414029257077346,0.4266784034669399,0.33992835335666316,0.1503872555680573,0.6384874656796455,0.0008950775061878439
211,0.16621699382467342,0.43939562253654,1.0489333797158906,0.2265982899814844,1.5520470887422562,0.0008941128059952187
212,0.1456793893356007,0.40513031305745245,0.40148437726311387,0.15403263783082366,0.6796243846416473,0.0008931442160683081
213,0.13522115062187368,0.3771024733781815,0.7094410483143292,0.18428090661764146,1.555408439040184,0.0008921717459667036
214,0.17265791053523571,0.4103196359239519,0.8283278810849879,0.19524974161759018,1.8512617528438569,0.0008911954052882926
215,0.13960318836052465,0.393898122664541,0.46123179980786516,0.16347708189859986,1.0321121722459794,0.0008902152036691634
216,0.13675563773776958,0.38444072380661964,0.9367519610095769,0.2108188971877098,1.5405424878001213,0.0008892311507835103
217,0.14020710120403237,0.39972164100036023,0.7236493387783411,0.18939290381968021,1.3422830775380135,0.0008882432563435378
218,0.14282335820189473,0.39595606820657847,0.7010007628821768,0.1836234049871564,1.2969950973987578,0.0008872515300993655
219,0.13955518848524662,0.39508619317784904,0.6731321278377436,0.1818269264884293,1.2994094058871268,0.0008862559818389307
220,0.14224567125838802,0.39701803997159,0.38821323768352156,0.15743381697684528,0.6798998177051544,0.0008852566213878929
221,0.1366296218282514,0.42232607593759897,0.8798494377027964,0.20641963509842753,1.3247371032834052,0.0008842534586095366
222,0.13197139901913033,0.3906484442763031,0.3522909562219866,0.15018895529210569,0.6567681670188904,0.0008832465034046733
223,0.12959611819551356,0.380997911375016,1.4938708488130943,0.25845886329188944,2.532775765657425,0.0008822357657115442
224,0.14575520101852818,0.40005144458264114,1.2409514907747508,0.257512513268739,2.3727501392364503,0.0008812212555057223
225,0.1367609171078584,0.40096141286194326,0.8832506361184642,0.21200581574812533,2.309495609998703,0.000880202982800014
226,0.12944972952063835,0.3806521188467741,1.094461729732575,0.2322334169410169,2.730001038312912,0.0008791809576443595
227,0.14337833122317534,0.3974029874429107,0.38088618068723007,0.15884333429858088,0.6943834945559502,0.0008781551901257345
228,0.14385317211635992,0.3819249010644853,0.734794203157071,0.18864579545333982,1.5183196105062962,0.0008771256903680505
229,0.13696962344502026,0.3832865530624986,0.9438613318256103,0.19618155676871538,1.7196750566363335,0.0008760924685320542
230,0.13758941553405749,0.38814519764855504,0.6124952333047986,0.18668245747685433,1.5808029189705848,0.0008750555348152283
231,0.14565310418711305,0.3959444252774119,0.5823724688380025,0.1892292018979788,1.2873658053576946,0.0008740148994516897
232,0.12382355666559305,0.36554973628371956,0.3729508605087176,0.15354133639484643,0.6764554545283318,0.0008729705727120896
233,0.14765405916150484,0.38610338168218733,1.00710808771546,0.20560004087164999,2.0436383187770844,0.000871922564903511
234,0.1694286107530388,0.39676977787166834,0.957748316807556,0.22009226572699844,1.6125181004405023,0.0008708708863693681
235,0.14618598412653228,0.3876652346923947,0.4639499427197734,0.15862870975397528,1.1669940188527108,0.0008698155474893034
236,0.12133323722810019,0.36575970966368915,0.5210173653846141,0.16502957474440336,1.1651269659399985,0.0008687565586790856
237,0.15067518494024626,0.3803559691645205,0.35210341349593366,0.14424405125901102,0.631676085293293,0.0008676939303905066
238,0.1381478067734861,0.4034325837157667,1.2596894890535624,0.2399521369487047,1.8717251032590867,0.0008666276731112787
239,0.13573584857822424,0.3706414582207799,1.0010386545269285,0.21244953772984446,1.8207228884100914,0.0008655577973649307
240,0.1487728690253789,0.38365576062351464,0.9946617934736424,0.21521783797070385,2.6904796466231344,0.0008644843137107043
241,0.14366991731367307,0.3771834154613316,0.430020082637202,0.16439683809876443,1.1979584589600563,0.00086340723274345
242,0.14283447752914072,0.40546128852292895,0.4652437932323664,0.1687492717988789,1.0823134034872055,0.000862326565093522
243,0.132634012843846,0.37690526600927116,0.940385792509187,0.20726625751703978,1.807258827239275,0.0008612423214266735
244,0.1296587358590841,0.3854331742972136,0.8701727902283892,0.1949593685567379,1.7345480784773826,0.000860154512443952
245,0.13056309013445572,0.37458749851211903,0.36346001593628896,0.1556170243769884,0.7268053382635117,0.000859063148881593
246,0.13710709093375045,0.4202809039503336,0.9975581212900579,0.20369245167821645,1.9063745126128198,0.0008579682415109142
247,0.1265470499811272,0.3806069238111377,0.94563263253076,0.21511802515015005,2.468713080883026,0.0008568698011382094
248,0.12348780945249019,0.381175934150815,0.8403280563128647,0.18972292905673385,1.5356267862021924,0.0008557678386046416
249,0.12114313060019413,0.3689390660263598,0.33001889889128505,0.15004804879426956,0.7987728223204613,0.0008546623647861356
250,0.1752611114422507,0.44756334824487565,0.44264236703747883,0.16172355301678182,1.1440549090504646,0.0008535533905932725
251,0.14507839398256692,0.3923909162171185,0.6513343509635888,0.1815135207027197,1.5855801299214363,0.0008524409269711795
252,0.13860083816962288,0.38104069568216803,0.7842736200371292,0.1948981317691505,2.024218629300594,0.0008513249848994234
253,0.12042699359826656,0.3704584689810872,0.9475377820548602,0.20914073269814254,1.8525511622428894,0.0008502055753919019
254,0.1558039834269948,0.3931967083364725,1.2431694787344896,0.2430269236676395,1.9197390019893645,0.0008490827094967352
255,0.14453578804514108,0.3930520742200315,0.31831767604453487,0.14766926784068346,0.7248821333050728,0.0008479563982961559
256,0.12910225931518654,0.3778443935327232,0.4015436641173437,0.16423589512705802,1.074199691414833,0.0008468266529064013
257,0.14531327010527093,0.3892388878390193,0.5917498258408159,0.18201559176668525,1.453597953915596,0.000845693484477602
258,0.12779558420897957,0.37384139038622377,0.3966982496553101,0.1639635983854532,1.6211513087153435,0.0008445569041936732
259,0.13849698281446762,0.3666533388197422,0.8978759010031354,0.2198906016536057,2.078230880200863,0.0008434169232722031
260,0.12463719254192256,0.3705155241303146,0.3430761953466572,0.15292330170050264,0.9909210070967674,0.0008422735529643433
261,0.1510428726687678,0.38927287701517344,0.380624282482313,0.15118911005556585,0.6679154589772225,0.0008411268045546973
262,0.16010829892311448,0.3970853284932673,0.7276252961572027,0.1793330936692655,1.3931500270962716,0.0008399766893612086
263,0.14066237301258297,0.385210276581347,0.7261856322991662,0.1870172807946801,2.0009285107254984,0.0008388232187350503
264,0.12578572929724033,0.3832349141128361,0.3196991707663983,0.1443485738709569,0.6055420607328414,0.0008376664040605113
265,0.15096714227620395,0.3779934753663838,0.36780957811279225,0.15656405817717314,0.702889135479927,0.0008365062567548858
266,0.14136546440895473,0.38519472712650893,0.39489670376642605,0.15625170879065992,0.8931041777133941,0.0008353427882683592
267,0.14678096817915504,0.39059834461659193,0.9236219427199103,0.20556575944647193,1.760509157180786,0.0008341760100838957
268,0.1267036043065673,0.3770494467578828,0.4170601948513649,0.15990848382934927,0.974271348118782,0.000833005933717125
269,0.14146723888497945,0.36910987067967654,0.7519616427773144,0.20010349191725255,1.6998225435614587,0.0008318325707162285
270,0.1297801539012653,0.3823964246548712,0.42320358582073825,0.1615514994598925,1.0757197946310044,0.0008306559326618251
271,0.16449936087110473,0.38910972559824586,0.892500372347422,0.19771355362609028,1.7644258499145509,0.0008294760311668577
272,0.1269886956355549,0.3940296574495733,0.9339667347841896,0.19253613511100412,1.8065787985920907,0.0008282928778764774
273,0.11150163701131532,0.36497419634833933,0.3137874173931777,0.14329593479633332,0.618460088968277,0.0008271064844679296
274,0.1440773917172919,0.37871231976896524,0.8212131853681057,0.2004643497057259,2.093886125087738,0.0008259168626504385
275,0.12570111896220623,0.3846447446383536,0.35894243040820584,0.15469471607357263,0.7457887396216393,0.0008247240241650909
276,0.14835111590855377,0.3755354318302125,0.5593366672866977,0.1722349377349019,1.275148682296276,0.0008235279807847213
277,0.13352552402775472,0.3565354821272194,0.554941044060979,0.17776108291000128,1.8068278193473817,0.0008223287443137948
278,0.11851134877279038,0.3607138777151704,0.3351883555180393,0.15359667409211397,0.7289909213781357,0.0008211263265882914
279,0.1268999649942998,0.35247898916713893,1.1062172924168407,0.22771038236096502,2.6787188217043876,0.0008199207394755884
280,0.12127653276183992,0.36686674058437346,0.9518504963547457,0.216514016315341,1.842089443653822,0.0008187119948743441
281,0.14007454647671694,0.3891159165650606,0.8366690815833863,0.19673932269215583,2.319419986009598,0.0008175001047143796
282,0.1394406196443015,0.4231306368485093,0.36936376672238114,0.1508643539622426,0.6780948609113693,0.0008162850809565615
283,0.12372909050573071,0.42002337155863645,0.8380549259134569,0.20290938336402178,1.3575213626027107,0.0008150669355926837
284,0.13731719109391632,0.3985483400523663,0.7848640027688816,0.19542368026450277,1.49366922006011,0.0008138456806453493
285,0.13821400456745322,0.35959311285987494,0.31056870698230343,0.1446103857830167,0.6040968790650367,0.0008126213281678518
286,0.1304593933658907,0.3676767702680081,1.109171178395627,0.22553549129515887,2.0784773573279383,0.0008113938902440554
287,0.12004176943873972,0.35083881644532083,0.305351216008421,0.14903444573283195,0.6580103546380996,0.0008101633789882772
288,0.1264704081015225,0.37364133205264805,0.34608806860633196,0.16443769540637732,0.706951379776001,0.0008089298065451663
289,0.11519847354229569,0.3660960634239018,0.8431140830391086,0.20114507265388964,2.1043612495064736,0.0008076931850895849
290,0.12324022365955897,0.37207068121060727,0.7837147728947457,0.193928499519825,1.722120051085949,0.0008064535268264874
291,0.1289946244258317,0.36394858001731334,0.36708276690915226,0.15387798165902494,0.9280209466814995,0.0008052108439908003
292,0.1049891762308107,0.3472558890003711,0.3315771373687312,0.1481128160841763,0.7815321430563926,0.0008039651488473019
293,0.11540873050435038,0.35998622626066207,1.0071326739969664,0.20465487241744995,2.1800179541110993,0.0008027164536904999
294,0.10649820813996484,0.35418518278747796,0.31747065149247644,0.15486994422972203,0.7467646948993206,0.0008014647708445116
295,0.12065856683275342,0.3578901588451117,0.4638674208486918,0.160514176171273,2.241297133266926,0.0008002101126629411
296,0.10979153965945443,0.36989304795861244,0.9914725370937958,0.2052283627912402,2.5342362061142922,0.0007989524915287586
297,0.14201301138309647,0.3801834830082953,0.7396563132060692,0.1825162537395954,1.6100885570049286,0.0007976919198541766
298,0.11086484535276213,0.34417857504449784,0.43624970274977387,0.16367107098922135,1.5839481472969055,0.0007964284100805288
299,0.12347757199413537,0.4154259556904435,0.3549890134250745,0.1564334800466895,0.7499158591032028,0.0007951619746781464
300,0.14126126235842093,0.3849486220162362,0.3475141052971594,0.1488534296862781,0.679887667298317,0.0007938926261462357
301,0.13743327661868535,0.4165285672992468,0.7660479850892443,0.1862104213796556,1.390970194339752,0.0007926203770127542
302,0.11748527570707665,0.3707499637268484,0.36170041865552777,0.146921141538769,0.6321684315800666,0.0007913452398342871
303,0.15166630685489507,0.37223238735459746,0.39541529113193974,0.16156776212155818,1.15805524289608,0.0007900672271959238
304,0.1226481236077234,0.3560014492366463,0.7250735495763365,0.19706144593656064,2.198871086537838,0.000788786351711133
305,0.12392930921450898,0.35629938850179316,0.5159868855262175,0.1659343193285167,1.2097351491451263,0.0007875026260216385
306,0.12924423090162235,0.35896837720647456,0.4864677675301209,0.16214930694550275,1.2445937395095825,0.0007862160627972946
307,0.13054986698880383,0.3612444335129112,0.39127555215964094,0.15472327470779418,1.0309736013412476,0.000784926674735961
308,0.12019562749646866,0.353178280685097,0.6720649740193039,0.18234862573444843,1.8310719564557076,0.0007836344745633775
309,0.12787251282043144,0.3510303313843906,0.8745031262456905,0.19173043547198176,1.6501066476106643,0.0007823394750330377
310,0.12370370901699061,0.3689635426737368,0.8890266554255504,0.19601899534463882,1.8848281070590018,0.0007810416889260644
311,0.12637728474710458,0.37530990480445325,0.9864948722533882,0.20015428764745594,1.978715744614601,0.0007797411290510826
312,0.13258479382511723,0.3763397275470197,1.1377476418274455,0.2046393219381571,1.884160415828228,0.0007784378082440932
313,0.11321439808398281,0.3551069374196231,0.3868416948476806,0.15917829647660256,1.121271088719368,0.0007771317393683462
314,0.11954375447248822,0.3527476076502353,0.3140024979133159,0.15145930284634232,0.8919985845685006,0.0007758229353142144
315,0.1104843250115664,0.34835382755845784,1.0221078291535377,0.20297810174524783,1.8837094962596894,0.0007745114089990652
316,0.12596699940113468,0.4039256148971617,0.3473970824037679,0.14908470381051303,0.659093102812767,0.0007731971733671338
317,0.1147727865491106,0.3486155181657523,0.35209833412081937,0.14622740242630244,0.6262186102569103,0.0007718802413893954
318,0.12460533834228045,0.36309007117524744,0.3554899789392948,0.1497956406325102,0.695448400080204,0.000770560626063437
319,0.122203850502774,0.3669628566130996,0.4116115481825545,0.16154009588062762,1.2168211415410042,0.0007692383404133291
320,0.12267023937347403,0.3632441470399499,0.3557980806333944,0.15217593358829618,0.6880064964294433,0.0007679133974894973
321,0.11430132688446974,0.3644395059440285,0.38467927601886914,0.15712284073233604,0.9669505834579468,0.0007665858103685934
322,0.12227495226479732,0.39041323130950334,0.7781398433377035,0.19777384074404836,2.0662520661950112,0.0007652555921533661
323,0.14149681134131242,0.3964837431907654,0.3040194899891503,0.141190923191607,0.6018124580383301,0.0007639227559725323
324,0.11497864063157977,0.3523374397307634,0.36550836997339503,0.14991874499246477,0.7374252676963806,0.0007625873149806469
325,0.10560259122630669,0.33284808583557607,0.945058190060081,0.20650966353714467,1.4427553877234458,0.0007612492823579735
326,0.14816398715702234,0.4689191232435405,0.38388343127444385,0.15784750236198306,0.6759249061346054,0.0007599086713103538
327,0.1076841822185088,0.3378933505155146,0.34728886814555154,0.14282442117109895,0.6141644909977912,0.0007585654950690776
328,0.11609270318240306,0.40190612301230433,0.8188225764548406,0.19256672710180284,1.6498505130410195,0.0007572197668907525
329,0.10992828348726107,0.34222418116405606,0.34821162531152366,0.15461207535117866,0.6802433535456658,0.0007558715000571716
330,0.1294154172510389,0.35039622322656216,0.745872092701029,0.190151753090322,2.379850906133652,0.0007545207078751847
331,0.12012146791576014,0.3740909450687468,1.3271651148679666,0.25004078075289726,3.3564674645662307,0.0007531674036765654
332,0.11126911020619445,0.35991414641030134,1.7636023051454686,0.3034481478855014,3.0475021958351136,0.0007518116008178794
333,0.12003352397532581,0.3432054068427533,0.3506386379012838,0.14680568054318427,0.6502747908234596,0.000750453312680354
334,0.1181650080217878,0.34837911552749573,0.9621171035279985,0.20112768448889257,2.2256842121481895,0.0007490925526697444
335,0.12151455395214725,0.3519008063711226,0.8353213366353884,0.20070856739766896,2.007216715812683,0.0007477293342162028
336,0.10825419781867822,0.3473526910878718,0.8282452501007356,0.1933006677776575,1.4591630302369594,0.0007463636707741449
337,0.11784970034195794,0.3575573753099889,0.34235552086029203,0.15142242126166822,0.688158494234085,0.0007449955758221175
338,0.10726460581227001,0.3525539306458086,0.6802401242603082,0.18206662042066454,1.5461302503943444,0.0007436250628626652
339,0.1296623171430838,0.3582297861110419,0.9478826654492878,0.2084046421572566,1.9692057438194752,0.000742252145422198
340,0.10515203122304229,0.3393010823056102,0.738446522259619,0.18592178914695978,1.3356284931302072,0.0007408768370508566
341,0.11245617265994952,0.3377679049968719,0.8038574472942855,0.1988607421517372,2.4540029421448706,0.0007394991513223794
342,0.11672271264706069,0.37572831436991694,0.9826835859916173,0.21060220757499337,1.7820193648338318,0.0007381191018339685
343,0.12999042443261716,0.3576740675140172,0.4361599306575954,0.162125266995281,1.5614769145846368,0.0007367367022061551
344,0.13392973405389058,0.37387814540416003,0.7523701577156316,0.18077216632664203,1.4372405424714088,0.0007353519660826653
345,0.12378018861263626,0.37155009973794223,1.2295828916248865,0.23520418237894775,2.8115543752908705,0.0007339649071302857
346,0.129550078304419,0.3627061691600829,0.38402204929152506,0.15704201953485608,0.6939543850719929,0.0007325755390387282
347,0.13889174263667883,0.3517728510312736,0.43649157526670024,0.16407043123617768,1.3790136992931366,0.0007311838755204948
348,0.12017758845140633,0.32903059194795786,1.0874135291320273,0.22715717870742083,1.77262372225523,0.000729789930310743
349,0.1285005906931474,0.3694824228994548,1.1742399563489017,0.22672413736581803,1.892376348376274,0.0007283937171671487
350,0.11152699946069333,0.3367052351124585,0.32276219556806607,0.14647698774933815,0.655655075609684,0.0007269952498697724
351,0.11332186165309395,0.34952496429905294,0.7593809756916017,0.1936240416020155,2.3910309970378876,0.0007255945422209216
352,0.12118151337672316,0.37890988192521036,1.0264267375343479,0.21600206345319747,2.145946827530861,0.0007241916080450153
353,0.1214198506273533,0.35260904938913884,0.30505285986000674,0.14469981947913765,0.6619211837649346,0.0007227864611884471
354,0.10633747818410484,0.34178969347849486,0.435849676822545,0.15594142433255911,1.3401627123355866,0.0007213791155194498
355,0.1259864362540611,0.39638767461292446,0.8570867030881345,0.1927760938182473,1.4703398197889328,0.0007199695849279566
356,0.105995738099773,0.3503375015221536,0.3999826422543265,0.15211092233657836,1.087802767753601,0.0007185578833254655
357,0.14020767576439538,0.4079144444316626,1.0086770528170745,0.2061980554834008,2.514064648747444,0.0007171440246449014
358,0.10375147075992572,0.3397025005426258,1.1916506445850246,0.23870849441736935,2.454179269075394,0.0007157280228404786
359,0.12222594286376989,0.34805191033519806,0.8424243130721152,0.19903536448255182,2.584745816886425,0.0007143098918875634
360,0.12027614589806035,0.347507500462234,1.2324002288514748,0.22830444714054465,2.7746875822544097,0.0007128896457825355
361,0.10833498070655878,0.3495816169772297,0.595859766996,0.17232588529586793,1.7121582180261612,0.0007114672985426509
362,0.11241353596014961,0.3471273315139115,0.9848227628972381,0.21479555116966367,1.4977594770491123,0.0007100428642059023
363,0.11847659759505405,0.35426200116053225,1.0012628994183614,0.21763908974826335,2.078051355481148,0.0007086163568308818
364,0.11725094573494062,0.3505388002842665,0.3957604993658606,0.1549256223253906,0.7951156109571457,0.0007071877904966413
365,0.11392014350922182,0.42747466107830406,0.9489640514249913,0.19516541315242647,1.9122653797268867,0.0007057571793025535
366,0.10793218511626038,0.33859122097492217,0.3782005292829126,0.14995885314419866,1.101058727502823,0.0007043245373681737
367,0.11846474134654272,0.3322348132263869,0.35390049196430484,0.14672569883987308,1.0583759933710097,0.0007028898788330991
368,0.126418382294014,0.35512221697717905,0.4159762725234032,0.15972871594130994,1.4063579931855201,0.0007014532178568306
369,0.10533009267255693,0.33792589264921846,0.473176788398996,0.17599498722702264,2.025734992325306,0.0007000145686186315
370,0.1073412787412508,0.3415365494787693,0.983420082530938,0.19551237616688014,1.914644506573677,0.0006985739453173895
371,0.13381580402656254,0.3460039297118783,0.897410054091597,0.19114875020459293,2.160558630526066,0.0006971313621714746
372,0.12758973515010438,0.33592105181887744,0.4001158313942142,0.15525923650711776,1.501345294713974,0.0006956868334186005
373,0.11053094834423974,0.3852535305544734,0.4536203245341312,0.15675864834338427,1.3625512272119522,0.0006942403733156823
374,0.12265711451027528,0.3455654067918658,0.8371042702929117,0.1907287816517055,1.742750319838524,0.0006927919961386975
375,0.11138894894957048,0.33759803157299756,1.1201484150311445,0.21166032487526537,2.2747848108410835,0.0006913417161825442
376,0.11689651882797988,0.3412016379646957,0.9264295977656729,0.19251949107274413,1.5943255208432674,0.0006898895477609
377,0.1023352786534815,0.3174449766520411,1.1120176925091072,0.21470539700239896,1.6268219009041787,0.0006884355052060807
378,0.1191236646976904,0.3390462811570615,0.5706045552622527,0.16580869033932685,1.2150464825332166,0.0006869796028688994
379,0.09736784895858364,0.32817910304293035,0.8065583647228778,0.18574711112305523,1.6705379597842693,0.0006855218551185248
380,0.1181405336460557,0.338083441182971,1.3287022795761003,0.2558479176834226,3.3262950867414474,0.0006840622763423383
381,0.10719246748121805,0.34515842157416043,0.8743740903853905,0.1913078147917986,1.9089954741299153,0.0006826008809457933
382,0.11121285907947823,0.3553414388094097,0.3628820520476438,0.1505834000185132,1.076796019077301,0.0006811376833522722
383,0.12940789428212157,0.3585503839887679,0.42862115919124333,0.1577261568978429,1.6882660046219826,0.0006796726980029447
384,0.10953677523139049,0.3568467587698251,0.37577856162097306,0.15379189867526294,0.9490828573703766,0.0006782059393566247
385,0.11777639863503282,0.37919517885893583,0.7829868687898852,0.18302488941699266,1.5691914290189743,0.000676737421889628
386,0.09865307584186667,0.33410793081857265,0.30686426686588675,0.15278611648827792,0.6861525878310204,0.0006752671600956289
387,0.09803759707274366,0.3347355821635574,0.3115288132801652,0.14561047134920954,0.6395607709884643,0.0006737951684855179
388,0.12684203194912697,0.3391981187276542,0.3127129285596311,0.14937381092458962,0.7462590754032135,0.000672321461587258
389,0.13363300264118153,0.3581039097625762,1.2705784181598574,0.23741161776706576,1.9200334399938583,0.0006708460539457411
390,0.10584903778235458,0.35355662889778616,0.3401285144267604,0.1491240095347166,0.6809364974498748,0.0006693689601226453
391,0.10293551392442168,0.33588530239649117,0.43761745642405003,0.15863277288153768,1.3978951916098594,0.0006678901946962898
392,0.108685928315208,0.3520895719062537,0.3188609397271648,0.14492396218702197,0.623712994158268,0.0006664097722614928
393,0.09824779931896047,0.3271401260513812,0.9198602283722721,0.19302166821435093,2.209462709724903,0.0006649277074294259
394,0.12582666961734504,0.33586520194076,0.7352491678379011,0.1794441514648497,1.4749538257718087,0.0006634440148274709
395,0.10973842916018839,0.3750440134201199,0.315325535624288,0.14241102617233992,0.7594569556415081,0.0006619587090990742
396,0.10765284774415704,0.3463908690493554,0.5213797323056497,0.1735743073746562,1.414398045837879,0.0006604718049036041
397,0.13070403774790976,0.35518053323030474,0.9508291707315948,0.2131188463419676,1.7043256431818008,0.000658983316916205
398,0.10109476728880509,0.3391236099880189,0.861874494861695,0.1911615973804146,1.7539374515414239,0.0006574932598276518
399,0.10181755834400974,0.33862666580826045,0.40252162373508327,0.15023177713155747,1.2646069258451462,0.0006560016483442069
400,0.09916199377130397,0.3257023059297353,0.3017262756358832,0.14413389284163713,0.6412961289286614,0.0006545084971874732
401,0.09902453122776933,0.34674174068495633,0.9918744297523517,0.20135903703048824,1.5944484010338784,0.0006530138210942499
402,0.10884716935806864,0.3393658998422325,0.8526138205779716,0.19928939947858454,1.8537529051303863,0.0006515176348163865
403,0.10054940449899732,0.3840351548045874,1.044422767602373,0.22135272584855556,2.5309285864233972,0.0006500199531206377
404,0.11564613153095707,0.3346455140970647,0.9178718814800959,0.19373381091281772,2.151647965610027,0.0006485207907885169
405,0.10262184312568934,0.34160115038976074,0.40936963408021254,0.15828896807506682,1.225936269760132,0.0006470201626161514
406,0.10918258503434117,0.34075438785366713,0.9071258777519688,0.19701778944581746,1.9472931310534478,0.0006455180834141354
407,0.10641603262265562,0.33871732256375253,0.8462492439546623,0.1936742879450321,2.4590638265013696,0.000644014568007384
408,0.14142706729526253,0.36297698663547634,0.8823209930211305,0.19308264637365938,2.1668830037117006,0.0006425096312349875
409,0.1030295126760393,0.3290390782058239,0.9108168172941078,0.19677401864901184,2.6524566158652307,0.0006410032879500642
410,0.09535428287526884,0.32803215086460114,0.41884344759164377,0.1485789731144905,1.1996323734521865,0.0006394955530196142
411,0.10664535575551781,0.3365110689308494,0.9384341626951936,0.2024059341289103,2.9209367290139197,0.0006379864413243723
412,0.11245884698814734,0.33090044977143407,0.44378621455980466,0.16062574377283453,1.636517097055912,0.0006364759677586621
413,0.09592557477244554,0.326504257787019,0.8769767569610849,0.19218416921794415,1.8604114919900894,0.0006349641472302475
414,0.11289014192734612,0.32747535877861084,0.8624022834934294,0.19510419499129056,2.5122705459594727,0.0006334509946601873
415,0.09341763365209772,0.33145533674396577,1.0743378979794216,0.23446701765060424,2.7707186222076414,0.000631936524982686
416,0.10347547699038842,0.33557711308822036,0.30051102496217935,0.15016511240974068,0.7830309227108956,0.0006304207531449479
417,0.09743271112538424,0.32112124781124296,0.9126247303618584,0.19178782869130373,1.4860896602272988,0.0006289036941070295
418,0.10661139787848697,0.33966560354456304,0.9621365743456408,0.21261263182386755,1.9381161130964757,0.0006273853628416907
419,0.10827898851530335,0.3467919888906181,0.8345055564772338,0.1969950937665999,2.4510191813111306,0.0006258657743342481
420,0.12231634169302197,0.36330790012143555,0.7388950879103504,0.17604740196838975,1.4711409032344818,0.0006243449435824269
421,0.10142615194135943,0.34961587293073537,0.6935882694786415,0.17745786029845476,1.5998708471655845,0.0006228228855962129
422,0.10450894250734563,0.3320290863979608,0.36027707195607944,0.1495216444134712,0.6694441378116608,0.0006212996153977034
423,0.0984917983259038,0.32467786874622107,1.1553476295084693,0.23548977598547935,2.241659900546074,0.0006197751480209606
424,0.11737014550853928,0.33818267309106886,0.8501001758151687,0.19130518967285753,1.88131186068058,0.0006182494985118621
425,0.0943825382913019,0.3255965860560536,0.4345735647017136,0.15736282216385006,1.2523710697889328,0.0006167226819279525
426,0.09800838148557886,0.33309589573182163,1.121606814052211,0.21639703251421452,2.330601893365383,0.000615194713338295
427,0.09282506727122382,0.3165901384782046,0.431776633951813,0.16140861762687564,1.5273519843816756,0.0006136656078233229
428,0.09511803313107521,0.3301563353743404,0.983339300181251,0.20969299795106053,1.9058531776070595,0.0006121353804746904
429,0.09246202376234577,0.3252687440253794,0.8726320695946924,0.20381782846525312,1.5477921418845653,0.0006106040463951233
430,0.09552366664320289,0.3127152981236577,0.3458851094648708,0.14637256730347872,0.971353468298912,0.0006090716206982711
431,0.14259163509141218,0.34276402173563836,0.7677852508670184,0.19013958359137179,2.0898453518748283,0.0006075381185085564
432,0.11572781560635122,0.3366179285105318,0.799422157194931,0.18648354983888565,1.7549501419067384,0.0006060035549610271
433,0.09885605352119456,0.3338994022924453,0.6485227467957884,0.1812794125638902,1.5421981453895568,0.0006044679452012055
434,0.11596772975190106,0.3299059033859521,0.35082709131529555,0.14784808428958057,0.6501834750175476,0.0006029313043849404
435,0.1317702934235058,0.34789591855369506,0.8192865386314224,0.19569706870242953,2.0862663477659225,0.000601393647678256
436,0.11345525375818397,0.33256454593501983,0.8392550332646351,0.19943519663065673,2.508660911023617,0.0005998549902572033
437,0.11417042265993586,0.34614265263080596,0.7129881209344603,0.18352265814319252,1.3904710464179515,0.0005983153473077097
438,0.09660251973382401,0.32483842484652997,1.2051287477719597,0.2428423620760441,2.8261537604033946,0.0005967747340254299
439,0.09713978242580197,0.33660479267127813,0.4574969649896957,0.16975839268416165,1.8083464592695235,0.0005952331656155947
440,0.10737778663897188,0.3233109848573804,0.884762479463825,0.19737667320296168,1.9129727840423585,0.000593690657292862
441,0.13918978867550322,0.32974788257852194,0.864255282341037,0.2041251384653151,1.7249709129333497,0.0005921472242811663
442,0.09134016980651723,0.3318015362601727,0.8702848082582932,0.19484718656167388,1.8070459738373756,0.0005906028818135683
443,0.11039949582673217,0.32584785684011874,0.7921674629556946,0.19201242104172705,2.5808650508522986,0.0005890576451321047
444,0.12090463248396191,0.34422085313126444,0.8388009508606047,0.20309849809855224,2.263147759437561,0.0005875115294876377
445,0.09459345234472494,0.3234188427682966,1.1094685555901378,0.2247758001089096,2.020268787443638,0.0005859645501397045
446,0.09690126762552609,0.3198540858924389,0.8633037960156799,0.19449279811233283,1.8408335208892823,0.0005844167223563666
447,0.09303850214464546,0.3252914387267083,1.0923841399839147,0.22941358918324112,2.676082584261894,0.0005828680614140596
448,0.11240071688789613,0.325365348206833,0.41825051324558443,0.1489611679688096,1.220946913957596,0.0005813185825974415
449,0.0939175135405094,0.3278513413388282,0.9412954729981721,0.19807340055704117,1.98387560993433,0.0005797683011992427
450,0.12113818201232789,0.3335221749264747,0.8582176550582516,0.19676116332411767,1.7995698899030685,0.000578217232520115
451,0.10666315196604045,0.3247555191628635,0.4254162293043919,0.1540062939748168,1.167965766787529,0.0005766653918684798
452,0.08773459543626813,0.3105565457604825,0.7311475331254769,0.17725474750623108,1.6542473927140235,0.000575112794560378
453,0.09428229059703881,0.32036508498713373,1.0589245295675938,0.21663414272479714,2.40625988394022,0.0005735594559193181
454,0.0888316578722879,0.31588078918866813,1.004188935321872,0.19721706807613373,1.8090415880084039,0.0005720053912761255
455,0.1075775200480166,0.3231830820441246,0.7447124332131352,0.18147898390889167,1.7159228928387165,0.0005704506159687907
456,0.10170953043052577,0.3323235158342868,0.6647413035621866,0.1748274141922593,1.426979687809944,0.0005688951453423185
457,0.10283528833124364,0.3307435736525804,1.105143580515869,0.23721871031448244,2.1001899510622026,0.0005673389947485757
458,0.09676852867896742,0.32108280099928377,0.9777872777427546,0.20840426944196225,1.4975902169942856,0.0005657821795461407
459,0.09368296333304897,0.3261139682494104,1.0822616871155333,0.22242366122081875,2.0221727401018144,0.0005642247151001509
460,0.08556684457753364,0.31345363478176297,1.0510768198320875,0.2109314366709441,1.5042579516768455,0.0005626666167821515
461,0.08690621573832687,0.3150393711403012,0.8912204970838502,0.19562018485739827,1.6691448137164115,0.0005611078999699441
462,0.11737415696256903,0.3330528393853456,1.0235497299407144,0.21330696130171417,2.6073985055088995,0.0005595485800474343
463,0.10436505985617259,0.32173348097130655,0.3904688638402149,0.1579571814276278,1.4691910445690155,0.0005579886724044802
464,0.08660990059888718,0.3248831148259342,0.9725672333675902,0.2005969868041575,2.0626169227063658,0.0005564281924367402
465,0.08989177887715413,0.32033563158474865,0.8756714951072354,0.19740790799260138,2.233659338206053,0.0005548671555455221
466,0.08542227915941111,0.322076656576246,1.032192643417511,0.20168374413624407,1.993166871368885,0.0005533055771376294
467,0.09464781746455628,0.3230224472936243,0.3243846763623878,0.14786401642486452,1.0435250833630563,0.0005517434726252107
468,0.10770524282879705,0.32397836707532407,0.33136003218824045,0.15031409645453095,0.6692000538110733,0.0005501808574256068
469,0.11552426775606364,0.3416373873595148,0.9839063017454464,0.19919546889141201,1.9168601155281066,0.0005486177469611992
470,0.10539649926240599,0.32062161108478904,1.1075460689258763,0.2131948795169592,2.4622320130467417,0.0005470541566592566
471,0.10338593535489053,0.30538530540652575,0.4962033696821891,0.16434685699641705,1.3301340773701669,0.0005454901019517844
472,0.12090486244469503,0.3351044565439224,1.0494215109269134,0.20393832717090846,1.913798089325428,0.0005439255982753712
473,0.10659508851422288,0.32915403191000225,0.3618723333347589,0.15406423825770615,0.95334842056036,0.0005423606610710361
474,0.10857986915589209,0.32091685589402913,0.9342351923231036,0.1954437238164246,2.0635038018226624,0.0005407953057840783
475,0.09192068815946186,0.30792137640528383,0.7504078534024302,0.18364665191620588,1.842082244157791,0.000539229547863922
476,0.10299628920538453,0.3208564438857138,1.0070764160132968,0.2155864242464304,3.18068380728364,0.0005376634027639659
477,0.10330042035920997,0.3213662832509726,0.4017883466323838,0.15231439815834164,1.3544541209936143,0.0005360968859414298
478,0.08627952286788058,0.31387681416235863,0.9527548767160624,0.20832237619906663,2.65953920930624,0.0005345300128572025
479,0.09684423553026136,0.3323368199635297,2.0364321925269904,0.33197609763592484,2.8933362528681754,0.0005329627989756883
480,0.08948998401883727,0.3234099455177784,0.8763885599444621,0.18585854936391116,1.6845193274319172,0.0005313952597646562
481,0.09269773212145083,0.31450820360332726,0.9678475926280953,0.20549011901021003,1.9307692393660545,0.0005298274106950849
482,0.08750038561347537,0.3099858374800533,1.153437759936787,0.22461104011163116,2.1371233269572256,0.0005282592672410118
483,0.11879758892928294,0.311263582482934,1.1895026270009113,0.22048346530646085,2.3950913444161417,0.0005266908448793798
484,0.08438683275498989,0.3063511870335788,1.0617805930553004,0.21165827065706252,2.2184788554906847,0.0005251221590898843
485,0.10318564470780985,0.32043384946882725,0.6338298234099057,0.17954300893470646,1.5780681893229485,0.0005235532253548208
486,0.09289071678049368,0.33052876819856464,0.3446210058405995,0.1436620437540114,0.8012957304716111,0.000521984059158932
487,0.1133439416017609,0.3372494091745466,1.1082366757676936,0.2109720751643181,1.9764837488532065,0.0005204146759892546
488,0.08527365314093913,0.3059860185254365,0.3387333167018369,0.1581727985292673,1.0784835711121559,0.0005188450913349667
489,0.10764278449878475,0.3269149387720972,0.9258260766684543,0.19952655294910074,2.206793674826622,0.0005172753206872356
490,0.09179405950817454,0.31602824283763764,0.44541608766885477,0.15445758439600468,1.625223033130169,0.0005157053795390636
491,0.10813531669932672,0.3228493893984705,0.7860734961286653,0.18597321789711713,2.115070276707411,0.000514135283385136
492,0.09043124096442626,0.3164141055662185,0.6616176068899222,0.17930098604410888,1.8103813499212265,0.0005125650477216682
493,0.08480190968516581,0.30203163432888686,1.539131993241608,0.2754584426060319,2.865206445753574,0.000510994688046252
494,0.09402774554787356,0.31241530473344026,1.5108418588526547,0.2597420967184007,2.1146965503692625,0.0005094242198577035
495,0.0900937904849343,0.3030962889548391,0.3519491533312248,0.14192760456353426,0.6261029504239559,0.0005078536586559097
496,0.09062870701181965,0.30886810147203503,0.45773572265170515,0.15363114289939403,1.3027256160974503,0.0005062830199416756
497,0.12719266051835804,0.3291493852157146,1.1507922865217552,0.22762003280222415,2.294171279668808,0.0005047123192165713
498,0.10181659511817998,0.30453345836140217,0.4238395078777103,0.1534374736249447,1.236510308086872,0.0005031415719827789
499,0.08563041173201782,0.3226947519462556,0.9913906647416297,0.2022629862651229,2.3668130546808244,0.0005015707937429391
500,0.08232708536720565,0.3111710807308555,0.8551543542591389,0.19304195707663893,1.9256486907601356,0.0004999999999999994
501,0.09491359773592194,0.31613492309115826,0.36317009740741923,0.14656639778986574,0.8864976972341537,0.0004984292062570596
502,0.0873072495462111,0.30848033614456655,0.6669906180875842,0.17530709793791174,1.7149672657251358,0.00049685842801722
503,0.08678570673937429,0.299417665367946,0.9547370880609378,0.20174282090738416,2.30654566437006,0.0004952876807834274
504,0.08884594184241905,0.3304724581539631,0.8738747707451694,0.18893698500469328,1.58277235776186,0.0004937169800583231
505,0.1004158015761277,0.31990496867801993,0.9317699478415307,0.1983331642113626,2.127930387854576,0.0004921463413440891
506,0.0958570640787002,0.32891656160354615,0.9134484664769843,0.19503383468836546,2.1573725655674933,0.0004905757801422952
507,0.08607468447653446,0.30522096757777034,1.0849204550555442,0.22133418787270784,2.2400305554270745,0.0004890053119537468
508,0.08648148917818617,0.30841960525140166,0.9935014654998667,0.21069727083668113,1.9640582635998727,0.00048743495227833065
509,0.08550139636581662,0.30481659835204483,0.8970809473627014,0.18574199471622704,1.528022964298725,0.0004858647166148628
510,0.08634124495465585,0.31133663156069813,0.9499308449157979,0.19357100687921047,1.8951099425554276,0.00048429462046093526
511,0.09456791577304102,0.30550217065028845,0.43230017520254477,0.15672292988747358,1.1870839655399323,0.0004827246793127634
512,0.08418307905394613,0.3196066598407924,1.1410269810352474,0.22286392133682967,2.3468845263123512,0.00048115490866503213
513,0.08868332612109953,0.3140080648940057,0.8965551765984856,0.19035300076939166,1.7570406258106233,0.00047958532401074443
514,0.09415843559872883,0.3103468026034534,0.8768923510186142,0.1877712297718972,1.724894994497299,0.0004780159408410671
515,0.08593317917857349,0.32278095008805396,0.5980685237853323,0.16917901588603854,1.4668754309415817,0.0004764467746451781
516,0.09756457237172071,0.33235362065024676,0.48945373252499846,0.1643211011774838,2.111419654637575,0.0004748778409101148
517,0.08063505645204713,0.30962694389745593,1.4281697132915725,0.2792610075324774,2.9082855693995953,0.0004733091551206193
518,0.0866406323546471,0.3182172724744305,1.0617618329299148,0.22098843324929476,2.494804522395134,0.0004717407327589873
519,0.09893179309183324,0.30598558695055544,0.43463151110336185,0.15332076558843255,1.4582954719662666,0.0004701725893049142
520,0.08081261298329992,0.29265443738549946,0.8844981878122781,0.1958994443528354,2.503177489340305,0.000468604740235343
521,0.08899829627571307,0.31655061333440243,0.9045912392844911,0.19283798253163695,2.2400896079838275,0.0004670372010243106
522,0.08936555126010717,0.31530940560624005,0.7659536554361693,0.18382442276924849,2.432088141143322,0.0004654699871427967
523,0.09183576117893608,0.3274812266696244,0.6630838280892931,0.18526306552812458,2.203722280263901,0.0004639031140585693
524,0.08411102992940869,0.30544851403683426,0.32912775019649415,0.1465389278717339,1.0291514828801156,0.00046233659723603313
525,0.08596895969385514,0.3236883668694645,0.49984971900703384,0.16102755581960082,1.5424775287508965,0.00046077045213607716
526,0.09461456014482791,0.2989684812258929,0.41520142392255366,0.1578885148279369,2.015782054513693,0.0004592046942159208
527,0.12533469416075604,0.32067556749098003,0.9960829608142376,0.22041076999157666,2.7575370125472545,0.00045763933892896283
528,0.09934359588596635,0.3056873295456171,0.933964534761617,0.20247378367930652,2.068389043211937,0.00045607440172462795
529,0.09787445956644661,0.3224987552501261,0.9496394251706078,0.19736232860013841,2.0830547377467155,0.00045450989804821464
530,0.07896986917130562,0.3075760933570564,1.0671450528083368,0.2122510826215148,2.2527206569910048,0.0004529458433407424
531,0.08331247917458313,0.31703310962766407,0.4095354801393114,0.15414334358647466,1.5443936884403229,0.0004513822530388
532,0.09057101915204839,0.3113073047250509,1.2327496598300058,0.21468831449747086,2.193457654118538,0.0004498191425743922
533,0.08494184773990128,0.31613403200171886,0.9896140735421796,0.21078952131792902,2.736096349358559,0.0004482565273747884
534,0.08877182183696278,0.312230039620772,1.0670506268681492,0.21703741922974587,2.686726862192154,0.00044669442286236966
535,0.08871935130655402,0.31755890138447285,0.6784724738448858,0.18067152248695492,1.3756799697875977,0.000445132844454477
536,0.08240346392967694,0.31418182821944357,0.8196833087422419,0.18972189025953412,1.791807048022747,0.0004435718075632588
537,0.08843972057857172,0.30992092289961876,0.4733936114993412,0.1619522163644433,1.4649254232645035,0.000442011327595519
538,0.10317296248394996,0.3438112009782344,0.569252631184645,0.17084046648815274,1.8515798270702362,0.00044045141995256487
539,0.0810758175018691,0.3010355342645198,1.1565909298602493,0.23701207637786864,2.963557617366314,0.0004388921000300549
540,0.07886227122671699,0.3090793911833316,0.5458118595357518,0.17222668547183276,2.043029634654522,0.0004373333832178476
541,0.08951462370905575,0.3108502855990082,0.9389802301826421,0.19832535898312925,2.2143550395965574,0.0004357752848998483
542,0.09479744494428814,0.3092461879365146,1.003862432501046,0.2059819707646966,2.306786818802357,0.0004342178204538584
543,0.08532109517109347,0.31946580139920117,0.46414212812669575,0.16452751634642482,1.6907760486006738,0.0004326610052514234
544,0.08526864974883211,0.3093714044895023,0.9445447360398248,0.1993408483453095,2.2082349866628648,0.0004311048546576807
545,0.09454674554090162,0.312413431564346,0.8792435681156349,0.1922765938565135,2.295418407022953,0.0004295493840312084
546,0.08626048580335918,0.340944171929732,0.9545474513317458,0.20866367490962148,2.597590962052345,0.0004279946087238736
547,0.08194126134840189,0.2933309832587838,0.43332327490206807,0.15377885727211832,1.182915072143078,0.0004264405440806811
548,0.08241604981076307,0.31363124889321625,1.0014108137460425,0.20076592676341534,2.330837582051754,0.0004248872054396212
549,0.08173549826133239,0.30310816294513643,1.0234954591840506,0.20744435722008348,1.9891797721385955,0.0004233346081315195
550,0.08655891575308487,0.3096589711494744,0.968393328419188,0.2160022968892008,1.9116354689002037,0.0004217827674798844
551,0.0777271608783849,0.30739766913466154,0.5842322823009454,0.17792230807244777,1.5630297839641571,0.00042023169880075665
552,0.08998943719616363,0.30003880127333105,1.0753259276447351,0.21335156625136734,1.9349273100495339,0.000418681417402558
553,0.07989103791978777,0.30520507036708294,1.0949828220822382,0.22256392184644938,2.4045888110995293,0.00041713193858594004
554,0.0826077158838416,0.31134470892138777,0.8958062053075991,0.19388919714838265,1.948905275762081,0.0004155832776436329
555,0.08370505528801005,0.31031445558182896,0.9496261011052411,0.2043352778069675,2.5125867992639543,0.00041403544986029495
556,0.10571897414847627,0.32651035017333924,1.0853823584795463,0.23145523592829703,2.945755308866501,0.0004124884705123618
557,0.09151060108169987,0.29706535800360145,0.32908952931175006,0.14560441980138422,0.8036989159882069,0.00041094235486789464
558,0.09684880618915485,0.3597474987618625,1.0773346266883892,0.21089911106973885,2.2567534327507017,0.0004093971181864311
559,0.10435863450934449,0.31246504597365854,0.47107811613241213,0.16913855616003276,1.8486158490180968,0.00040785277571883313
560,0.10203846069643988,0.31236354522407056,0.9442518783034757,0.20173334535211324,2.2726337626576423,0.00040630934270713745
561,0.0823287342704134,0.31183019671589135,0.7708521131600719,0.1862115738913417,2.0073570773005485,0.00040476683438440486
562,0.07817209824124802,0.3173072383971885,0.835477456060471,0.19372824262827634,2.065612694621086,0.00040322526597456974
563,0.11426799796963678,0.30709182964637877,0.8960687045473605,0.19649787470698357,2.5355112478137016,0.00040168465269228967
564,0.09410406905344644,0.2972562605515122,0.7232939418870956,0.18789034113287925,1.7833507120609284,0.0004001450097427963
565,0.11545070018592014,0.3171211483422667,0.8856465605902486,0.19949990855529903,1.977537240087986,0.00039860635232174353
566,0.08160169616985513,0.30258462657220664,0.8704258318932261,0.1952342781238258,2.448210072517395,0.000397068695615059
567,0.09835619929781388,0.3003036342561245,0.7422708512865939,0.1877453642897308,1.922854207456112,0.0003955320547987939
568,0.1007832357731786,0.2975009554997087,0.8563647740345914,0.1997860346455127,2.2401403576135634,0.00039399644503897244
569,0.07777262272488769,0.2947944765910506,0.7665303078945727,0.18653545072302222,1.983725666999817,0.0003924618814914431
570,0.07727767228798257,0.29691103580407796,1.123668576212367,0.22124465545639396,2.590183608978987,0.0003909283793017285
571,0.09769185290024325,0.3200665692333132,0.879098360252101,0.1914796257391572,2.2238218933343887,0.00038939595360487633
572,0.07974160338853835,0.30131886741146446,1.3810862753132824,0.27023801458999513,2.6606836318969727,0.00038786461952530917
573,0.0797982200323986,0.28764464166015385,0.747847979515791,0.1832371392287314,1.6777509525418282,0.00038633439217667666
574,0.10305453360033426,0.31172995576635004,0.8281989857554436,0.19435948533937336,2.2598361134529115,0.0003848052866617046
575,0.07906088728159374,0.29404962053522465,1.0149150148208719,0.21033993074670435,2.4506933078169824,0.00038327731807204717
576,0.0780233461667649,0.2886058065574616,1.167392419098178,0.24609280014410614,3.2441053450107575,0.00038175050148813746
577,0.08133451636986137,0.2967482481151819,0.6382473509060219,0.1745279783848673,1.563173571228981,0.0003802248519790389
578,0.10292403221628774,0.3159162642899901,0.8574504162592348,0.19273620834574104,1.883090402185917,0.00037870038460229607
579,0.08110702903586571,0.2957843073643744,1.2976920527697076,0.25832075709477065,2.8517631381750106,0.0003771771144037866
580,0.08429106601297462,0.3111110448371619,0.9342985260300338,0.2028011648915708,1.8256408125162125,0.00037565505641757246
581,0.11431886450591264,0.30781575608998535,0.40908954333281144,0.1485286314971745,1.4013683751225472,0.00037413422566575115
582,0.0918466613788496,0.3153814867604524,0.8675000750983599,0.21265927935019135,2.3162234008312224,0.00037261463715830876
583,0.1138960610461254,0.3445748926606029,0.6457426432869398,0.1743839571252465,1.503346098959446,0.0003710963058929699
584,0.079444227899603,0.29501499561592937,0.8983970865549054,0.19558529276400805,1.8560535565018654,0.00036957924685505135
585,0.12450328206559788,0.345922480057925,1.0800582032243256,0.22561815762892365,2.775168227404356,0.00036806347501731337
586,0.07926246678907774,0.29631562014110385,0.7705719002289697,0.18793013505637646,1.985849916934967,0.0003665490053398121
587,0.07868864700640188,0.30565847652032974,0.7398119544610381,0.17528999065980316,1.581832878291607,0.0003650358527697516
588,0.07859318491414342,0.29949774290435016,0.8323646693548653,0.1919517253525555,2.270288074016571,0.00036352403224133715
589,0.0787810622262441,0.29272930552251636,0.7588845664751716,0.19095796924084424,1.6407852344214917,0.00036201355867562703
590,0.08015126226382563,0.2938043082598597,1.0542675311502534,0.2224064721725881,2.606240674853325,0.0003605044469803851
591,0.0998276781291679,0.31868058228865265,0.8588328964426182,0.1983703446574509,2.3675313726067544,0.0003589967120499351
592,0.07999180932920354,0.29191025188192726,0.7971709109260701,0.18137730853632092,1.4459070950746535,0.0003574903687650117
593,0.0763673442090294,0.3001079333946109,0.9385014163795858,0.19946853425353767,2.1542268238961695,0.00035598543199261525
594,0.07921037371443163,0.2936042660847306,1.2715150468226057,0.2585859131067991,2.7662910632789135,0.00035448191658586387
595,0.07505734310016124,0.29139853729866444,0.42880185913527386,0.15104185696691275,1.2468383878469467,0.0003529798373838479
596,0.10866264596588734,0.3016460300423205,0.9103654170176014,0.1965198926627636,2.204701690375805,0.0003514792092114823
597,0.08252882996639528,0.30310414454434065,0.8448901183379348,0.19037231765687465,2.2025449499487877,0.00034998004687936173
598,0.09182200566256142,0.30062014432623985,0.6953750408487395,0.17934061028063297,2.014611093699932,0.00034848236518361284
599,0.07639936439236408,0.3016860854346305,0.8849470378365367,0.19896107530221344,1.8543703138828278,0.00034698617890574935
600,0.07648243388857737,0.2926682349760085,0.34130538353929296,0.14466932462528348,0.9631826162338257,0.0003454915028125261
601,0.0786714520725127,0.2922634611371905,1.0452752661018168,0.22575038466602565,2.7430064588785172,0.0003439983516557924
602,0.07975071069813566,0.29558665500953796,0.9345012944191694,0.20472213746979834,2.327287485450506,0.00034250674017234737
603,0.101574425011313,0.30354811092838646,0.9738741592445876,0.20800304980948567,2.2013468578457833,0.00034101668308379426
604,0.09238553031864286,0.3014267276506871,0.3363449971366208,0.14721245393157006,0.8342137359082699,0.00033952819509639506
605,0.08250788493069194,0.2978075922001153,0.43740231220144776,0.15387246580794453,1.1992220237851143,0.000338041290900925
606,0.0806448981331414,0.30006973911076784,1.0498594109725672,0.2168813175521791,2.326807700097561,0.00033655598517252856
607,0.08051935062826487,0.29582345685921607,1.2023838127439377,0.24657994667068123,2.6690122723579406,0.00033507229257057335
608,0.09107977844478228,0.2998287784401327,0.41640943705569955,0.15581165254116058,1.584847268462181,0.0003335902277385065
609,0.07886991179602773,0.2896527167642489,0.7656608607445378,0.1918272870592773,1.3917208373546601,0.00033210980530370943
610,0.07875249861581324,0.2830929937772453,1.0509544424770865,0.21902018832042813,2.79692113250494,0.00033063103987735404
611,0.0761405117194954,0.3012238584924489,0.9998498238215688,0.2221717762760818,2.4694910079240797,0.00032915394605425804
612,0.08462094570149929,0.29949220386333764,0.9510071704629809,0.21447418984025718,2.510072131454945,0.0003276785384127412
613,0.08216650301296795,0.2952214203309268,0.31424462675349785,0.13991835685446857,0.5985367365181447,0.00032620483151448126
614,0.11342695323928638,0.31882344170007854,0.9739765466481913,0.2033812920562923,2.218512623012066,0.00032473283990437017
615,0.07979261860382394,0.30267678536474707,0.47883273659972475,0.16412965897470713,1.4891328319907189,0.0003232625781103712
616,0.09475500238468157,0.31150662736035883,1.011381645547226,0.20772667303681375,2.2796312004327772,0.00032179406064337436
617,0.07344177423478868,0.29036547229625287,1.0555741849238984,0.21884601274505258,2.6631281569600107,0.0003203273019970544
618,0.09379602368271663,0.3028994794469327,1.0286137750430497,0.22946774428710343,3.283068810403347,0.00031886231664772686
619,0.07468029569627106,0.28420209647156297,0.5402248301892542,0.16657316777855158,1.5657229572534561,0.00031739911905420584
620,0.07860215496148157,0.2852060468867421,0.9732656625274103,0.21139639941975474,2.3247476518154144,0.0003159377236576607
621,0.07816020066848069,0.3015468906611204,0.8953339994186535,0.201604092027992,1.9051322504878043,0.00031447814488147415
622,0.07678914608823106,0.28402654314413667,0.8508818397880532,0.1988481051288545,2.122706525027752,0.00031302039713109955
623,0.09201796110910436,0.2966005521826446,0.720263825764414,0.18155774734914304,1.859528748691082,0.0003115644947939183
624,0.07587149876740114,0.29529402907937763,1.0137089445255696,0.21985035873949527,2.7345174342393874,0.0003101104522390992
625,0.07990206811227836,0.28657452315092086,0.826096466591116,0.1991752258501947,1.7191773265600205,0.00030865828381745485
626,0.08110259974091605,0.30208404464647176,0.7819378850108478,0.19490132750943304,1.7375026687979698,0.0003072080038613015
627,0.08258409167924582,0.3027839727234095,0.9746657835203223,0.20463219056837262,2.380035226047039,0.0003057596266843167
628,0.09476451247319347,0.2834802307188511,0.7718108903383836,0.1927660976536572,2.0114930137991904,0.0003043131665813986
629,0.07715705675864229,0.2959177339915186,0.33701478934381157,0.14838658999651672,1.1871212407946587,0.0003028686378285242
630,0.07688261044404499,0.29731480767950413,0.9387812456872779,0.2034691296517849,2.336047425866127,0.00030142605468260934
631,0.07558301451845181,0.28287767188157886,1.0600431147380731,0.23415265986695885,2.853271084278822,0.0002999854313813674
632,0.10702122802822486,0.2930264088790864,1.0537921769660898,0.21471373382955788,2.442432663589716,0.00029854678214316833
633,0.0753004711025369,0.2888306603766978,0.9205896738159935,0.19831244871020318,2.278130292892456,0.00029711012116689976
634,0.09966870935113548,0.31381643456406894,0.8765330075344536,0.1957218366675079,2.1893969252705574,0.00029567546263182523
635,0.08518737390131718,0.29073430232238023,0.9213346282660495,0.2002973733469844,2.158398400247097,0.0002942428206974453
636,0.0797856842073088,0.29796567442826927,0.9683267926040571,0.21106093637645246,2.66324163377285,0.00029281220950335763
637,0.07527113637315778,0.2914874797221273,0.9816482128400821,0.20564217269420623,2.2373348832130433,0.0002913836431691171
638,0.07484091275109676,0.2975212588906288,0.9015475110325497,0.20728930849581956,2.0916970908641814,0.00028995713579409654
639,0.07447889311306426,0.2876265824306756,0.8585919517150614,0.19252899531275033,2.01685731112957,0.0002885327014573481
640,0.10992131906718897,0.3061324535869062,0.6176706016995013,0.165833037532866,1.39231026917696,0.0002871103542174633
641,0.0803385782055102,0.3008500031195581,0.7478412615717389,0.17924374858848752,1.4950482711195945,0.0002856901081124355
642,0.07687414789861577,0.29867809507995846,0.5346924079232849,0.17406832659617066,2.0105229184031486,0.0002842719771595203
643,0.0902196206901408,0.2808929349062964,0.9424641477467958,0.20029177693650127,2.3817388325929643,0.00028285597535509735
644,0.08705287040907024,0.28392647304572166,1.1552465741231572,0.24368312424048783,2.8760613203048706,0.00028144211667453334
645,0.07581427571312815,0.28634813660755754,0.9532298959384207,0.20085014197975398,2.3182198867201804,0.00028003041507204207
646,0.07129456094244233,0.28512259570416065,0.3133528592763469,0.14124691467732192,0.7427882805466652,0.000278620884480549
647,0.07373249895799745,0.2895576575305313,0.8827843479812145,0.1927054994739592,2.012979043275118,0.00027721353881155153
648,0.06983453361717692,0.284716078848578,1.0516606985998807,0.21673107119277119,2.3423199228942395,0.00027580839195498366
649,0.09207882381861054,0.30023805277887733,0.9372405174595769,0.19689720356836915,2.030047211050987,0.0002744054577790771
650,0.07645975801628993,0.2780282251071185,0.8178665980638471,0.1854510904289782,2.1681302793323995,0.0002730047501302263
651,0.07545988857345946,0.2884053298272192,1.0095776295871475,0.21546939574182034,2.433060913532972,0.00027160628283285005
652,0.0715212865902231,0.2794426000211388,0.9415549449855461,0.2063486438244581,2.2877279445528984,0.0002702100696892558
653,0.07396545602541664,0.29822713527828454,0.8080559914116747,0.18944120658561586,2.872933232784271,0.00026881612447950365
654,0.07364516450902556,0.28687841051723806,0.9266524828912225,0.2081629500724375,2.654221319407225,0.0002674244609612705
655,0.08559142177241483,0.2935042575234547,0.883803279773565,0.19492438118904828,2.7260750442743302,0.0002660350928697131
656,0.08941249291933673,0.2969601569697261,0.7676439662696793,0.18338384525850415,1.6802886873483658,0.0002646480339173336
657,0.07170481418979761,0.2806257439777255,1.4383147219312378,0.2854141912888736,2.79128895252943,0.00026326329779384364
658,0.09282866238518181,0.29656936950050294,0.3141952616744675,0.14502108115702866,0.8314400881528854,0.0002618808981660301
659,0.0779567012767984,0.3002391911344603,1.1092771349707617,0.2289352562278509,2.512477745860815,0.0002605008486776192
660,0.07522031533821974,0.28535157442092896,0.9421607189753558,0.20032622371800243,2.317460337281227,0.0002591231629491422
661,0.08940730333315514,0.2991867966018617,0.7343013294041156,0.1839323344640434,2.0105722412467,0.0002577478545778007
662,0.0955521409771336,0.29761462146416306,0.8121802396140992,0.18655959479510784,2.0693737372756003,0.00025637493713733363
663,0.07459402100025728,0.29650246566161514,0.698741270089522,0.1760547666810453,1.747622436285019,0.0002550044241778816
664,0.07660699626321729,0.2905342814512551,1.040180361631792,0.23320344733074308,2.517345856130123,0.00025363632922585384
665,0.07054008503910154,0.29470430347137155,0.31520732560311443,0.13863353533670306,0.8914451912045479,0.00025227066578379596
666,0.07411655985288235,0.28611482414416967,0.31007738840999083,0.1382788611575961,0.6830918043851852,0.00025090744733025436
667,0.07134479158039539,0.28498323960229754,0.8690410566341598,0.20001227287575601,2.5372859954833986,0.00024954668731964495
668,0.06935779326977354,0.2811718952143565,0.3827200687024742,0.15079040843993424,1.323225623369217,0.00024818839918211937
669,0.08961215255449133,0.2983557155588642,0.8871517046936788,0.20613559847697616,2.50215115621686,0.0002468325963234336
670,0.06928443852048076,0.2950635485816747,0.3094588706851937,0.13885127855464816,0.6462763957679272,0.0002454792921248141
671,0.08604149126408629,0.2914808068424463,0.9935498980688863,0.20477842967957258,2.36365514844656,0.00024412849994282732
672,0.09025934832034181,0.2839219234883785,1.0491795125533827,0.22364405738189816,2.751405403763056,0.00024278023310924645
673,0.08318087208294855,0.29852244863286614,0.9710241472348571,0.20668547172099352,2.582046736776829,0.00024143450493092116
674,0.08408066046040404,0.2939257006859407,1.1153707600897178,0.2245459775440395,2.456312599778175,0.0002400913286896451
675,0.08845533812936993,0.29596991278231144,0.3426612359122373,0.14620843576267362,1.2811337813735009,0.00023875071764202532
676,0.06930091036683735,0.27751678889617326,0.7685532705916558,0.18344789510592818,1.5961577624082566,0.00023741268501935179
677,0.06909059496015288,0.28821024256758393,0.742919311276637,0.19165067765861749,1.9584280222654342,0.00023607724402746654
678,0.07070732041338487,0.28760517523624,1.0140530476754066,0.22508266856893897,2.6889016553759575,0.00023474440784663282
679,0.07477036590717034,0.27888975823298096,0.40248070294037464,0.15507808802649378,1.397409561276436,0.00023341418963140543
680,0.06953943171356514,0.27459616782143714,0.7610483040334657,0.1875759488902986,2.2948024585843085,0.0002320866025105015
681,0.07219836596595997,0.2848506149603054,0.38513119928538797,0.15454183351248502,1.4377744928002358,0.00023076165958666977
682,0.0749505350826439,0.2790854804683477,0.34509091548388826,0.14940532371401788,1.0124787867069245,0.00022943937393656182
683,0.0758049652079535,0.2881301580928266,0.44085027402034027,0.15632258914411068,1.8899597927927971,0.00022811975861060341
684,0.06922140232272796,0.27654296152759344,0.9959604711737484,0.22262464398518206,2.834808824956417,0.00022680282663286523
685,0.07327577097426001,0.2815730362199247,0.909410028666025,0.20522464150562883,2.614052413403988,0.00022548859100093394
686,0.06833778229120072,0.2811476150760427,0.8921667628048453,0.1973217636346817,2.3009374707937242,0.00022417706468578463
687,0.07311051656838571,0.2871347662061453,0.8706928346364293,0.19620359754189848,2.441793014109135,0.0002228682606316528
688,0.06820243701195068,0.2894120516721159,0.8695148923259695,0.19873758098110555,2.853112241625786,0.00022156219175590571
689,0.06802486684637188,0.2838574190158397,0.31393027908634397,0.1469079114496708,0.6715085692703724,0.0002202588709489163
690,0.06930783033526496,0.28234061030671,0.8370558430557139,0.1964060832746327,2.223781833052635,0.00021895831107393438
691,0.10774590109149358,0.29681503421161326,0.4390023618703708,0.1512933498248458,1.623688754439354,0.00021766052496696126
692,0.07342059261964096,0.28721838048659265,0.9061405769665726,0.21071817940101029,2.817528945207596,0.00021636552543662156
693,0.0709556346264435,0.28191211419180034,0.8805871906923131,0.19468863159418107,2.2729694306850434,0.000215073325264038
694,0.08312215051500971,0.2717701037414372,0.8362775739165954,0.19219658738002182,2.1340363934636115,0.0002137839372027042
695,0.06921306699632623,0.2859349698061123,0.8486168689734768,0.19279623236507176,2.2877885892987253,0.0002124973739783604
696,0.07598284559685453,0.28620185614563526,0.895428510318743,0.19535032901912927,2.1861074045300484,0.00021121364828886597
697,0.08687683575267328,0.2900598251959309,0.49357178368372845,0.16616501696407796,2.073540621995926,0.00020993277280407496
698,0.07439721623504739,0.28729345006868245,0.9182532466889824,0.202769183088094,2.682642973959446,0.0002086547601657117
699,0.06980939778068204,0.27983989981003105,0.8564037219679449,0.19035270703025162,1.8403988257050514,0.00020737962298724474
700,0.06981073149954682,0.2839423621771857,0.435008880100213,0.15472323782742023,1.2368967473506927,0.00020610737385376313
701,0.07114255951773885,0.28273996848147365,0.9118939091684297,0.19955983739346267,2.255825160443783,0.00020483802532185227
702,0.06953319108461073,0.2679531033616513,0.9343157853581943,0.2066734280437231,2.464793546497822,0.00020357158991947004
703,0.07124507616881601,0.290962095069699,0.9295564637577627,0.197683612909168,2.457601660490036,0.00020230808014582227
704,0.06643013985403741,0.27670421744696794,0.9697809217264876,0.22639838960021735,2.9051502153277395,0.0002010475084712404
705,0.07051425173904136,0.2771715832408518,0.7338170484057628,0.18284379197284578,1.953581129014492,0.0001997898873370577
706,0.08229427528794986,0.2878903679549694,0.9435232799616642,0.20563968839123845,2.529016289114952,0.00019853522915548724
707,0.07399276641772304,0.28068999184761195,0.8479258882987779,0.2022960500791669,2.5285111263394358,0.00019728354630949897
708,0.0664486784818564,0.27397915166802705,0.7742537913465639,0.1878611685242504,1.9541513592004776,0.00019603485115269687
709,0.06746319180974751,0.2825859545962885,0.7620239674579352,0.18197689056396485,2.0716501981019975,0.00019478915600919838
710,0.08325522807372181,0.2760784380370751,0.3434909859672189,0.15055076628923417,1.5336523801088333,0.00019354647317351147
711,0.09493596520796928,0.28649907996878027,0.9185047785344068,0.19679316305555403,2.3596034198999405,0.00019230681491041408
712,0.08387762882998687,0.28173905368894336,0.34397872268455104,0.1449346779845655,1.1485150262713433,0.00019107019345483234
713,0.06633682120013873,0.2772457762621343,1.0633335755963345,0.2500529340468347,2.8007430344820023,0.0001898366210117216
714,0.0710180057314119,0.27849117876030505,0.8105376664665528,0.19054276244714857,1.92934088408947,0.00018860610975594345
715,0.07147153837577207,0.29143321884330364,0.42635882798349484,0.15184794357046486,1.3275113858282566,0.00018737867183214702
716,0.08458370254875262,0.2857889744685963,0.6308389647398144,0.17576302085071802,1.9716510251164436,0.00018615431935464945
717,0.0683472245520079,0.2796875002095476,0.8614400461839977,0.1906180583871901,2.266677665710449,0.00018493306440731517
718,0.06957157158658447,0.28831022484228014,1.021835633419687,0.22017190204933285,2.793208560347557,0.0001837149190434374
719,0.06888995934059494,0.2713536202907562,0.9859550189576112,0.2162397992797196,2.678275591135025,0.00018249989528561922
720,0.07013538853834689,0.2933874410809949,0.8322547656716779,0.18657059827819467,1.766781708598137,0.00018128800512565475
721,0.07285375813198698,0.28267808514647186,0.453585685917642,0.15556951947510242,1.6218782559037208,0.00018007926052441048
722,0.07816806658775022,0.29156486426945777,0.7502196882385761,0.1844921733252704,1.8305226005613804,0.00017887367341170757
723,0.07155196724297638,0.27704571865033356,0.8995200995879713,0.19900968614965678,2.1965563513338564,0.00017767125568620402
724,0.07041377431446563,0.2747184646315873,0.7993153996998444,0.18559995042160154,1.9089326396584512,0.0001764720192152774
725,0.08045731061656625,0.2836975025711581,0.830434874392813,0.19198862966150046,2.2200246796011927,0.00017527597583490785
726,0.07138356818313696,0.28332675697747617,0.8754324008012191,0.2010466773994267,2.5890894174575805,0.00017408313734956017
727,0.0743946314506502,0.2784727248363197,0.960090205387678,0.21893436200916766,2.7589340656995773,0.00017289351553206913
728,0.06786330411823656,0.27741731354035437,0.317619637795724,0.1431506528519094,0.7306937098503112,0.00017170712212352147
729,0.08009384447182129,0.28403666059020904,0.8556093702442013,0.1970960703678429,2.117780144512653,0.00017052396883314132
730,0.08777147238156431,0.289837299939245,0.4199557014508173,0.152636712603271,1.5544334217905997,0.00016934406733817362
731,0.06572971291216163,0.27812703922390936,0.9255850258283317,0.20249743917956947,2.331503841280937,0.00016816742928377036
732,0.0882416482325425,0.28705189970787615,0.9251313996035606,0.20189251322299243,2.2755371436476706,0.00016699406628287386
733,0.07446901813536896,0.2857296720612794,0.7950355192355346,0.18394282096996903,2.1674374759197237,0.00016582398991610322
734,0.06678743441307233,0.26473806113936005,1.0106706522579771,0.21429008385166526,2.775031693279743,0.00016465721173163962
735,0.07658889086214912,0.28492597239091993,0.9626198551501147,0.20666995085775852,2.3620168790221214,0.00016349374324511307
736,0.07974498081475759,0.28153591151349244,0.8649529888178222,0.20092894732952118,2.2437143474817276,0.0001623335959394874
737,0.0673188100383868,0.2807432549539953,0.3174859475926496,0.14604293499141932,0.7499586790800095,0.00016117678126494842
738,0.08233172766235838,0.2893223727820441,0.9546310324629304,0.2225811380892992,2.6249159932136537,0.00016002331063879005
739,0.06598879923171808,0.26404993534088134,0.7053248237003572,0.18289580158889293,1.8924084082245827,0.00015887319544530149
740,0.0697075115788266,0.2768129980424419,0.9215548571082763,0.20586512759327888,2.414395545423031,0.00015772644703565547
741,0.08426254898740808,0.29074189795646815,0.7866092805634253,0.18681188486516476,2.1611607357859612,0.0001565830767277956
742,0.06924030887012123,0.2855281370691955,0.8857573707704433,0.19174276562407613,1.9885310664772988,0.0001554430958063254
743,0.07027164646269739,0.27101635655853895,0.8459840281866491,0.19324727300554514,2.6115754365921022,0.00015430651552239652
744,0.07365263956171475,0.2821291659027338,1.1652220580668655,0.2432159947231412,3.520491023361683,0.0001531733470935973
745,0.06835477573131357,0.28555608198512344,0.47335830408264884,0.15956200705841184,1.939800888299942,0.00015204360170384255
746,0.0683887166988825,0.28607126977294683,0.9822065387270413,0.21676222775131465,2.821825733780861,0.00015091729050326343
747,0.08419083501353271,0.28034099331125617,0.8703751498193014,0.2023858197964728,2.176400050520897,0.00014979442460809662
748,0.06509167777830953,0.27806255673058333,0.7037237827433274,0.17790943309664725,1.5487051233649254,0.00014867501510057497
749,0.07256544250394655,0.2873191616497934,0.8541938586800825,0.19292060900479555,2.328507812321186,0.00014755907302881896
750,0.07146988968288497,0.28419639489147813,0.4043187257542741,0.15196112021803856,1.489010451734066,0.00014644660940672596
751,0.07558679019230112,0.2919729700079188,0.9290593301644549,0.20442164801061152,2.328362116217613,0.00014533763521386284
752,0.07961419550733809,0.28890328453853725,0.6647488792077638,0.1850966826081276,2.338959027826786,0.000144232161395357
753,0.07050761119762683,0.2955344211310148,0.9851216304581613,0.22212597001343964,2.8339220762252806,0.0001431301988617891
754,0.06568256617820226,0.27006702760700135,1.026061979692895,0.22566884169355034,2.9533472165465353,0.00014203175848908408
755,0.09754886421383162,0.29898939076811076,0.821767250605626,0.19239562582224606,2.131702463328838,0.00014093685111840533
756,0.0794279275896315,0.28210495905950667,0.48458194566192103,0.1634507064707577,2.0409383475780487,0.00013984548755604622
757,0.06650929693387297,0.28400042839348316,0.8966095698211575,0.20096390056423843,3.1598283752799032,0.0001387576785733248
758,0.0886768456952268,0.2864469350781292,0.8141994862060529,0.1895134218968451,1.9985048353672028,0.00013767343490647647
759,0.0711847290852802,0.28114825503434987,0.791792014829116,0.18990449253469704,1.8474933847784996,0.00013659276725654833
760,0.06552253337040384,0.2790945946238935,0.9009870975569356,0.19954116307199002,2.3716336406767367,0.00013551568628929387
761,0.07290661385627573,0.2795622740173712,0.9175695716403425,0.19798454660922288,2.3485447958111765,0.00013444220263506766
762,0.06792724509959953,0.2752966445405036,1.0469617553171702,0.22470495868474244,3.156082937121391,0.0001333723268887198
763,0.06736516454502635,0.2707131700590253,0.8702648526639678,0.1926500041037798,2.291955031454563,0.00013230606960949176
764,0.08029432088778776,0.27717074372339995,0.8869696595938876,0.19881039299070835,2.5040885783731937,0.0001312434413209128
765,0.07136232623965952,0.28087994465604427,0.9279145954293199,0.20022180527448655,2.336261197924614,0.000130184452510695
766,0.06662184120323218,0.2844101573340595,0.8780353913083673,0.1942308535799384,2.3155518621206284,0.00012912911363063018
767,0.06335949345116205,0.2669873661361635,0.6689186622039415,0.176489591691643,1.6887812465429306,0.00012807743509648717
768,0.06761262074096522,0.26959657738916576,0.6245955346326809,0.17253016410395502,1.333696260303259,0.00012702942728790866
769,0.06633848088458763,0.27470799987204375,0.7482911768020131,0.18561686305329203,1.6337300822138787,0.00012598510054830856
770,0.06864646438534691,0.2704685879871249,0.9619116389076225,0.21496063508093358,3.104003596305847,0.00012494446518476992
771,0.06643720816236964,0.2769341615727171,0.8563780311727897,0.19447617242112755,2.097553162276745,0.0001239075314679441
772,0.0736484199087954,0.2825183809036389,0.7774679069872945,0.18478468023240566,2.007549540698528,0.0001228743096319478
773,0.06798382346414655,0.2692239379277453,0.9801686676160898,0.21314412541687489,2.6519003003835677,0.00012184480987426384
774,0.06348788101586252,0.27235128814354537,0.9314132704457734,0.1984448238275945,2.3706958115100862,0.0001208190423556388
775,0.0643057665226479,0.2775014364626259,0.5612599895859602,0.17102737901732326,1.8054432451725007,0.00011979701719998427
776,0.08060160141144479,0.27532777667511255,0.9631947510293685,0.20993950990960003,2.855116067826748,0.0001187787444942759
777,0.06691845826012469,0.2800333607709035,0.44634699343005196,0.15879592727869749,1.8480022519826889,0.00011776423428845408
778,0.06523204597870062,0.2747923317598179,0.9659813734004274,0.2152972461655736,3.2414538599550724,0.00011675349659532477
779,0.06662081094218593,0.2758641281165183,0.6164827105589211,0.17317231558263302,1.6904859632253646,0.00011574654139046145
780,0.06494412502279374,0.27662672391161325,0.8348768082971219,0.1927906872704625,2.271036921441555,0.00011474337861210518
781,0.08076523866475327,0.2767463609809056,0.986548952118028,0.22214333908632397,3.005478675663471,0.00011374401816106753
782,0.06954566499862266,0.277629574527964,0.7597086254041642,0.18849114524200558,1.802029114961624,0.00011274846990063289
783,0.07707420352371627,0.28563468707725403,0.879184599610744,0.20062223887071012,2.5450382247567176,0.00011175674365646057
784,0.08772989660560597,0.2851037346292287,0.9062886242871173,0.19873786736279725,2.3370244592428207,0.00011076884921648807
785,0.06443511083248268,0.2704027447383851,0.34146287869662045,0.1471047761850059,1.1979557573795319,0.00010978479633083484
786,0.06626615596978809,0.27694105363916605,0.9087876769073773,0.19988739360123872,2.3187711238861084,0.00010880459471170569
787,0.08414452464035094,0.2742641075979918,0.828719685820397,0.19348107911646367,2.729746234416962,0.00010782825403329479
788,0.06553681783125284,0.26903104949742557,0.4288456975133158,0.15732362484559417,1.4172015905380249,0.00010685578393169046
789,0.07391995498828692,0.2875233526574448,0.4273188170744106,0.15781098268926144,1.6030114695429802,0.00010588719400477978
790,0.07268811587300661,0.27260626791976394,0.9578300612105523,0.2011826672591269,2.301617731153965,0.00010492249381215455
791,0.07671650822062474,0.274050030647777,0.9276989214646164,0.2026802495121956,2.3521717861294746,0.00010396169287501625
792,0.06590332897494591,0.27729450857732446,0.9230405452544801,0.20271734576672315,2.674109661579132,0.00010300480067608207
793,0.06990989742480451,0.2760176371783018,0.7456653664557962,0.1790218055713922,1.6866420537233353,0.00010205182665949184
794,0.06703509798953747,0.2851768153253943,0.8567138770245947,0.19598123533651232,2.3521753296256067,0.00010110278023071431
795,0.0883428944636762,0.2829243181273341,0.746429533592891,0.1818084478378296,1.8036916509270668,0.00010015767075645463
796,0.06270540896584861,0.2819140311330557,0.9206120474205818,0.2051241767592728,3.000351274013519,9.921650756456139e-05
797,0.07667807391680981,0.28068948704749347,0.9874744887347333,0.21506023490801454,2.7484260007739065,9.827929994393597e-05
798,0.06776618291705745,0.27156748685520143,1.0221728243515826,0.22984820986166596,3.131090421974659,9.734605714443882e-05
799,0.07676521424828024,0.28263173419982196,0.8899346974387299,0.19860647534951567,2.4707555159926415,9.641678837679972e-05
800,0.07983531590807616,0.28455900796689093,0.8506781869044062,0.1927265386097133,2.299993221461773,9.54915028125261e-05
801,0.07148245167700225,0.2792250259080902,0.8592283302336,0.19822402158752084,2.5016874805092812,9.457020958381311e-05
802,0.06390181400424808,0.27320808216463777,0.8161428493767744,0.19202024675905704,2.140593817830086,9.36529177834528e-05
803,0.0813725934418926,0.2849903144873679,0.4123554842779413,0.15314103644341232,1.4477718040347098,9.273963646474502e-05
804,0.07425453708783607,0.26973370017949494,0.8267670082976111,0.19368721693754196,2.1389762833714485,9.18303746414078e-05
805,0.07725533220727812,0.27502413508482276,0.8829018902091775,0.2021004905924201,2.5691794872283937,9.092514128748813e-05
806,0.06860560288896522,0.2728790345834568,0.9075096984044648,0.20089608812704682,2.7496509820222856,9.00239453372737e-05
807,0.07594493772876376,0.28237894508056344,0.549640839046333,0.16905294703319668,1.7084682554006576,8.912679568520471e-05
808,0.06568028525780392,0.2756735014729202,0.9592123510374222,0.22038568733260036,3.051235429942608,8.823370118578605e-05
809,0.062089548263793405,0.2737693433649838,0.47549736028304324,0.16438690349459648,1.9211134046316147,8.734467065349999e-05
810,0.06310457355848484,0.2780310907168314,0.9657923530670814,0.21261562909930945,2.5006051033735277,8.645971286271892e-05
811,0.06568279639641332,0.2677774865180254,0.754289750487078,0.18889626571908594,1.5083382979035378,8.557883654761883e-05
812,0.09062165803397874,0.2814620946533978,0.8010687178175431,0.18625205154530705,2.1752093479037287,8.47020504020935e-05
813,0.06804247903160103,0.27657158505171536,0.370227845502086,0.14774488918483258,1.3018372684717179,8.382936307966815e-05
814,0.0731121114115922,0.27422489756718277,0.713912878750125,0.17929200856015087,1.8890674501657485,8.29607831934141e-05
815,0.0613468293438018,0.2592614765977487,0.46609683693386617,0.16271618353202938,1.685198003053665,8.209631931586465e-05
816,0.06781485301889915,0.28240701542235913,0.9343110677087679,0.2058742694556713,3.1624220430850984,8.123597997892897e-05
817,0.06615407443541699,0.26953942752443255,0.9097529095655773,0.2095651438459754,2.449668750166893,8.037977367380902e-05
818,0.0655978908119323,0.26805467824451623,0.8806193146039731,0.1982478524558246,2.6144247576594353,7.952770885091529e-05
819,0.07072040463244775,0.2715199638390914,0.8679933552281,0.2011219711974263,2.537805502861738,7.867979391978378e-05
820,0.0648502884053869,0.2807315940968692,0.9135750590416137,0.19786075176671147,2.2827005609869957,7.783603724899227e-05
821,0.06151135410914321,0.261367387836799,0.7931242972612381,0.18877100301906466,1.9897185742855072,7.699644716607876e-05
822,0.07377697246706702,0.2827552621951327,0.8693252033845056,0.19403289826586842,2.3109271839261054,7.616103195745818e-05
823,0.06517371159598043,0.2737286728573963,0.867078978457721,0.19495861129835249,2.270710788667202,7.532979986834157e-05
824,0.06706113482105139,0.271271071722731,0.868669507332379,0.19174977941438556,2.3456529855728148,7.450275910265394e-05
825,0.06555366293550832,0.262498611304909,0.6817915582825662,0.17731407880783082,1.6446880578994751,7.367991782295372e-05
826,0.06707418952569241,0.2694451475981623,0.890950777119724,0.197205110732466,2.3571557104587555,7.286128415035218e-05
827,0.07275099629096075,0.2743567434838042,1.1038760521332733,0.23629440888762474,2.9938953667879105,7.204686616443333e-05
828,0.06253153874758936,0.27340227020904423,0.8009727478434797,0.18960856096819043,2.1611755818128584,7.123667190317379e-05
829,0.06544517928014101,0.27340517507400364,0.9589365058578551,0.21456309636123477,2.6337781667709352,7.04307093628636e-05
830,0.08070277542637996,0.286802548263222,0.8672721854876727,0.1975567104294896,2.2717236056923866,6.962898649802806e-05
831,0.06424339038803736,0.2589521801797673,0.9890865458117333,0.22101269117556513,2.804329776763916,6.883151122134795e-05
832,0.08386355123120666,0.2737170544685796,0.9851575765846065,0.2103142537176609,2.8036397442221643,6.803829140358208e-05
833,0.06199733830294463,0.2700478261569515,0.8947269867872819,0.1973618977703154,2.7327329486608507,6.724933487349033e-05
834,0.06326554148308787,0.27021364856045693,0.7784529824391939,0.18942998815327883,2.64149639159441,6.646464941775482e-05
835,0.06072892156389571,0.26606792518869044,0.9517547734838445,0.2154238848015666,3.0025529876351356,6.56842427809043e-05
836,0.0676943141330412,0.2713592720683664,0.8783862734911964,0.19526615599170327,2.4650559917092325,6.4908122665237e-05
837,0.06690931358630223,0.2670120080932975,0.8083847779373172,0.18951840996742247,2.2998134404420854,6.413629673074545e-05
838,0.07666128913178909,0.2707939454121515,0.8995195284602232,0.1986760844476521,2.6516069278120993,6.336877259503976e-05
839,0.0631214525008545,0.270481998892501,0.8678645770065486,0.1927871558815241,2.234859737753868,6.26055578332735e-05
840,0.06299914034680114,0.27670178746338936,0.8731530402379576,0.19523466071113943,2.241374483704567,6.184665997806806e-05
841,0.06525297691428023,0.27234944682568313,0.9676826335664372,0.2229543418623507,2.833596032857895,6.109208651943906e-05
842,0.06219090521444741,0.2660417154198512,0.3196536965551786,0.14482617191970348,0.9395314127206802,6.0341844904721806e-05
843,0.060426673107258466,0.25946301957592366,0.8859318958304356,0.19434256926178933,2.3364336296916006,5.9595942538498064e-05
844,0.06312444136410704,0.26047890635672954,0.9044138722936623,0.20259270947426558,2.4294426068663597,5.885438678252317e-05
845,0.062024632927932546,0.2608742953045294,0.8697073198331055,0.1934007833711803,2.3073271349072457,5.811718495565313e-05
846,0.07085545505133269,0.2700350585393608,0.8748233199410607,0.19447469720616936,2.5632809951901434,5.738434433377229e-05
847,0.06418523841698516,0.2655582285253331,0.9957523434597533,0.2165844574570656,2.87881303280592,5.665587214972159e-05
848,0.06466100429111066,0.27055447155144063,0.9310289313580142,0.21145893316715955,3.221921940147877,5.593177559322762e-05
849,0.0629541573482129,0.2692224998027086,0.8194710494775791,0.19142311420291663,2.2241449847817423,5.521206181083096e-05
850,0.05985175402202003,0.2711569368839264,0.45907864334876647,0.15378901530057193,1.6906336426734925,5.449673790581596e-05
851,0.0688555763043496,0.267634020280093,0.37073214588453995,0.15122116385027767,1.3857918307185173,5.378581093814085e-05
852,0.07266119631262882,0.28193720190320165,0.9234079198969993,0.20499951466917993,2.7973705410957335,5.3079287924367966e-05
853,0.06478890325233806,0.2724650904536247,0.9495913284772541,0.2130647087469697,2.661603207886219,5.237717583759407e-05
854,0.062073196714754884,0.26920244405046106,0.9258372168114875,0.20787812611088158,2.6327048748731614,5.1679481607381916e-05
855,0.06155272849068751,0.27600540821440517,0.9458007933222689,0.2105170498136431,2.756343442201614,5.098621211969209e-05
856,0.06891879409158719,0.2845396973658353,0.48895246178726665,0.15894956067204474,2.0180682703852653,5.029737421681432e-05
857,0.07959972228600236,0.28027449634391816,0.32521002922439946,0.1484372505918145,0.7441808521747589,4.961297469730083e-05
858,0.061874827987412576,0.26826790454797445,0.7884152144775726,0.18192264484241605,2.1165496304631235,4.893302031589844e-05
859,0.07179979972152069,0.26756220220122484,0.740392670314759,0.18740313220769167,2.1804199814796448,4.825751778348245e-05
860,0.06633513362867234,0.2785919691203162,0.9539854372007539,0.20969395842403174,2.8014210358262064,4.7586473766990186e-05
861,0.07251472453835958,0.28332534614019095,0.9676280685525853,0.21556734065525235,2.7900681897997854,4.6919894889355024e-05
862,0.06288988684723336,0.2784726302605122,0.6351756202289834,0.17919865772128105,1.4889267563819886,4.625778772944136e-05
863,0.06582280000493483,0.27550789578817786,0.3209732462768443,0.1434885675087571,0.9642792776226997,4.5600158821979796e-05
864,0.06122775653743702,0.27323076827451587,0.7396090172231198,0.19200017461553215,2.2958648398518564,4.4947014657502034e-05
865,0.06678205200396406,0.2731510328594595,0.8111971204401925,0.18812388363294302,2.1570787712931634,4.4298361682277215e-05
866,0.06395097376089325,0.2686915415804833,0.6133428271743468,0.17358748875558377,1.714676132798195,4.365420629824849e-05
867,0.05945166988944948,0.26776444881688805,0.7404917536536232,0.18312005754560232,2.2867920115590095,4.3014554862969324e-05
868,0.06069159321923508,0.2695317347534001,0.8837883334956131,0.1966386154294014,2.3234160631895064,4.237941368954111e-05
869,0.07470774175690167,0.2721660149050876,0.8559424642939121,0.19349357914179563,2.4506075039505957,4.174878904655087e-05
870,0.06438063039099688,0.2859411796089262,0.8058228095760569,0.18843577969819308,2.3198022082448007,4.11226871580093e-05
871,0.06446611945525546,0.2676594995893538,0.8856609688838943,0.19716847445815802,2.4698902919888495,4.0501114203289265e-05
872,0.06363468335466678,0.2714036471443251,0.8981753274914809,0.20163586735725403,2.471164755523205,3.9884076317064796e-05
873,0.06444787908926627,0.2701447161613032,0.9165848523087334,0.1978824222460389,2.3116596207022666,3.9271579589250695e-05
874,0.06241998721779964,0.27315722946077586,0.7948592089174781,0.18465621825307607,2.380832815170288,3.866363006494244e-05
875,0.06414967525888642,0.2839120544260368,0.9103354729129933,0.20151358400471509,2.7123389199376104,3.806023374435652e-05
876,0.06423888975668887,0.26842958861961963,0.8019956010743045,0.18647790784016252,2.1773716419935227,3.746139658277081e-05
877,0.060037821047808394,0.2656081588473171,0.9245786665123887,0.20682678865268828,2.653497725725174,3.686712449046659e-05
878,0.06562956165853392,0.26378824796993283,0.7764393556513823,0.18531670039519668,2.16686193048954,3.6277423332669265e-05
879,0.0629673033335166,0.2690670841373503,0.8758801677264273,0.19301830064505338,2.3461118757724764,3.569229892949134e-05
880,0.061153719954199916,0.2674599293619394,0.8370035406318493,0.19174706358462573,2.5877537921071054,3.511175705587417e-05
881,0.0610216985102852,0.2729036526987329,0.3997785741230473,0.15810698512941598,1.5933961108326913,3.453580344153202e-05
882,0.07423313954122931,0.27056933008134365,0.8011938772979192,0.18695078659802675,2.120074984431267,3.396444377089443e-05
883,0.06897738293146176,0.25978986066766085,0.8597733118047473,0.19251409834250807,2.2761061444878576,3.3397683683050696e-05
884,0.06245705758183249,0.27554664090275766,0.9342558722244576,0.21404812363907694,2.633584403991699,3.283552877169389e-05
885,0.059843751551306924,0.26818267579656097,0.8803348531015217,0.197240926977247,2.6008377984166144,3.2277984585066264e-05
886,0.062411184722805046,0.26208295710384844,0.830036964348983,0.19306574799120427,2.234662136435509,3.172505662590376e-05
887,0.060470383517804295,0.25722425705753266,0.8484716014063451,0.194042625464499,2.188470374047756,3.117675035138202e-05
888,0.06128028885691492,0.2652813908178359,0.8711508125590626,0.19455026951618493,2.6101532518863677,3.063307117306287e-05
889,0.0646318992335182,0.2621343770297244,0.9294954413664527,0.20881880866363645,2.6751735478639604,3.009402445684008e-05
890,0.06471984221830099,0.277060601930134,0.9189181481400738,0.20338094355538489,2.5843286514282227,2.9559615522887237e-05
891,0.07469639895443833,0.28428141206968577,0.86526179696084,0.19733557794243098,2.6634212106466295,2.902984964560464e-05
892,0.06085325945814475,0.2566746748285368,0.34912167930742727,0.15140254953876137,1.1806644916534423,2.8504732053567647e-05
893,0.06461002464766352,0.28202661520335826,0.3389052663114853,0.1500622421503067,0.9970710307359696,2.798426792947508e-05
894,0.0668735310201555,0.26612596900667995,0.7354136681766249,0.18351444136351347,1.9462366938591003,2.746846241009756e-05
895,0.07329296600205452,0.2683590140659362,0.9048250437481329,0.1975244560278952,2.3597889825701714,2.6957320586227266e-05
896,0.06732132171237026,0.2745707249734551,0.8180016265367158,0.18723439816385506,2.266827741265297,2.64508475026278e-05
897,0.06394687402926139,0.2647005705628544,0.9516964017355349,0.20517550092190504,2.5722912199795247,2.594904815798396e-05
898,0.06214278496540828,0.26201674025505783,0.3684371733106673,0.1502824980765581,1.4320746868848802,2.545192750485256e-05
899,0.06456227196790679,0.27443070684093984,0.8712228880729527,0.1972106894478202,2.5985117971897127,2.4959490449614016e-05
900,0.06206289917204231,0.2693440691800788,0.9383618966268841,0.2117415345273912,2.740058909356594,2.4471741852423154e-05
901,0.06529127906715075,0.2638666082639247,0.8794456490431912,0.19518338786438108,2.3060666516423227,2.3988686527161662e-05
902,0.06444814608439628,0.2636938211508095,0.838587053574156,0.19457657914608717,2.2459283843636513,2.351032924139055e-05
903,0.0736463069833917,0.270791302039288,0.4716144200065173,0.1631369275972247,1.9623172730207443,2.3036674716303198e-05
904,0.0628619968071689,0.25565147751476613,0.4150488260318525,0.15855690371245146,1.5959781765937806,2.256772762667845e-05
905,0.06431263866606969,0.2707738553872332,0.8988225759530906,0.20544710559770465,2.639072422683239,2.2103492600834867e-05
906,0.08671989429085443,0.2686078805010766,0.3492052749381401,0.1472474353387952,1.3616686373949052,2.1643974220584656e-05
907,0.06299731645376597,0.2717516494449228,0.9343859129527118,0.21170903500169516,3.185316580533981,2.1189177021188818e-05
908,0.060887760452806104,0.2622162165120244,0.9210508030926576,0.20597050222568214,2.7858167827129363,2.0739105491312015e-05
909,0.06254175878943898,0.2593422232195735,0.9253384515643119,0.20624820962548257,2.9313255406916143,2.029376407297855e-05
910,0.0642844644417437,0.27882043831050396,0.8475318587676156,0.1978841814212501,2.9140264257788657,1.9853157161528404e-05
911,0.0651070507104123,0.2694703894434497,0.9272005070990417,0.20478418739512563,3.1859613701701166,1.9417289105573995e-05
912,0.07310564330864508,0.28606799566186963,0.949595451442292,0.21598028521984816,3.123807293176651,1.898616420695703e-05
913,0.05992041384956792,0.2585023700958118,0.8577800139784812,0.19183199778199195,2.3231760650873183,1.8559786720706125e-05
914,0.06340246398726776,0.2684994761366397,0.9709819980838802,0.2158004249446094,2.8250507682561876,1.8138160854995087e-05
915,0.07557578327005103,0.27769639000762253,0.84880209514522,0.19386655800044536,2.6956993088126184,1.772129077110096e-05
916,0.06777961215402684,0.271986177819781,0.8300977060338482,0.19840658204630018,2.398691402375698,1.7309180583363e-05
917,0.06360136563275773,0.2678910980233923,0.6903307751868851,0.1792267432436347,1.7540145948529244,1.690183435914255e-05
918,0.06613006885927461,0.2756787896621972,0.32015100375865585,0.14551961198449134,0.6706672370433807,1.6499256118782445e-05
919,0.0717166816054032,0.26590625080280006,0.4203772135428153,0.15797627018764615,1.58876883238554,1.6101449835567274e-05
920,0.06347599016803543,0.27108381923753766,0.9883158371463651,0.21692998674698175,2.892669749259949,1.570841943568441e-05
921,0.0634458302445637,0.2815615027677268,0.4250764925731346,0.15939105534926057,1.4981767758727074,1.532016879818532e-05
922,0.06349597345547409,0.27001834656111895,0.8776426803204231,0.1925383391790092,2.2717196717858315,1.493670175494705e-05
923,0.0934681159113552,0.28326575392857195,0.7482403899426572,0.18503236016258598,2.249508747458458,1.4558022090634454e-05
924,0.06112139737706457,0.27076217003632336,1.0211146427085622,0.22908734874799846,3.2251532658934594,1.4184133542662964e-05
925,0.061347684667725846,0.26699058739468456,0.9584757440665271,0.21355503993108868,2.7965052947402,1.3815039801161674e-05
926,0.077150834464328,0.27872553737834094,1.0626408923009876,0.23846507985144855,3.0369219854474068,1.3450744508936696e-05
927,0.059199364278174474,0.2708614584058523,0.9120616150030401,0.2037024676799774,2.7160917237401008,1.3091251261435578e-05
928,0.05898948903568453,0.26094392852392045,1.0458908051659819,0.22812417121604084,2.897395612299442,1.273656360671134e-05
929,0.08003729753113475,0.2672789111500606,0.9366481579956598,0.2062345585785806,2.648361325263977,1.2386685045388272e-05
930,0.07250746956615331,0.2726692106574774,0.6864701190497726,0.1788663343526423,1.9315504819154738,1.20416190306263e-05
931,0.06359061507564548,0.268635688140057,1.044709104753565,0.23629452986642718,3.2331707298755648,1.1701368968087673e-05
932,0.0651149331841225,0.2715359006775543,0.8504093640542123,0.19240765180438757,2.300171580910683,1.1365938215903223e-05
933,0.06455657912902098,0.2705508976709098,0.935064380406402,0.20941601726226508,2.9552328631281854,1.1035330084639103e-05
934,0.07779022837544289,0.28327553246635945,1.0433069467253517,0.2285612916573882,3.014103703200817,1.0709547837263932e-05
935,0.07773528298166639,0.2674740456743166,0.9784356519579888,0.21928114499896764,2.75439815223217,1.0388594689117037e-05
936,0.0672891179941871,0.2726210602093488,0.8357125146023463,0.19176383102312683,2.241641181707382,1.0072473807876537e-05
937,0.06427559073654265,0.26942036936525254,0.8359098475426435,0.1926502151414752,2.5698080524802207,9.761188313527815e-06
938,0.05932167742130332,0.2600451370002702,0.6995761157129892,0.17909711049869656,2.194856333732605,9.454741278332982e-06
939,0.07036995563180426,0.2710921103833243,1.0786299112485722,0.24893185715191066,3.406469374895096,9.15313572680057e-06
940,0.06341010907231066,0.2717697496525943,0.9119501332868822,0.20121463537216186,2.7220472559332847,8.856374635655612e-06
941,0.06482064032079507,0.27690377144608647,0.8132580097415485,0.19441362721845507,2.5490962088108065,8.564460933810388e-06
942,0.07536080770778426,0.2712420987198129,0.9979501740657725,0.21914570443332196,3.1239657014608384,8.277397502335114e-06
943,0.072600144658918,0.26973989757243544,0.574930956173921,0.17489666044712066,2.212001745402813,7.995187174430129e-06
944,0.06533106710867287,0.2738040590425953,0.4212409449799452,0.1577867549844086,1.4530235216021539,7.717832735397312e-06
945,0.06467728760972022,0.2743530425708741,1.0077485146641265,0.21842514011077582,2.8983078241348266,7.445336922613044e-06
946,0.06276542647819952,0.27895854415837673,0.8171175725932699,0.19017264982685447,2.4842659175395965,7.1777024255009545e-06
947,0.061907844892402863,0.2685280574951321,0.7263584297150374,0.18067605765536426,1.891404151916504,6.91493188550555e-06
948,0.07791666978218928,0.2648193646222353,0.9647079640883021,0.21942760646343232,2.728043000400066,6.657027896065961e-06
949,0.06785899668675484,0.2662321697920561,0.832927029277198,0.1925308202393353,2.239414419233799,6.4039930025904055e-06
950,0.0612614747437874,0.2593382091028616,0.8921145141415764,0.20115256998687983,2.737426723539829,6.1558297024311524e-06
951,0.05902246272648881,0.27467013080604374,0.9316390042251441,0.19847109606489538,2.3220819517970086,5.912540444859765e-06
952,0.06298474690456715,0.2694815318565816,1.0637996681558435,0.23444251557812096,3.2686716318130493,5.6741276310430085e-06
953,0.06089333700465431,0.2663836526218802,0.8674659197509754,0.19629073487594723,2.311922113597393,5.440593614019091e-06
954,0.06019930743559598,0.2657730804290622,0.9639223056903574,0.22048360845074058,3.0383546739816665,5.211940698674518e-06
955,0.06024285551916364,0.27007657806389035,0.3835200631117914,0.1482106264680624,1.4356156066060066,4.9881711417212166e-06
956,0.05831050612750914,0.2669552942272276,0.9223711390281096,0.20060516470111905,2.39143448472023,4.7692871516743914e-06
957,0.058272838698621855,0.2698568060994148,0.818018112576101,0.1935830419883132,2.2389190599322317,4.5552908888306516e-06
958,0.07015750035334349,0.2705553216394037,0.7505808326299303,0.18164903856813908,1.9019281357526778,4.346184465246692e-06
959,0.059797191709913024,0.26702881765086206,0.9049409166851546,0.1994423416443169,2.3348854154348375,4.141969944718592e-06
960,0.059362763602166524,0.26248286974150686,0.7423843775875867,0.1979697696864605,1.7822338216006757,3.9426493427611055e-06
961,0.06101446383609073,0.2577788599766791,0.3436898618179839,0.14156517637893556,1.2349171474575997,3.748224626588125e-06
962,0.060496667695770154,0.26521504637785254,0.8424445877666585,0.19425708623602986,2.2725010231137275,3.5586977150931954e-06
963,0.06349394707785905,0.2753603174583986,0.7699599887244404,0.1889214706607163,1.9401946887373924,3.374070478830305e-06
964,0.07403822340024817,0.27147442575078456,0.887231009406969,0.1973428907804191,2.324838162958622,3.1943447399957925e-06
965,0.06054890863179026,0.2670398868154734,0.9286973811918869,0.20232923235744238,2.594121679663658,3.0195222724101375e-06
966,0.06165066985040539,0.2638436624314636,0.9603545648686123,0.21825963277369737,2.729955817759037,2.8496048015005297e-06
967,0.06931038315542537,0.26898741379845886,0.7711721610976383,0.194771995767951,2.190591238439083,2.6845940042838276e-06
968,0.06419654469268607,0.2659220412839204,0.8762455341697205,0.1943004793021828,2.343497318029404,2.5244915093499056e-06
969,0.07174293794405458,0.2714080491103232,0.7692007662029937,0.1830869193188846,2.1362196907401083,2.3692988968458324e-06
970,0.06392096478857638,0.26526199602521955,0.3252657879143953,0.1551395058631897,0.8770642921328544,2.2190176984599955e-06
971,0.06135025580424554,0.2619690130231902,0.8766225638450124,0.1943441281095147,2.3408431485295296,2.0736493974071678e-06
972,0.05985560845283544,0.2712314843200147,0.9317489753535483,0.2079039141535759,2.784029467403889,1.9331954284137425e-06
973,0.06394925089471144,0.26470441052224486,0.8112067783426028,0.18816102035343646,2.137158918380737,1.7976571777037994e-06
974,0.0656286962734157,0.2635075126308948,0.9404738903976977,0.21319395136088132,2.6026560097932814,1.6670359829850612e-06
975,0.061428284595012886,0.26813127542845905,0.4807888183684554,0.16032263431698085,2.249986393749714,1.5413331334360138e-06
976,0.0619287860617078,0.25741224938537927,0.4741640422376804,0.1620705246925354,1.969411976635456,1.420549869693029e-06
977,0.05865366660400469,0.2675664021400735,0.8718935908866114,0.19669887721538543,2.3325063601136207,1.3046873838381508e-06
978,0.06210938474500836,0.26881892734672874,0.9970054838398937,0.2213472317904234,2.928468582034111,1.1937468193873833e-06
979,0.06107279854504668,0.26029279755894097,0.9466869319556281,0.21772607760503887,2.689715288579464,1.0877292712792555e-06
980,0.05907001474129174,0.2519262112211436,1.0023830469406676,0.22102178269997239,3.1143029421567916,9.866357858642177e-07
981,0.06409836077914406,0.2578468750463799,0.8953917027625721,0.19971551345661281,2.6298521772027015,8.904673608940958e-07
982,0.07004685636929935,0.2683087836485356,0.35613284721039234,0.14712833808735012,1.3030406638979912,7.992249455124867e-07
983,0.062297768754660865,0.2659669903339818,0.8422359985241201,0.19386142240837217,2.2589752078056335,7.129094402450999e-07
984,0.059732002469718284,0.2575903893215582,0.33205344473244625,0.14267412750050426,1.042747975885868,6.315216969912644e-07
985,0.0623937484151611,0.2705019129673019,0.478608918201644,0.15783617226406932,1.6832659125328064,5.550625190150466e-07
986,0.05851555093381648,0.2574311962816864,0.4502553742961027,0.1543722934089601,1.999334777891636,4.835326609376453e-07
987,0.07119214439317148,0.2712486529489979,0.9090359169931617,0.20851002857089043,2.7030626952648165,4.1693282872995325e-07
988,0.08527228299981289,0.27604182055220006,0.9305980058794375,0.20841411910951138,2.7552698999643326,3.5526367970539657e-07
989,0.06060736685149095,0.2760749395703897,0.9496000870421994,0.21737354611977935,3.0556889295578005,2.985258225135503e-07
990,0.06426195094190916,0.2626682133181021,0.8559331000549719,0.18901491444557905,2.2977699428796767,2.4671981713419924e-07
991,0.07339586563898592,0.27099722041748464,0.8298444539774209,0.19446460651233793,2.206481669843197,1.9984617487173113e-07
992,0.05918264694046229,0.26564454613253474,0.8553809667238965,0.19390237387269735,2.1834348380565642,1.5790535835002957e-07
993,0.07082769859061955,0.2706168366363272,0.9518478804675397,0.21871697837486864,2.672367499768734,1.2089778150797776e-07
994,0.07373177589397528,0.27170768165960907,0.47370741062331945,0.15679298462346197,1.7257965311408043,8.88238095955171e-08
995,0.05984581264838198,0.2633271095342934,0.8294492353103123,0.19310642750933765,2.1792260974645616,6.168375916970595e-08
996,0.05994767291977041,0.2691577967256308,0.9645826036343351,0.21191442073322833,2.713289850950241,3.9477898091944e-08
997,0.06481924831191463,0.2674980993848294,0.8002399409073405,0.19064977075904607,2.342175304889679,2.220644552508581e-08
998,0.059991455822864734,0.27291395587380973,0.9196260027500103,0.20243325736373663,2.752166472375393,9.8695719314423e-09
999,0.05991067536137962,0.2599882755894214,0.8970552237646189,0.19756043571978807,2.322858530282974,2.4673990708934305e-09
1000,0.060390228072719765,0.2707767023704946,0.31740165380178953,0.14355310946702957,0.6418185532093048,0.0
