epoch,train_mse,train_rel_l2,val_mse,val_mae,val_rel_l2,lr
1,0.9619682065131201,1.0986991893500089,0.8173952739336527,0.2068469263613224,0.9117348760366439,0.0009999975326009292
2,0.9178475967943086,1.0982701383531093,0.7723000612168107,0.2055611765012145,0.8945723474025726,0.0009999901304280684
3,0.8623579054728907,1.0603018060326577,0.71511252586497,0.20411890652030706,0.8417671293020248,0.000999977793554475
4,0.8395484337983362,1.0324765959754587,2.6968538188550157,0.6257897303439677,2.425528420507908,0.0009999605221019082
5,0.8553633159317542,1.028791943192482,1.9714836314320565,0.780953349173069,3.6342711359262467,0.0009999383162408303
6,0.7841866519898758,0.9749403141438961,0.7641349453653674,0.2098123704083264,0.8567655995488167,0.0009999111761904045
7,0.7404588823592348,0.9324745077639818,0.7639570089057088,0.23196564726531504,1.0224486649036408,0.000999879102218492
8,0.6833168086879595,0.8805050436407328,0.7503953296516557,0.25099443439394237,0.935916954278946,0.00099984209464165
9,0.654325027732557,0.8951417192816734,0.6812269206973725,0.21066103037446737,0.8247845262289047,0.000999800153825128
10,0.6503036141559277,0.9134072102606297,0.5295415060594678,0.18864341815933586,0.7715473055839539,0.0009997532801828656
11,0.6000322097726893,0.8650054346770049,0.7090444816043601,0.19054862102493644,0.8069015249609948,0.0009997014741774863
12,0.5300617897082702,0.7771292151883245,0.4505063362419605,0.18618488367646932,0.8601115196943283,0.0009996447363202945
13,0.5428045117414513,0.8189640676602721,0.5448466892878059,0.20100762164220215,0.7870976969599723,0.00099958306717127
14,0.5019114180537144,0.7901827685534955,0.4182935583521612,0.16983683286234735,0.7438278391957283,0.0009995164673390624
15,0.47117132005951134,0.7360542979091406,0.49965357524633874,0.183089760504663,0.7390323117375374,0.0009994449374809851
16,0.455383082528715,0.7010925864800811,0.43754548756114675,0.1727240958251059,0.6966579109430313,0.0009993684783030088
17,0.46247015615081183,0.7375471638515592,0.44747545326827093,0.17477293089032173,0.7071832850575447,0.0009992870905597548
18,0.4150161329322145,0.687463759817183,0.48089445047080515,0.2230371728539467,1.6478556513786315,0.0009992007750544874
19,0.42365845018211984,0.7151974473148585,0.39187606107443573,0.17967894468456508,1.0550468131899833,0.0009991095326391058
20,0.3893448824819643,0.682204307243228,0.35310174075420947,0.17662879787385463,0.8722558185458184,0.0009990133642141356
21,0.3852088954787177,0.6536493901163339,0.3403224063687958,0.1759644651785493,0.6957173600792885,0.0009989122707287207
22,0.3642203193739988,0.6257347339764238,0.363828041110537,0.16350285289809108,0.6388093709945679,0.0009988062531806124
23,0.35744789272430355,0.6314612131565809,0.4051079318160191,0.18459304571151733,0.74233268648386,0.0009986953126161617
24,0.35043926132311753,0.6302502566948534,0.3208525092282798,0.1599391614086926,0.6184594422578812,0.0009985794501303066
25,0.32751655344582103,0.60905233155936,0.28635058235086036,0.15794588914141058,0.6086940079927444,0.0009984586668665637
26,0.31157930005283563,0.601106914319098,0.32143885909463277,0.16129140360280872,0.6192575126886368,0.0009983329640170144
27,0.32243475647628655,0.6188243659213185,0.3271265239396598,0.16392016177996993,0.6325688019394875,0.0009982023428222956
28,0.321979627644032,0.6089051034301519,0.26308063114993274,0.16342898719012738,0.6407157018780708,0.0009980668045715857
29,0.2942008983663982,0.5913255328312517,0.3334917055617552,0.1606735006906092,0.6248654738068581,0.0009979263506025922
30,0.3135925449656497,0.5857048481702805,0.2843274869752349,0.15957005796954035,0.5950156182050705,0.0009977809823015393
31,0.2935187430306542,0.5943939147517086,0.31609874724235854,0.16307767713442445,0.6286436498165131,0.0009976307011031536
32,0.2839736126781645,0.5660568084567785,0.26658007673395334,0.15399422058835627,0.5938793674111367,0.0009974755084906496
33,0.2839483269610355,0.5613555813208222,0.2617673507949803,0.15104576731100677,0.6173861294984817,0.0009973154059957155
34,0.2824775886223506,0.5529042866081,0.24430681302328594,0.15352607890963554,0.5765876352787018,0.0009971503951984987
35,0.2766165611701581,0.5690674038603902,0.29477211233170236,0.15533673008903862,0.5990064054727554,0.0009969804777275892
36,0.2778180228975543,0.5871299346908927,0.3147714400169207,0.15591528099030255,0.6011326164007187,0.0009968056552600035
37,0.27956567796427406,0.5598152559250593,0.2669226565136341,0.1522173047065735,0.5733999311923981,0.000996625929521169
38,0.2725650709162437,0.5404259951785206,0.2856734292348847,0.1556187872774899,0.5888537421822548,0.0009964413022849061
39,0.2661428293766221,0.5591435141861438,0.27937168574426324,0.1551859657280147,0.5912020415067673,0.0009962517753734112
40,0.27230027443620203,0.5486302220262587,0.25425308413105085,0.15752854133024813,0.6427130967378616,0.0009960573506572383
41,0.26440468969231007,0.5568909486755729,0.2911835451668594,0.1525489333551377,0.5782898962497711,0.0009958580300552808
42,0.2491771542474453,0.5376067165285349,0.27186582796275616,0.1557725565508008,0.5700835168361664,0.0009956538155347526
43,0.2489795545803645,0.5540886349976063,0.38900932208634914,0.24628673419356345,1.599580892920494,0.0009954447091111687
44,0.2548375426005805,0.5578530959784984,0.29811870475532487,0.1571578709408641,0.5942277178168297,0.0009952307128483248
45,0.2517806472169468,0.5355227699503302,0.23809362127794884,0.15236994829028844,0.5714360073208808,0.000995011828858278
46,0.24353263874836556,0.5245805746875704,0.25747710138384716,0.1493928083218634,0.5569745063781738,0.0009947880593013246
47,0.23938531928579324,0.5116157373413444,0.23682721396326087,0.14180619716644288,0.5356951981782914,0.00099455940638598
48,0.23714143471624993,0.5152614383026958,0.2881677876226604,0.183703045360744,0.7005727931857109,0.0009943258723689563
49,0.2384266112712794,0.5814617812633515,0.28251925252843646,0.15485722795128823,0.5711200773715973,0.0009940874595551397
50,0.2246417835554894,0.5040659291669727,0.23325274079688824,0.14279857063665985,0.5415156662464142,0.0009938441702975682
51,0.2237521945251501,0.5014570519328118,0.22357917385234033,0.1404221897944808,0.5345015048980712,0.000993596006997409
52,0.21539449914889702,0.5073940636590123,0.2781739360536449,0.15151701895520092,0.5699589103460312,0.0009933429721039333
53,0.20703701025486226,0.48396067740395665,0.2633437844342552,0.15991419460624456,0.5712001040577889,0.0009930850681144938
54,0.20851333092869026,0.4935561103746295,0.23886892654700204,0.1437201383523643,0.5275940373539925,0.0009928222975744982
55,0.2053440488038177,0.4888590596616268,0.22809938933933155,0.1470360377803445,0.5672168388962746,0.000992554663077386
56,0.1961887641380599,0.4846842729486525,0.21357306613354013,0.13412801884114742,0.5122918844223022,0.0009922821672646018
57,0.21946959615052036,0.49760578433051705,0.2287717664206866,0.1375756382010877,0.5219599053263664,0.0009920048128255691
58,0.21558502220686931,0.5013591015711427,0.25447653940937015,0.1521642992272973,0.5493642374873161,0.0009917226024976642
59,0.20459088065472314,0.5064822218380869,0.2782532779121539,0.1405723998323083,0.5398352757096291,0.0009914355390661888
60,0.20406620991598173,0.4978461626917124,0.22855141854379327,0.146456157322973,0.5375811159610748,0.0009911436253643437
61,0.20789479011218645,0.5015251183882355,0.21908322650997433,0.14140097107738256,0.5188615158200264,0.0009908468642731987
62,0.19371766313779518,0.46102669052779677,0.2159649495908525,0.13646398950368166,0.525644651055336,0.0009905452587216663
63,0.2075576409461064,0.49053690303117037,0.25640821749111636,0.14966033287346364,0.545695373415947,0.0009902388116864716
64,0.18958569857804833,0.4729148087091744,0.2512108956172597,0.1406973984092474,0.530524468421936,0.0009899275261921227
65,0.19411835724495177,0.5002195911481977,0.25693083393853156,0.15077925864607095,0.5667078420519829,0.0009896114053108821
66,0.1866419261556075,0.4675319712609053,0.23957800604985097,0.1459581270813942,0.528218561410904,0.0009892904521627353
67,0.19247504811919497,0.4729961116798222,0.21087409037863836,0.13235953073017298,0.49989030361175535,0.0009889646699153601
68,0.19217819402329042,0.4646351279690862,0.19505355884029996,0.12945471685379745,0.4903594896197319,0.0009886340617840958
69,0.18351994138611188,0.45361822824925185,0.23206577053060756,0.15484250765293836,0.5776886105537414,0.0009882986310319113
70,0.18367903172456862,0.4739414302632213,0.19189916700997856,0.1283099583350122,0.4970469266176224,0.0009879583809693727
71,0.18471968655740056,0.47363864779472353,0.28433397418120876,0.15923494454473258,0.5803398430347443,0.0009876133149546106
72,0.19118253188407835,0.470578327588737,0.2142566777387401,0.13982799081131816,0.50499447286129,0.0009872634363932876
73,0.1814514511173911,0.45027665318921206,0.20478848545171785,0.13525485144928098,0.5171901233494282,0.0009869087487385634
74,0.17504610308569682,0.4771686895750463,0.21666585233761,0.14434494636952877,0.5478212311863899,0.0009865492554910623
75,0.18595002181446035,0.4530643322505057,0.20010353942634537,0.13029047003947197,0.494348868727684,0.0009861849601988373
76,0.18021496051915165,0.4667304391041398,0.1991293240163941,0.13786012893542648,0.5076253712177277,0.000985815866457336
77,0.17818305426590086,0.4709714030846953,0.20194044975505676,0.13814737917855383,0.5059903472661972,0.0009854419779093645
78,0.17356742134106753,0.48219007076695564,0.2003899329691194,0.1361781788058579,0.510238342732191,0.000985063298245052
79,0.18613301103796404,0.46885294234380126,0.2186400996928569,0.14294091230258346,0.5263797298073769,0.0009846798312018136
80,0.17945126997983607,0.45366526683792474,0.2294646431138972,0.13817130709066988,0.5218069195747376,0.0009842915805643145
81,0.16804204354084504,0.4485882757231593,0.19944247761159203,0.13385009849444032,0.5011438064277172,0.0009838985501644318
82,0.17286092025315156,0.44836359322071073,0.18637227204453666,0.12852616268210112,0.4842024236917496,0.0009835007438812166
83,0.16452450700380722,0.43349608322605493,0.20360195953107904,0.13191523575223982,0.4907266922295094,0.0009830981656408565
84,0.17439740222289402,0.4301198925822973,0.1903416677349014,0.1290511205792427,0.489784836769104,0.0009826908194166361
85,0.16642710044252454,0.4732196069322526,0.20349446475156582,0.1345051871612668,0.5067557290196418,0.000982278709228898
86,0.1735232991133671,0.44509449414908886,0.20001642940333114,0.1292532529681921,0.48916023299098016,0.000981861839145004
87,0.17148080717597622,0.4452123985625803,0.20842018176917917,0.13181767500936986,0.5061559185385704,0.000981440213279293
88,0.16685711414556864,0.4443137994967401,0.18505688366713002,0.1279438031837344,0.48422220051288606,0.000981013835793042
89,0.17166826702141408,0.43930105371400713,0.23172772312536835,0.1403339090757072,0.5447421103715897,0.000980582710894425
90,0.17443429682025452,0.445122720580548,0.18867827195790596,0.12622644887305795,0.48335304111242294,0.0009801468428384706
91,0.15791512546602463,0.43170600160956385,0.18748923306993676,0.12842078735120593,0.4926302544772625,0.0009797062359270204
92,0.16192657616520592,0.4431250685825944,0.22702233786403667,0.14147157608531416,0.5064302280545234,0.000979260894508687
93,0.16818488598946715,0.44414203679189085,0.1998525679606246,0.1334741324186325,0.493920486420393,0.0009788108229788102
94,0.16326724227419617,0.44610791420564055,0.18400107028428464,0.12879298822954297,0.4989289969205856,0.0009783560257794143
95,0.15111677063796378,0.42081740479916335,0.16944046335702295,0.12472560480237008,0.4677197627723217,0.000977896507399164
96,0.16626815638337575,0.4312975312583148,0.20136241070867983,0.1312413991894573,0.4922127746045589,0.0009774322723733204
97,0.16648580588916956,0.43653073646128177,0.1850727133481996,0.12620427114889027,0.47771528735756874,0.0009769633252836956
98,0.15778182706817462,0.4346286656334996,0.19012376355822197,0.12662686249241234,0.4771996013820171,0.0009764896707586083
99,0.1572570986008941,0.4630197471939027,0.21125351518858224,0.13958391305059195,0.5324050188064575,0.0009760113134728371
100,0.15840818063243206,0.43804992428049444,0.16983912379655522,0.12232841448858381,0.4650653824210167,0.0009755282581475756
101,0.1635141418668354,0.4317749823443592,0.19190178708231542,0.12675069384276866,0.47973438948392866,0.0009750405095503846
102,0.15572585420668475,0.4249307650141418,0.18168412415252533,0.12765834187157452,0.4704934351146221,0.0009745480724951461
103,0.15604773586528609,0.4293178371153772,0.19607004198478534,0.1308514576405287,0.49153825640678406,0.0009740509518420147
104,0.15490419993257093,0.43667035475373267,0.18918284319806844,0.1289507910143584,0.49291958957910537,0.0009735491524973707
105,0.1592713603622542,0.4365849236026406,0.18960895912896375,0.1307515443302691,0.47920910716056825,0.0009730426794137714
106,0.15504111292393646,0.4266093731857836,0.19440718872356227,0.13490631589666008,0.5056617341935634,0.0009725315375899012
107,0.16085470304460614,0.42368745477870107,0.17326416345895268,0.12376832240261137,0.46694097220897673,0.0009720157320705237
108,0.16816136183624622,0.434719059523195,0.20013343056780286,0.13324480401352048,0.49903185218572615,0.0009714952679464311
109,0.17150150369070616,0.4331291968934238,0.1930837388150394,0.13016513106413186,0.4789757005870342,0.000970970150354394
110,0.15644213292125642,0.4328239312395453,0.18649904951162172,0.12412300547584891,0.4750280737876892,0.0009704403844771115
111,0.15385716250530096,0.4375998434610665,0.18482751743867992,0.13163864566013217,0.504959000647068,0.0009699059755431586
112,0.15536645194915763,0.4228507086634636,0.18546584485156928,0.12693231366574764,0.4874691374599934,0.0009693669288269359
113,0.15286948302273232,0.430985223595053,0.18490334998641628,0.12479912401176989,0.47057625874876974,0.0009688232496486166
114,0.15928490812293603,0.4360712867230177,0.18412898797832894,0.12720082844607533,0.47114359214901924,0.0009682749433740951
115,0.14307152227738698,0.41508415099233387,0.1815917569503654,0.12951476257294417,0.4784842416644096,0.0009677220154149325
116,0.14465954176812373,0.4202007670886815,0.18745438642799855,0.12958012418821455,0.47946633100509645,0.0009671644712283048
117,0.14819987982864405,0.4159212617203593,0.20520085043099243,0.13237164998427034,0.5013023681938649,0.000966602316316948
118,0.15955218653652992,0.42627090541645885,0.18389126650290563,0.12507533486932515,0.46816830784082414,0.0009660355562291042
119,0.14936655503279325,0.3988091332837939,0.19637246535276062,0.1342096314765513,0.49218450486660004,0.0009654641965584666
120,0.1568999306695332,0.4141798045486212,0.1977803877380211,0.13805157225579023,0.5020889230072498,0.0009648882429441245
121,0.14725975749752251,0.4174025562591851,0.16666289525164757,0.12165086814202368,0.4571070738136768,0.0009643077010705074
122,0.1401833991178137,0.40930242771282793,0.17379426970728673,0.12537098061293364,0.4622313350439072,0.0009637225766673293
123,0.15307322763273987,0.41793838553130624,0.18636787950526923,0.13801712179556488,0.5282548815011978,0.000963132875509532
124,0.15477047601198138,0.41636839518323543,0.18283628725330345,0.12429603929631412,0.4597425177693367,0.0009625386034172276
125,0.1415904262326876,0.400160932354629,0.17557506897428538,0.1255024319514632,0.4609561704099178,0.000961939766255642
126,0.14953665585289855,0.4143245412036777,0.16576260653673672,0.12242244286462664,0.4616953060030937,0.0009613363699350561
127,0.15206752797039372,0.4104391126893461,0.17716616542602423,0.12399999578483403,0.46167413219809533,0.0009607284204107479
128,0.14527490557920827,0.43194189267233013,0.17099202355602755,0.13620567452162505,0.4924929074943066,0.0009601159236829338
129,0.15291802149768047,0.41641428107395767,0.17368187457905152,0.12115073464810848,0.4584344856441021,0.0009594988857967092
130,0.13989788917424448,0.40211404403671624,0.1828626354050357,0.12460161177441478,0.46499166637659073,0.0009588773128419891
131,0.13441582786927028,0.4054766224697232,0.18405079650110565,0.12642407352104784,0.4649628221988678,0.0009582512109534474
132,0.14408767969871406,0.4202477362006903,0.19015642600716093,0.13125915005803107,0.48077419549226763,0.0009576205863104573
133,0.13955757267922309,0.40705662574619056,0.20062582649989052,0.13356923181563615,0.4929422914981842,0.0009569854451370291
134,0.1445492788712727,0.40960323307663205,0.17526427882839926,0.12115094522014261,0.4575102932751179,0.00095634579370175
135,0.14783440546962084,0.4233243826776743,0.1881509891129099,0.130683986376971,0.48053199946880343,0.0009557016383177212
136,0.14481869411683873,0.4250662121921778,0.16148945067543535,0.12007789313793182,0.45312699526548383,0.0009550529853424964
137,0.13803154728284425,0.40249290177598596,0.16836295486427844,0.12308834483847023,0.465412575006485,0.0009543998411780187
138,0.13373822622734224,0.3921774223446846,0.1770477032463532,0.12399135250598192,0.4686158761382103,0.000953742212270557
139,0.14014942027042707,0.398883499763906,0.18513759231427684,0.12376583791337907,0.46639545187354087,0.0009530801051106435
140,0.13966842807785723,0.4089107321575284,0.1872456477576634,0.12678037830628455,0.4673049904406071,0.0009524135262330084
141,0.1531039704923387,0.41206292873248457,0.16549384520330931,0.11919829333201051,0.4616832695901394,0.0009517424822165161
142,0.13893758128360786,0.3951907712034881,0.1760280836344464,0.1262949800118804,0.4631626844406128,0.0009510669796841
143,0.14937962632247945,0.4157376310788095,0.1714464881486492,0.1213149840477854,0.454478757083416,0.0009503870253026977
144,0.14224347208646576,0.39537701224908234,0.17188087255926804,0.11981258476153016,0.4476079136133194,0.0009497026257831842
145,0.13436784395053109,0.40080024367198347,0.17529374357836786,0.12125008115544915,0.45313334837555885,0.0009490137878803065
146,0.1392901313778566,0.41932925609871746,0.1742715142085217,0.12084987885318696,0.45744412690401076,0.0009483205183926168
147,0.1352725946348073,0.4022982123307884,0.190799753824831,0.1327887366525829,0.49207072257995604,0.0009476228241624046
148,0.13573667675045725,0.41422049989923837,0.16856979550793766,0.12160966056399047,0.4526586353778839,0.0009469207120756306
149,0.13918018400527216,0.4018385909497738,0.16849494517373387,0.12110998807474971,0.4539433799684048,0.0009462141890618578
150,0.13202600571403308,0.41037570852786304,0.16646732811641413,0.12164090974256396,0.4606372058391571,0.0009455032620941827
151,0.13371193747389043,0.3969421999529004,0.16197101934812963,0.11693347319960594,0.45078944861888887,0.0009447879381891678
152,0.14873041182599991,0.4173829290084541,0.17490047992323526,0.1225733883678913,0.4551492378115654,0.000944068224406771
153,0.130952381422685,0.38235192056745293,0.15872323423682247,0.11628644755110144,0.44174330979585646,0.0009433441278502771
154,0.1253850356410112,0.37774083353579047,0.18526412218634505,0.12221493367105722,0.4621721178293228,0.0009426156556662263
155,0.14937593368358648,0.3963013459928334,0.1771654273645254,0.1274032374843955,0.45878888592123984,0.0009418828150443455
156,0.13395944967578544,0.3998070484958589,0.1689123989082873,0.1404271975159645,0.5016108095645905,0.0009411456132174754
157,0.1319078330805496,0.3982054258696735,0.17228998616919852,0.12059296425431967,0.4528659887611866,0.0009404040574615006
158,0.13100656440801686,0.38966008396819235,0.1779432549374178,0.14979932494461537,0.6433899112045764,0.0009396581550952768
159,0.13231706577680596,0.39722039494663475,0.16350186829222366,0.11803259099833667,0.44783302769064903,0.0009389079134805596
160,0.13249954323255225,0.3992878713645041,0.16166184189205524,0.12478877352550626,0.461750278621912,0.0009381533400219305
161,0.1322507893510192,0.38980832118541003,0.17085361362842377,0.12350200526416302,0.4581503950059414,0.0009373944421667251
162,0.12742578503930418,0.39946816843003036,0.1693321126542287,0.12056899759918452,0.452325826138258,0.0009366312274049588
163,0.12807781113951933,0.380236264038831,0.16798623289505485,0.1229466806165874,0.45125134512782095,0.0009358637032692533
164,0.1320002638558435,0.3834708512760699,0.17991031244164332,0.12401768993586301,0.461122115701437,0.0009350918773347616
165,0.13228980859894363,0.3990070288069546,0.1574506923323497,0.11972505487501621,0.4546120524406433,0.0009343157572190944
166,0.13100191834364522,0.4034603487700224,0.15766338449611794,0.11799308913759887,0.4498904958367348,0.0009335353505822438
167,0.13944026432800455,0.4231019590049982,0.16970102493651212,0.11969843218103052,0.4465234152972698,0.0009327506651265082
168,0.12715822851969277,0.3884586589410901,0.15801311916729902,0.11715196468867362,0.4385419063270092,0.0009319617085964164
169,0.13037679615772504,0.38413384975865483,0.18160381210036575,0.12365546389482915,0.4642768882215023,0.0009311684887786508
170,0.13446601460345847,0.4001755236648023,0.1576281202636892,0.11689802277833224,0.4432417668402195,0.0009303710135019706
171,0.13393498209388782,0.38557467991486194,0.17014041668444407,0.11773004131391644,0.4515459455549717,0.000929569290637135
172,0.13048523068137002,0.3899826564826071,0.17970750856911763,0.12094790046103299,0.45269294232130053,0.000928763328096825
173,0.12276557815348496,0.37842116560786965,0.15988331531407313,0.11741744321770967,0.4458933167159557,0.0009279531338355654
174,0.12697440642004948,0.38904637275263665,0.18561512306623626,0.12761239875108005,0.46285309791564944,0.0009271387158496464
175,0.13204145084637275,0.39459665706381203,0.1602579612575937,0.11529649212025106,0.44127674028277397,0.0009263200821770449
176,0.12975354477948714,0.3785456047393382,0.15690286773606205,0.12182238949462772,0.46472363322973254,0.0009254972408973448
177,0.12613387507008156,0.401397489476949,0.16504379759717266,0.12024704115465283,0.45534331873059275,0.000924670200131657
178,0.13635321148849472,0.38694530660286547,0.17537725523579867,0.12251240210607647,0.46993716806173325,0.0009238389680425404
179,0.1300945935650816,0.3793013747781515,0.1781578376190737,0.12126247002743185,0.4582746997475624,0.0009230035528339198
180,0.12834178963239537,0.3781070445664227,0.1709668303752551,0.11731552565470338,0.447361533343792,0.0009221639627510063
181,0.125703513852568,0.3842989102937281,0.17388598421530332,0.11927186255343258,0.4468538500368595,0.000921320206080215
182,0.12279958274839373,0.3723326550796628,0.16694369540491608,0.12613570615649222,0.4615719638764858,0.0009204722911490834
183,0.13285763309249887,0.38582638632506133,0.17358352873998228,0.12300978773273527,0.45247446149587633,0.0009196202263261897
184,0.1275072910273593,0.374179669842124,0.16262678036291617,0.1182867378462106,0.44652376845479014,0.0009187640200210698
185,0.12615213188892085,0.3752822121605277,0.1551007674424909,0.11357600037008524,0.4374649412930012,0.000917903680684134
186,0.13974877078035206,0.3956158122047782,0.16102909889887088,0.11793086798861623,0.45769179314374925,0.0009170392168065844
187,0.12695287930055202,0.38198140179738405,0.19713884545199106,0.13025195188820363,0.47652285024523733,0.0009161706369203305
188,0.1341687822177846,0.410282145999372,0.1739373883116059,0.1292576314881444,0.4792303927242756,0.0009152979495979051
189,0.12448545864790503,0.38558607595041394,0.1687782924826024,0.1257361251860857,0.4606918081641197,0.0009144211634523797
190,0.12150717447948409,0.3740472078323364,0.1720115232630633,0.12062827302142978,0.44464894384145737,0.0009135402871372796
191,0.12405750521484152,0.377459364105016,0.16165504119126126,0.11568569205701351,0.4402057588100433,0.0009126553293464986
192,0.11855219086628495,0.37831397280097007,0.19029435621923768,0.13287384388968349,0.4804992705583572,0.0009117662988142125
193,0.1178486336102651,0.3745192361995578,0.16384666372614448,0.1143878323957324,0.4381673403084278,0.0009108732043147939
194,0.12790813323845213,0.38639051700010896,0.16917312193545514,0.11641173264943064,0.44769567996263504,0.000909976054662725
195,0.13010341375174903,0.37680463762953875,0.1622575617133407,0.1145657959394157,0.4367399737238884,0.0009090748587125104
196,0.12034078594206221,0.36954064536839726,0.1549723344942322,0.11138070872984826,0.4367518313229084,0.0009081696253585908
197,0.12227595436306729,0.37666689045727253,0.16488645203789928,0.11661818684078754,0.43788167238235476,0.0009072603635352535
198,0.12113578417865938,0.37305562300607564,0.16289782640815248,0.11503444565460086,0.43960757181048393,0.0009063470822165457
199,0.12069649480945373,0.3778667821548879,0.16013088393374347,0.1146925486624241,0.4369982145726681,0.0009054297904161855
200,0.1223372598815331,0.37165833758190275,0.15412721851898822,0.11579448669217526,0.43823737278580666,0.0009045084971874724
201,0.12511125343171442,0.40047043999657034,0.17591233596904204,0.12078704372979701,0.4481570191681385,0.0009035832116231988
202,0.12407501634952496,0.37367389304563403,0.20130341715412214,0.12651603482663631,0.4685872048139572,0.0009026539428555596
203,0.12127450930374835,0.3817576078698039,0.18727011809241959,0.1247394276317209,0.4553408227860928,0.0009017207000560626
204,0.12047011239374114,0.37734304340556263,0.1505521637853235,0.11337898639030755,0.43122619241476057,0.000900783492435437
205,0.11987679888516141,0.3714858638122678,0.16325071349274367,0.11445589456707239,0.436330184340477,0.0008998423292435441
206,0.1159635681789041,0.37365520037710664,0.1666618110233685,0.11516746040433645,0.4448492482304573,0.0008988972197692842
207,0.11848621755780187,0.36784059591591356,0.17221836773969698,0.1181713331490755,0.45337272360920905,0.0008979481733405066
208,0.12562314145689016,0.3759141483344138,0.1639886636083247,0.1166838533245027,0.4401772916316986,0.0008969951993239164
209,0.12249662819340301,0.3712820453569293,0.1651221582607832,0.1266146793961525,0.4816448658704758,0.0008960383071249824
210,0.12309684120882594,0.3800083361566067,0.166558121619164,0.11685847160406411,0.4406446501612663,0.0008950775061878439
211,0.11928750729912281,0.37356373500078915,0.16827256007818506,0.11461555478163063,0.44485369250178336,0.0008941128059952187
212,0.11446502046528621,0.37353401659056545,0.17402580834168474,0.12258012164384127,0.45906537771224976,0.0008931442160683081
213,0.1232530020071863,0.3737463666126132,0.18256152321118863,0.12030869321897626,0.4513443559408188,0.0008921717459667036
214,0.12302764736450626,0.3798302120529115,0.15860305105743464,0.11458545327186584,0.44075865745544435,0.0008911954052882926
215,0.11261898647062481,0.3640895969234407,0.16614302946836687,0.11651578871533275,0.4388948082923889,0.0008902152036691634
216,0.11835024691208673,0.3718496223911643,0.16158706698042807,0.11320726219564677,0.4348032496869564,0.0008892311507835103
217,0.11892859504505396,0.37409297935664654,0.16521981678670272,0.11572207408025861,0.43598085790872576,0.0008882432563435378
218,0.12184797350801091,0.38170920191332697,0.17062394544482232,0.12071970775723458,0.4457389809191227,0.0008872515300993655
219,0.1197472935740734,0.3752900025807321,0.16031461431703065,0.12256361925974488,0.4519407279789448,0.0008862559818389307
220,0.12536154014269413,0.37194378711283205,0.16119101657241117,0.11629922818392516,0.4365008071064949,0.0008852566213878929
221,0.1206630019871227,0.3733240576460958,0.1610424411977874,0.11643838342279196,0.4443249873816967,0.0008842534586095366
222,0.12213990745167394,0.3732778996229172,0.1792667579720728,0.12287668734788895,0.46271738335490226,0.0008832465034046733
223,0.11152412631236075,0.37372059067711233,0.17717031345819123,0.1228366544470191,0.44196090921759607,0.0008822357657115442
224,0.11174484584571473,0.3593891884200275,0.15105536763730926,0.11459808684885502,0.4383149527013302,0.0008812212555057223
225,0.11873658986260124,0.36109090307727454,0.1538566805247683,0.11426074374467135,0.42895994186401365,0.000880202982800014
226,0.11138255104579002,0.3542790527455509,0.1409236089035403,0.11104022953659295,0.4267351202666759,0.0008791809576443595
227,0.12635776278511912,0.3857822196558118,0.15993984930100852,0.1151751063298434,0.42874595820903777,0.0008781551901257345
228,0.11098437149466918,0.3663464667275548,0.1658221104036784,0.11518491674214601,0.43680043071508406,0.0008771256903680505
229,0.11302960827888456,0.35825446816161277,0.16221142838330707,0.11335238688625396,0.4305770806968212,0.0008760924685320542
230,0.11762393198678182,0.36455321898683907,0.18262654256250244,0.12677662512287496,0.4680108368396759,0.0008750555348152283
231,0.11888304350595717,0.37615976817905905,0.15268103398848326,0.11963730100542307,0.4534873828291893,0.0008740148994516897
232,0.11345545328495063,0.3759987687692046,0.16130629473482258,0.11322857020422816,0.4296642206609249,0.0008729705727120896
233,0.10979188104720379,0.35888551604002716,0.1549557987425942,0.11290974733419716,0.43450715616345403,0.000871922564903511
234,0.11854911760074174,0.3737888659350574,0.15813453322916757,0.1127986163366586,0.4334644928574562,0.0008708708863693681
235,0.11658686407536152,0.3625559997744858,0.1655151189683238,0.11862163515761495,0.44732737392187116,0.0008698155474893034
236,0.11044879963028506,0.3624465595930815,0.16161458044371102,0.11548655526712537,0.43534431606531143,0.0008687565586790856
237,0.11857836437484366,0.36947225918993354,0.1521969077643007,0.11268929550424218,0.4277754344046116,0.0008676939303905066
238,0.12272630479164945,0.41674985373392703,0.1554339359194273,0.11294091548770666,0.4374358274042606,0.0008666276731112787
239,0.11208904680370324,0.36231837812811135,0.15779151158640162,0.1108539927750826,0.43271557465195654,0.0008655577973649307
240,0.11438929426294635,0.36982276681810616,0.15742438325542024,0.11424213163554668,0.4423113755881786,0.0008644843137107043
241,0.1087198682842427,0.3631527268327773,0.14813134415599052,0.11301728198304772,0.4244032301008701,0.00086340723274345
242,0.11762278471069294,0.3571521616540849,0.1579649813444121,0.11522551067173481,0.43404057919979094,0.000862326565093522
243,0.11283901739607245,0.3561900957487524,0.15743589085468557,0.11230731103569269,0.4298305295407772,0.0008612423214266735
244,0.11277207521925448,0.3703963247127831,0.1684297007188434,0.11658411677926779,0.4421937823295593,0.000860154512443952
245,0.10812481709253915,0.35277263103052975,0.15017240559391212,0.11169339241459966,0.4288752354681492,0.000859063148881593
246,0.10705448771313968,0.359730934817344,0.1768715812067967,0.11997359585948289,0.4521072253584862,0.0008579682415109142
247,0.10961658932901627,0.3633094226010144,0.1681389851612039,0.11657918291166425,0.4376694969832897,0.0008568698011382094
248,0.11440975797795545,0.37130911331623795,0.15356823607871775,0.11616738783195615,0.43853479251265526,0.0008557678386046416
249,0.10871262615582963,0.36181615721434357,0.16883791096624917,0.11647098250687123,0.43352309688925744,0.0008546623647861356
250,0.1151563234769128,0.35488186180591585,0.16289109262870624,0.1170231120660901,0.44111497327685356,0.0008535533905932725
251,0.11319805062521482,0.35728593477979304,0.15713659145403652,0.11988144777715207,0.458682406693697,0.0008524409269711795
252,0.11257982016813912,0.36213882397860286,0.14939135431777686,0.10982677084393799,0.42353806346654893,0.0008513249848994234
253,0.11585509993219603,0.37439665496349334,0.15172090779524297,0.11194118107669056,0.42613199949264524,0.0008502055753919019
254,0.10913024279470847,0.35426258463412524,0.16656936013896484,0.1190381271764636,0.4413693085312843,0.0008490827094967352
255,0.10865898822339659,0.35570534942671655,0.16609371947706678,0.1154451800044626,0.4396872453391552,0.0008479563982961559
256,0.10614044766934967,0.3608920434489846,0.15486139228742105,0.11492216652259231,0.4335953056812286,0.0008468266529064013
257,0.10550677674418693,0.352404801081866,0.1568129356659483,0.11314605954103171,0.42804413586854934,0.000845693484477602
258,0.11508475163809635,0.3610773184336722,0.15619121351628565,0.12082899417728185,0.458640293776989,0.0008445569041936732
259,0.11000018477825506,0.358142742048949,0.16749501017911825,0.1153153351508081,0.43538410142064093,0.0008434169232722031
260,0.10616001890175539,0.3635286937467754,0.1740359696559608,0.12023892109282315,0.44565545171499255,0.0008422735529643433
261,0.10828824070358678,0.3568511240184307,0.15268479142105207,0.11201431192457675,0.43623933345079424,0.0008411268045546973
262,0.10543135367115611,0.3613148478791118,0.1577407905831933,0.11778128044679761,0.48136484026908877,0.0008399766893612086
263,0.1104856147116152,0.3657434778288007,0.14656566130142892,0.10794418309815228,0.420647431910038,0.0008388232187350503
264,0.10633784244291747,0.3519288872368634,0.1634236701502232,0.11416193316690623,0.42875979766249656,0.0008376664040605113
265,0.1113800296887348,0.3533388124778867,0.16178258011932484,0.11080256341956556,0.4288853846490383,0.0008365062567548858
266,0.1099342811434326,0.3579125810414553,0.14540472915396094,0.1114603215828538,0.427818787842989,0.0008353427882683592
267,0.1119548569789913,0.3506076225079596,0.1574033630633494,0.11126586529426277,0.42780007272958753,0.0008341760100838957
268,0.10492286843200418,0.35414286945015194,0.15151701121067163,0.11033215606585145,0.4215894840657711,0.000833005933717125
269,0.10215614445696701,0.3545813410542905,0.15247759868216235,0.11152808698825538,0.42286128252744676,0.0008318325707162285
270,0.1227638480533642,0.37562790876254437,0.17894886333087925,0.12189216557890177,0.4517486162483692,0.0008306559326618251
271,0.11275463568363193,0.3647981218062341,0.14676452460698783,0.10949104353785515,0.41874791458249094,0.0008294760311668577
272,0.10992202378893126,0.359012124221772,0.14800209338427522,0.11577280722558499,0.43852240964770317,0.0008282928778764774
273,0.10986565067905758,0.36551619730889795,0.15562927957507783,0.11228888859041035,0.4309907428920269,0.0008271064844679296
274,0.10455195000258755,0.35182250165380535,0.17545272459392436,0.12012507445178926,0.43956590071320534,0.0008259168626504385
275,0.10493573829608067,0.35843530483543873,0.16951368982263376,0.11548538911156356,0.43456157222390174,0.0008247240241650909
276,0.10452754377602105,0.3540986323729157,0.16224844989774284,0.11578919412568212,0.43398958817124367,0.0008235279807847213
277,0.10975849740916602,0.3532008155249059,0.15573283862613607,0.11250370899215341,0.4253683090209961,0.0008223287443137948
278,0.10929194524560444,0.35724234571680424,0.15496618115575983,0.1115638003218919,0.43747853934764863,0.0008211263265882914
279,0.11570909584370384,0.3634711525402963,0.1499398683081381,0.11038295375183224,0.42315910533070566,0.0008199207394755884
280,0.10328683181087399,0.3481265099719167,0.15631425980245695,0.11212084330618381,0.42796458303928375,0.0008187119948743441
281,0.1038117341193356,0.34898510011844336,0.1572001217660727,0.11053793570026756,0.4281568944454193,0.0008175001047143796
282,0.10917981687834981,0.355931749753654,0.15080620189837646,0.11090023564174771,0.4242806017398834,0.0008162850809565615
283,0.1125272802373729,0.35091713182628154,0.16290098961326294,0.1235939865000546,0.448451329767704,0.0008150669355926837
284,0.10904708486013988,0.3554808014072478,0.16498507214419078,0.11705934782512487,0.43572174981236456,0.0008138456806453493
285,0.12004323521159677,0.3665497179608792,0.15691749483230524,0.1116903917863965,0.4270050756633282,0.0008126213281678518
286,0.10580865139963862,0.3514710946939886,0.17539460286207031,0.11778232641518116,0.43588433638215063,0.0008113938902440554
287,0.11076810224149085,0.35602705627679826,0.14830506876460275,0.1181853611022234,0.44984286949038504,0.0008101633789882772
288,0.10312565393514887,0.3433233881369233,0.14994126762903762,0.10853702444583177,0.4232256881892681,0.0008089298065451663
289,0.09675053024284352,0.35363837610930204,0.1407179442438064,0.10733014200814069,0.4150589697062969,0.0008076931850895849
290,0.10572801849684765,0.3667787765618414,0.15972560934897045,0.11526766284368932,0.43440274745225904,0.0008064535268264874
291,0.09984198147867573,0.34639541832730175,0.15836303903925,0.11204058532603085,0.42724370360374453,0.0008052108439908003
292,0.10728007457255444,0.36380049036815765,0.1798632683843607,0.12073015724308789,0.45328037440776825,0.0008039651488473019
293,0.10367420119855524,0.35200575534254314,0.17810626508726274,0.12156627578660846,0.4397277683019638,0.0008027164536904999
294,0.11156668523508415,0.34819649821147325,0.15558190360316076,0.11331166601739824,0.43349932581186296,0.0008014647708445116
295,0.11036635587961427,0.3510659304447472,0.1525735122995684,0.11112889377400278,0.41940377429127695,0.0008002101126629411
296,0.10676236782455817,0.3449164257384837,0.1576777430920629,0.1088748610112816,0.42384491860866547,0.0007989524915287586
297,0.09977214500668197,0.346834821999073,0.16146267867297864,0.11254995381459594,0.4304991148412228,0.0007976919198541766
298,0.10762927845426021,0.35536271929740904,0.1488761179469293,0.10656013651750981,0.42148341313004495,0.0007964284100805288
299,0.09736229991585788,0.3351186444051564,0.1561752917972626,0.11251220046542584,0.4267583519220352,0.0007951619746781464
300,0.10006848834491393,0.34871736434288325,0.15294890253571794,0.11411106497980654,0.427217698097229,0.0007938926261462357
301,0.10320882916912524,0.3506511146202683,0.1551328874222236,0.11368894716724753,0.4299611508846283,0.0007926203770127542
302,0.09834756843320065,0.3441294851712883,0.18063118312566076,0.12066628369502723,0.4446950308978558,0.0007913452398342871
303,0.11074641774484917,0.3557482979260385,0.17007550725829787,0.12144460808485746,0.4487611874938011,0.0007900672271959238
304,0.101480427921706,0.3418400424532592,0.1637903412716696,0.11479427134618163,0.4272793881595135,0.000788786351711133
305,0.09956280221977068,0.34509737715125083,0.16031074579805135,0.10964576182886958,0.4260862469673157,0.0007875026260216385
306,0.11336190156398515,0.37317624501883984,0.16112507042416838,0.11263279537670315,0.4254755683243275,0.0007862160627972946
307,0.09864279858347799,0.3501480923499912,0.1719316794304177,0.11594276712276042,0.4350980244576931,0.000784926674735961
308,0.09873397703067895,0.346776856854558,0.16394400424615013,0.11666215872392058,0.4325316049158573,0.0007836344745633775
309,0.10235732559758617,0.3523713142611086,0.15056916237226686,0.11109584458172321,0.43001779168844223,0.0007823394750330377
310,0.09986872156878235,0.3437676880508661,0.16514938769105356,0.11430220622569323,0.42868818566203115,0.0007810416889260644
311,0.10000350049049303,0.35116750914603473,0.15513252074306366,0.1103437215089798,0.4192738190293312,0.0007797411290510826
312,0.10191076273549697,0.3461289583705366,0.16280239870393415,0.11376438229344785,0.4297365300357342,0.0007784378082440932
313,0.10391942711976299,0.3463899435475469,0.14969351971376454,0.10843331888318061,0.42048691436648367,0.0007771317393683462
314,0.09938527912418067,0.34295059740543365,0.15256821494258474,0.11045915903523565,0.42388940006494524,0.0007758229353142144
315,0.09602744508611068,0.3456387111917138,0.15356136063637676,0.10862917485646903,0.4181634820997715,0.0007745114089990652
316,0.10823971081936179,0.3501475294586271,0.15651728837401607,0.11237403699196875,0.42422401905059814,0.0007731971733671338
317,0.09885841491868633,0.3426683218218386,0.15996703284763497,0.11183367650955915,0.4259242706000805,0.0007718802413893954
318,0.09928860204054217,0.34585457341745496,0.1507855431686039,0.11000544717535377,0.42001292631030085,0.000770560626063437
319,0.10528397091584338,0.34901050813496115,0.15127664583851583,0.11178829316049814,0.42565716728568076,0.0007692383404133291
320,0.10199278182444686,0.3491220771335065,0.16247830823413095,0.11274506282061339,0.42929967641830447,0.0007679133974894973
321,0.10453956511728393,0.3462055484298617,0.15847069980227388,0.11168310078792273,0.42531932815909385,0.0007665858103685934
322,0.09419386918325472,0.3277304951101542,0.16091933350544424,0.11097207423299552,0.4185539290308952,0.0007652555921533661
323,0.11043010385146772,0.35328603009693327,0.15018473243399058,0.10882356688380242,0.41955158933997155,0.0007639227559725323
324,0.09198767080542894,0.3442346451804042,0.1560812402429292,0.1121798304375261,0.42302197217941284,0.0007625873149806469
325,0.09543836673528858,0.3220396534074098,0.15714613496966195,0.11244530072435736,0.42896043583750726,0.0007612492823579735
326,0.09878835147337668,0.3387937454506755,0.1621214748985949,0.11093474146910012,0.4270243592560291,0.0007599086713103538
327,0.09389752427350687,0.3364485774654895,0.162952821268118,0.11554499710910023,0.4264704830944538,0.0007585654950690776
328,0.10551920799716755,0.346841477137059,0.15015645229141228,0.1085753767285496,0.4193963594734669,0.0007572197668907525
329,0.10047307570785051,0.34881905196234586,0.1590652058745036,0.11357053718529642,0.433111147582531,0.0007558715000571716
330,0.10003762625819945,0.34585281941108403,0.14102738618239527,0.10515088522806763,0.41627238094806673,0.0007545207078751847
331,0.10999797208405653,0.3605715166311711,0.15445836499566212,0.10843244646675884,0.4174264781177044,0.0007531674036765654
332,0.09577541476792248,0.3381875961087644,0.1488561265723547,0.1072551344987005,0.41651669815182685,0.0007518116008178794
333,0.09758665730169014,0.35335146738216283,0.1539203923282912,0.11153628751635551,0.42412296012043954,0.000750453312680354
334,0.09455152566715697,0.3320451784413308,0.18270124143746216,0.12360001727938652,0.4461922898888588,0.0007490925526697444
335,0.0956444703156194,0.3366001155693084,0.15765896945813437,0.11171666635200381,0.42368049919605255,0.0007477293342162028
336,0.0937402409979768,0.3484669397585094,0.15493850472703344,0.11064855861477554,0.42177136465907095,0.0007463636707741449
337,0.08866366405309237,0.33089894042350354,0.16342155866586835,0.11514225448481738,0.42813737541437147,0.0007449955758221175
338,0.09593945407996216,0.34340782202780246,0.1527822916104924,0.11189118381589651,0.4251450650393963,0.0007436250628626652
339,0.1006758872381397,0.3467908654361963,0.17414439713174942,0.11694787829183043,0.4320723183453083,0.000742252145422198
340,0.10514472978720732,0.3411364394240081,0.15711820669821464,0.11026486316695809,0.4265259765088558,0.0007408768370508566
341,0.10418783898703624,0.34115555640310047,0.16221067310252693,0.11302250795997679,0.43683215230703354,0.0007394991513223794
342,0.09724355404905509,0.34689567545428873,0.1500385552746593,0.10720468456856906,0.4152472220361233,0.0007381191018339685
343,0.09870254234010645,0.34060456613078716,0.17044675680226645,0.11664309850893914,0.43104090839624404,0.0007367367022061551
344,0.10156358219555842,0.3431658087763935,0.15680794645741117,0.11292314985767007,0.4258662432432175,0.0007353519660826653
345,0.09877643854688359,0.33839746154844763,0.15668855390395037,0.1119226994458586,0.4280663415789604,0.0007339649071302857
346,0.09140474967462069,0.3356319759972394,0.15771571725199465,0.11031199879944324,0.4202473312616348,0.0007325755390387282
347,0.09807840038156428,0.34272095700725913,0.15297141576302237,0.11190128149464726,0.4319392628967762,0.0007311838755204948
348,0.10046007473611099,0.3553972001187503,0.14713318004796747,0.10710037793032826,0.41882508993148804,0.000729789930310743
349,0.09233458104572492,0.34553607036359607,0.15254399157129228,0.11185820829123258,0.4214781351387501,0.0007283937171671487
350,0.09840054872693145,0.3381181246601045,0.15529682786873308,0.10966947684064507,0.4179323263466358,0.0007269952498697724
351,0.09991836259805495,0.33961241617798804,0.16222179398464504,0.11369873508810997,0.4264283463358879,0.0007255945422209216
352,0.09385127016248589,0.3410203411243856,0.15261700791161276,0.1125046239234507,0.41842994317412374,0.0007241916080450153
353,0.09208322818431043,0.3332131339702755,0.1775223830671166,0.11662432798184455,0.43495884239673616,0.0007227864611884471
354,0.10097895219205384,0.33490767814218997,0.14537332059408073,0.1067460855934769,0.40900649651885035,0.0007213791155194498
355,0.09677299273480458,0.3365657445043325,0.16152143090730534,0.11084910784848034,0.42200666591525077,0.0007199695849279566
356,0.09077242437042514,0.3353292189538479,0.16068504792347085,0.11159848938696086,0.4282976821064949,0.0007185578833254655
357,0.08870335389892717,0.33610798115842044,0.1571503919767565,0.10962368492037058,0.42123550847172736,0.0007171440246449014
358,0.09801472934286722,0.32895083390176294,0.1601697441597935,0.11448909342288971,0.42920600771903994,0.0007157280228404786
359,0.09822148220655436,0.33942389069125056,0.15976307184027974,0.1105533893685788,0.42372889891266824,0.0007143098918875634
360,0.09328739784177742,0.33050115923397244,0.17571921768249013,0.11919400403276086,0.44124179258942603,0.0007128896457825355
361,0.09391522501728104,0.33176091997884216,0.15990688974270598,0.11183280781842768,0.42152364179491997,0.0007114672985426509
362,0.09327577902604389,0.3426779055967927,0.1633614631020464,0.11542627015151083,0.43129745721817014,0.0007100428642059023
363,0.09208984405031514,0.3343986469320953,0.14943990260362625,0.10907202111557127,0.418715763092041,0.0007086163568308818
364,0.09195307997215423,0.3323900742456317,0.17433925346995238,0.11892887530848384,0.4423560306429863,0.0007071877904966413
365,0.09101106336693192,0.3423603783361614,0.15030555956473107,0.10873505380004644,0.41556724682450297,0.0007057571793025535
366,0.09626407694449882,0.33975426643155515,0.16478111575124785,0.11310585495084524,0.4258229948580265,0.0007043245373681737
367,0.09584469016990624,0.33374470761045816,0.1619108975675772,0.1111881498247385,0.41977759897708894,0.0007028898788330991
368,0.09274508498092474,0.3384527656715363,0.16062747127434704,0.11177641884423792,0.42446097955107687,0.0007014532178568306
369,0.09387972630165678,0.3338976291939616,0.15116123664192854,0.10923125012777746,0.41601035967469213,0.0007000145686186315
370,0.10144011210413736,0.3330519034061581,0.1537545419705566,0.10818180344067514,0.41829996183514595,0.0006985739453173895
371,0.0925262137286154,0.33985717399045823,0.158188193209935,0.10996848079375923,0.42267584055662155,0.0006971313621714746
372,0.08663695548730174,0.32712719067931173,0.1642104443599237,0.11214264491572976,0.4254249930381775,0.0006956868334186005
373,0.09073515650288755,0.3292810020968318,0.15312314649054315,0.1106256676837802,0.42613225281238554,0.0006942403733156823
374,0.09276128265519219,0.33069496201351284,0.15163061116763857,0.10698957103304566,0.4173438400030136,0.0006927919961386975
375,0.08660460245446303,0.33313569622114303,0.16762969226401764,0.11558562777936458,0.4311851359903812,0.0006913417161825442
376,0.09846577271655406,0.3363805678207427,0.1424659518233966,0.10386063265614212,0.4060028411448002,0.0006898895477609
377,0.08584980852756416,0.3338636325672269,0.15873802842834267,0.10829711896367371,0.415459755808115,0.0006884355052060807
378,0.08576844004874147,0.32957088528200984,0.17114816989924292,0.11775065558031202,0.4355292275547981,0.0006869796028688994
379,0.08788641936916974,0.33943607220426203,0.1548446231521666,0.11050467356108129,0.4220747292041779,0.0006855218551185248
380,0.09351280173614214,0.35442597344517707,0.17139091873541473,0.11719081224873662,0.43501870334148407,0.0006840622763423383
381,0.09334449259358735,0.33938498040661214,0.16934947369300063,0.11256552408449352,0.4287156105041504,0.0006826008809457933
382,0.09529506429262255,0.342568930471316,0.1596654107212089,0.11176275322213769,0.42562619149684905,0.0006811376833522722
383,0.09153281040726143,0.3291557590477169,0.15193440182192716,0.10807270482182503,0.4192554533481598,0.0006796726980029447
384,0.0893854413682675,0.3237383070867509,0.15461802289646584,0.11114558349363506,0.42055527567863465,0.0006782059393566247
385,0.08728620501469778,0.3340455060824752,0.14942128159455023,0.10797370397485792,0.4182728812098503,0.000676737421889628
386,0.08879793425312528,0.337257138825953,0.1501433433906641,0.10740416971966624,0.41629348546266554,0.0006752671600956289
387,0.09759210777810949,0.3350182846188545,0.16260906092356892,0.11205045497044921,0.42007420063018797,0.0006737951684855179
388,0.09981248231579229,0.33545109862461686,0.15621126078767703,0.10809730510227382,0.4153189867734909,0.000672321461587258
389,0.08694473141731578,0.3274958702735603,0.1672534073004499,0.11274795825593173,0.42488548159599304,0.0006708460539457411
390,0.08888379511254244,0.3290754733607173,0.1601953486650018,0.11102111041545867,0.42382836565375326,0.0006693689601226453
391,0.09947906406177935,0.3421946465037763,0.14798632056917996,0.10672246082685888,0.4134157583117485,0.0006678901946962898
392,0.08597108330277478,0.3274844689294696,0.15813014374871273,0.11174100213684142,0.414852986484766,0.0006664097722614928
393,0.08622860990017216,0.3281258745584637,0.15645525830041151,0.11069460958242416,0.42682104632258416,0.0006649277074294259
394,0.08885619850843796,0.32966977953910825,0.16682498472073348,0.11211981382220984,0.4202575296163559,0.0006634440148274709
395,0.0943057143374972,0.3301848583854735,0.16446584915247514,0.11182179693132639,0.42462295591831206,0.0006619587090990742
396,0.09016388722557167,0.3411983905825764,0.15923600514943245,0.11590530248358846,0.4362530767917633,0.0006604718049036041
397,0.08956965894494714,0.3331593070179224,0.14933974484883947,0.10818941653706134,0.4114881753921509,0.000658983316916205
398,0.09244927815288975,0.33824675432406365,0.16589882776897866,0.1125133401248604,0.422527264803648,0.0006574932598276518
399,0.09693892779641829,0.3273911834228784,0.15915968957560836,0.10994623606093228,0.4231196649372578,0.0006560016483442069
400,0.08558674465566582,0.3284639924298972,0.1554981268636766,0.10866636764258146,0.4156867258250713,0.0006545084971874732
401,0.08701678028191964,0.32994752945378425,0.16202982980757952,0.11126992153003812,0.42192864790558815,0.0006530138210942499
402,0.09148127507705794,0.3364612621255219,0.17409664061269722,0.11763109322637319,0.433292081952095,0.0006515176348163865
403,0.08412542409259913,0.3274629348888993,0.16165444376529195,0.11265529273077846,0.43417507484555246,0.0006500199531206377
404,0.08880819286532642,0.33300923444330693,0.15805462697462644,0.11007009288296103,0.4169942051172256,0.0006485207907885169
405,0.08902333145952071,0.3264186805579811,0.14631085734290536,0.10601389277726411,0.411108472943306,0.0006470201626161514
406,0.0869665928543327,0.32612414662726225,0.17041694852960063,0.11481424109078944,0.4261242002248764,0.0006455180834141354
407,0.09561528160456874,0.3299179901368916,0.1573872310051229,0.11020895317196847,0.4190590411424637,0.000644014568007384
408,0.08914749761870552,0.3156847676727921,0.16059019095846452,0.11008894434198738,0.418439082801342,0.0006425096312349875
409,0.095326583329188,0.32774835685268044,0.16985137794690672,0.11438225754536688,0.42454674914479257,0.0006410032879500642
410,0.08423191843467066,0.32647758414968847,0.14990563137835125,0.10863896757364273,0.41541152745485305,0.0006394955530196142
411,0.09070621343926177,0.3339201631490141,0.15288608907721937,0.10672671739012003,0.4122218631207943,0.0006379864413243723
412,0.08675965666316188,0.32974656149744985,0.16768883722397732,0.11168772499077022,0.42449586242437365,0.0006364759677586621
413,0.08974812404176191,0.3264432051219046,0.16071380962093826,0.11322125429287552,0.428898773342371,0.0006349641472302475
414,0.08716383539767776,0.31535117733292284,0.16345455566042802,0.11182929612696171,0.42473471015691755,0.0006334509946601873
415,0.08771973071889079,0.3345754917245358,0.15723136653541586,0.10979988644830882,0.4239544279873371,0.000631936524982686
416,0.088746044445179,0.3280213926453143,0.16363404446456115,0.11041745645925402,0.4179433979094028,0.0006304207531449479
417,0.08532951146416963,0.32625004476867614,0.16224942075205034,0.11051268875598907,0.4201852612197399,0.0006289036941070295
418,0.08754653065534512,0.3214607122819871,0.15983913609816228,0.11525550931692123,0.4308809295296669,0.0006273853628416907
419,0.08509417102341103,0.32134710852988063,0.1654676610225579,0.11279336726292968,0.42000414431095123,0.0006258657743342481
420,0.09329388832338736,0.32953193932771685,0.1629821525828447,0.11293032867833971,0.4278831422328949,0.0006243449435824269
421,0.08313097618683969,0.328477097582072,0.15991835427994375,0.11015982036478818,0.4182740107178688,0.0006228228855962129
422,0.0904336276862523,0.3247698392253369,0.15640698717179474,0.11170962224714458,0.41522490605711937,0.0006212996153977034
423,0.08447714929261566,0.3301056474912912,0.15171693497977684,0.10951579008251429,0.41381532698869705,0.0006197751480209606
424,0.09211169075078943,0.33089180872775614,0.16268782544939314,0.1129184840247035,0.419298142939806,0.0006182494985118621
425,0.08381264946056036,0.33790598777122793,0.1600588987552328,0.11138963792473078,0.4213705860078335,0.0006167226819279525
426,0.08605869095954403,0.32679663342423737,0.16678369933943032,0.11293635168112814,0.42167011424899103,0.000615194713338295
427,0.08065151214141224,0.3245397448539734,0.15987711392226628,0.11064106090925634,0.4168665997684002,0.0006136656078233229
428,0.08417062976295711,0.3204095966182649,0.15811429411987774,0.11014920948073267,0.42132376581430436,0.0006121353804746904
429,0.08381319471809548,0.32997683458961546,0.17729078826814657,0.1146622667554766,0.43102397322654723,0.0006106040463951233
430,0.08698930532073064,0.32311046882532535,0.15188137769582682,0.1054448613896966,0.4132754497230053,0.0006090716206982711
431,0.08263974285709992,0.321163417911157,0.1540489157414413,0.10853707017377019,0.41338068544864653,0.0006075381185085564
432,0.08555256721401747,0.335768093355,0.1472502126096515,0.10777878519147635,0.4171086423099041,0.0006060035549610271
433,0.08586433482523717,0.3228823496960104,0.15087189380428753,0.10618745773099363,0.4117745257914066,0.0006044679452012055
434,0.08074888068895233,0.31767060211859643,0.1540390770547674,0.10732737234793603,0.41408156603574753,0.0006029313043849404
435,0.09372483822653521,0.33672071280889215,0.17037193317519267,0.11319512943737209,0.423821060359478,0.000601393647678256
436,0.08831899099213843,0.3177573532331735,0.15538086359592854,0.1078576972708106,0.41496761441230773,0.0005998549902572033
437,0.08383107594654575,0.31612490601837634,0.15898663983971345,0.10966862086206675,0.4232687994837761,0.0005983153473077097
438,0.08098343461360855,0.3135019641835243,0.16594623624987434,0.11092471750453115,0.4224138371646404,0.0005967747340254299
439,0.08228550408748561,0.3168149361386895,0.16024823283805745,0.10988464173860849,0.42063999846577643,0.0005952331656155947
440,0.08683460400934565,0.31624698829837145,0.1594456005608663,0.11166795436292887,0.4235449701547623,0.000593690657292862
441,0.08479720332143188,0.3251630648504943,0.13699555176572176,0.10466707707382739,0.4030486442148685,0.0005921472242811663
442,0.09166429929136939,0.32995790694840255,0.171265066874912,0.11641385341063142,0.4296486213803291,0.0005906028818135683
443,0.08278653585057327,0.3221088215708733,0.15458485111012124,0.1083206337876618,0.41412713527679446,0.0005890576451321047
444,0.08447962228124198,0.31815658044070005,0.15154202726553195,0.1095879084430635,0.4238839976489544,0.0005875115294876377
445,0.08470270640027593,0.32603256464935837,0.15127404197992292,0.10567800467833877,0.41081501767039297,0.0005859645501397045
446,0.0821364940341482,0.32511425158008933,0.15814773719903313,0.10981135219335555,0.41719446405768396,0.0005844167223563666
447,0.08384482018363996,0.31334189539775253,0.1486526430118829,0.10792564330622553,0.41595258191227913,0.0005828680614140596
448,0.08152378583763494,0.3167841977439821,0.1551908798821387,0.1083953254390508,0.4181450083851814,0.0005813185825974415
449,0.08715529388937285,0.3293754484970123,0.1522955725900829,0.10660097124055028,0.4131270185112953,0.0005797683011992427
450,0.08703548453122494,0.32259605852887036,0.16639297202345915,0.11262336755171418,0.4230535037815571,0.000578217232520115
451,0.07978780446637757,0.3167933688964695,0.17577669028833043,0.11287215682677924,0.4219266466796398,0.0005766653918684798
452,0.08315561926319788,0.33082741484977307,0.16627948585373814,0.11423900173977017,0.42495197132229806,0.000575112794560378
453,0.08376519443008874,0.3270794884301722,0.17907150400569663,0.11543327746912838,0.4343566082417965,0.0005735594559193181
454,0.08878967175824073,0.3297682523727417,0.1479566039488418,0.10672752554528415,0.4130715161561966,0.0005720053912761255
455,0.07997390316058954,0.3276210700161755,0.17408647065312835,0.11270247967913746,0.4252756252884865,0.0005704506159687907
456,0.08271948800847895,0.31463384283706547,0.15878988059557742,0.10793074374087155,0.4132752172648907,0.0005688951453423185
457,0.0834438043195405,0.33149829553440213,0.15919430382928113,0.1092686589807272,0.4131408229470253,0.0005673389947485757
458,0.08474147081597039,0.31768167284317317,0.16442453309718985,0.11160668772645295,0.42408457323908805,0.0005657821795461407
459,0.08172511474313068,0.32684577400796117,0.1590249154920457,0.10883476296439767,0.41866120249032973,0.0005642247151001509
460,0.08480080929002724,0.316665368527174,0.19278480570064857,0.11839779843576252,0.4360766462981701,0.0005626666167821515
461,0.0837151219813677,0.3269943463150412,0.16015048942354043,0.10818962920457124,0.4185464680194855,0.0005611078999699441
462,0.08107244728089427,0.3193402879871428,0.16902586200740188,0.11203740914352238,0.4205779224634171,0.0005595485800474343
463,0.08225193228299758,0.31967474217526615,0.15935953386942855,0.10960678565315903,0.4184028424322605,0.0005579886724044802
464,0.07723653602633931,0.311722534801811,0.14993528526974842,0.10567588061094284,0.4103280320763588,0.0005564281924367402
465,0.07935345866162606,0.31972283027134835,0.16825573547248496,0.1125671271700412,0.4263318255543709,0.0005548671555455221
466,0.08527673870121362,0.3208246047142893,0.14598629232350505,0.10530121913179755,0.4074611909687519,0.0005533055771376294
467,0.07711422329302878,0.3175940381828696,0.17537606919941026,0.11499237287789583,0.4277802772819996,0.0005517434726252107
468,0.08284753015941533,0.322086527897045,0.15663569086173085,0.10926465061493218,0.4186547763645649,0.0005501808574256068
469,0.08062429136080027,0.3227376276627183,0.16524164138390915,0.1097213081549853,0.4219228222966194,0.0005486177469611992
470,0.08192405999598122,0.32055581687018275,0.16208061886718497,0.11008670483715832,0.42240647971630096,0.0005470541566592566
471,0.08219991346086317,0.3260663567576557,0.15725521595304598,0.10881326058879495,0.4164235062897205,0.0005454901019517844
472,0.08127426191422274,0.3232506836298853,0.1679747526650317,0.11128586595878005,0.4228718802332878,0.0005439255982753712
473,0.08031387134469696,0.3168952610343695,0.15629817494191228,0.10760775753296911,0.4157929301261902,0.0005423606610710361
474,0.07912475060484211,0.3179837165400386,0.15180080164282117,0.10671110302209855,0.4113944463431835,0.0005407953057840783
475,0.0825516890423387,0.3106882712803781,0.1644255455757957,0.1107531207613647,0.41571172401309014,0.000539229547863922
476,0.07655480304729281,0.3102300621569157,0.15043568459514062,0.10831033550202847,0.41343889236450193,0.0005376634027639659
477,0.08241952597963972,0.32426696391776205,0.16153817453305236,0.10744906975887716,0.42075984701514246,0.0005360968859414298
478,0.07933130525434536,0.3203725036699325,0.1430515548636322,0.10328078744933009,0.4036355070769787,0.0005345300128572025
479,0.07883850798334606,0.31789344949647785,0.16008652197779155,0.10912127420306206,0.41486325562000276,0.0005329627989756883
480,0.07788863054611284,0.32313316147774457,0.15717349273181752,0.10784255359321833,0.41243759021162985,0.0005313952597646562
481,0.07877278389496496,0.3215753136202693,0.17799470278259832,0.1172409366350621,0.4318567797541618,0.0005298274106950849
482,0.07952445605142203,0.3182965870015323,0.1558730446282425,0.10735232201404869,0.4147843547165394,0.0005282592672410118
483,0.0830643567678635,0.3157083638012409,0.1614404342326452,0.10968962903134524,0.4154947943985462,0.0005266908448793798
484,0.076557099029651,0.3056817083619535,0.16299108347739094,0.1087144760414958,0.4134040743112564,0.0005251221590898843
485,0.07267627979508688,0.31354227000847457,0.17232811541762202,0.1106625773012638,0.41793754398822786,0.0005235532253548208
486,0.07459048316632107,0.31020593889988957,0.14190150282956893,0.10431624199263752,0.40972821339964866,0.000521984059158932
487,0.07777345920512743,0.31820991160348056,0.15689228539413308,0.10704373572953045,0.41549825817346575,0.0005204146759892546
488,0.07851918096675944,0.32184904278256,0.16777788347535533,0.11115155112929642,0.4174939550459385,0.0005188450913349667
489,0.07792982997407308,0.31458075805567204,0.16927617390465458,0.11354201659560204,0.42919453158974646,0.0005172753206872356
490,0.08237475925870967,0.31721580689772966,0.1512732815477648,0.10586106185801328,0.40942126512527466,0.0005157053795390636
491,0.07901051830258439,0.3183756213169545,0.1578651551652001,0.10767947440035641,0.4156785152852535,0.000514135283385136
492,0.07736922775011408,0.31489715869538487,0.1618908783508232,0.1089314317330718,0.41685306206345557,0.0005125650477216682
493,0.07683823072766245,0.30972974887117743,0.15471850370668108,0.10648642317391932,0.4138753592967987,0.000510994688046252
494,0.07534403517111059,0.31311746276915076,0.1557606412912719,0.1068973794579506,0.4134104706346989,0.0005094242198577035
495,0.07414432031328033,0.3082458129618317,0.16189299725810996,0.10970475524663925,0.41784684285521506,0.0005078536586559097
496,0.07664132214085839,0.3120237898081541,0.15039110572106437,0.10610151323489844,0.41027485951781273,0.0005062830199416756
497,0.08189300741305487,0.32117387834005057,0.15033525537874085,0.10522211464121937,0.40904020294547083,0.0005047123192165713
498,0.07729221734589373,0.3203965395689011,0.1553944420433254,0.10602585407905281,0.41006138175725937,0.0005031415719827789
499,0.07621243508019689,0.31263293637894096,0.17329111843573627,0.11054370095953345,0.4179583236575127,0.0005015707937429391
500,0.07616693384825339,0.31848064619116484,0.1640227353811497,0.1114160215947777,0.4200916111469269,0.0004999999999999994
501,0.07926100272961775,0.3164322345983237,0.16151602414320224,0.1087766851298511,0.4168120637536049,0.0004984292062570596
502,0.07559436222782097,0.3061779838521034,0.1427871281412081,0.10429300512187183,0.40447783172130586,0.00049685842801722
503,0.07674814227984825,0.3145607911981642,0.1583850776136387,0.1068184329662472,0.4130261540412903,0.0004952876807834274
504,0.07897145004117193,0.3126624803058803,0.15279057368607027,0.10492029339075089,0.41130686104297637,0.0004937169800583231
505,0.07952747839990479,0.3215316091198474,0.15549568840215217,0.10574842016212642,0.4116466999053955,0.0004921463413440891
506,0.07619520098260182,0.3130448726937175,0.15186801726958948,0.1074690917506814,0.4113742060959339,0.0004905757801422952
507,0.0718211617065208,0.30842737294733524,0.1546047098643612,0.10556491101160645,0.40984460711479187,0.0004890053119537468
508,0.07089988814614116,0.304666892439127,0.16423243723402264,0.11145537407137454,0.41838644444942474,0.00048743495227833065
509,0.07522781895695516,0.3152134538628161,0.1516715310732252,0.10523281283676625,0.4119590617716312,0.0004858647166148628
510,0.07115643273064051,0.3153714953456074,0.1510601232017507,0.10603385651484132,0.4098690487444401,0.00048429462046093526
511,0.07601650207352577,0.3073557440191507,0.14889640589535702,0.10484683304093778,0.4086957015097141,0.0004827246793127634
512,0.07265113324247068,0.3119709716644138,0.18012050664256093,0.11400491781532765,0.4265149377286434,0.00048115490866503213
513,0.07494125140592586,0.3090550194960088,0.17381438688462367,0.11159325372427702,0.42271640002727506,0.00047958532401074443
514,0.07410042244900979,0.3079695018939674,0.1601357682564412,0.10897478554397821,0.41758487150073054,0.0004780159408410671
515,0.07525455912382313,0.3102425296790898,0.16030611302994657,0.10789151508361101,0.41355798915028574,0.0004764467746451781
516,0.07446415642434659,0.3045297697652131,0.1586534061585553,0.10600034240633249,0.4108837381005287,0.0004748778409101148
517,0.0797340172955046,0.30234425626695155,0.14900628736795624,0.10529433619230985,0.40899598971009254,0.0004733091551206193
518,0.07442539533058153,0.31763400943018494,0.1541342555108713,0.10592161989770829,0.4114591158926487,0.0004717407327589873
519,0.07559252258160995,0.3072707531508058,0.15312020516430494,0.10514261410571635,0.4077435076236725,0.0004701725893049142
520,0.07913646174310998,0.31301238359883427,0.1498556269405526,0.10481078228913247,0.407796373218298,0.000468604740235343
521,0.07362159324038657,0.31915205605328084,0.14691694921493764,0.10263012466020882,0.40485684648156167,0.0004670372010243106
522,0.0757699632729782,0.31629781681112945,0.1842821263562655,0.11541849402710795,0.42676506415009496,0.0004654699871427967
523,0.07081431046244688,0.3019854770042002,0.1683119904846535,0.10980284144170582,0.4193135999143124,0.0004639031140585693
524,0.07422593301234884,0.30892558344639837,0.16523697153461397,0.10896644294261933,0.42266901060938833,0.00046233659723603313
525,0.07652061178196164,0.3151889718603343,0.15998004428402054,0.10793725550174713,0.4171960413455963,0.00046077045213607716
526,0.07172337349811642,0.3030122168827802,0.15534033974981867,0.10677668014541268,0.41624215319752694,0.0004592046942159208
527,0.07147741151839,0.30688191410154103,0.15216142974968533,0.10586579823866486,0.4130473166704178,0.00045763933892896283
528,0.07727370158381745,0.3099140803795308,0.15764465206593742,0.10650480221956968,0.41373652741312983,0.00045607440172462795
529,0.07173272393447405,0.30931325992569325,0.17078345118789,0.11260308832861483,0.4252919599413872,0.00045450989804821464
530,0.07671054704169364,0.30736878733150663,0.14939086101512658,0.10543810823000968,0.4079188764095306,0.0004529458433407424
531,0.07061880062738055,0.3148094719741493,0.15569077719119379,0.10610305657610297,0.414866703748703,0.0004513822530388
532,0.06924886624192368,0.3060471617616713,0.1718082741746912,0.11003031888976693,0.41900428757071495,0.0004498191425743922
533,0.06948641443450469,0.31012312788516283,0.14962487492593937,0.103733727382496,0.4071992740035057,0.0004482565273747884
534,0.0737623661858379,0.3089280797634274,0.15456228059483693,0.1068372615147382,0.41728311106562616,0.00044669442286236966
535,0.07604278489252465,0.31528586922213436,0.16002549976692534,0.10935301897116005,0.41587266996502875,0.000445132844454477
536,0.06873657620244558,0.2962120401673019,0.16305100348836277,0.10877989470027387,0.41630834415555,0.0004435718075632588
537,0.07338862281558249,0.31260032961145046,0.15294755810173227,0.10482211695052683,0.407497176527977,0.000442011327595519
538,0.07167962190296748,0.2959914667531848,0.15264765622705453,0.10493349963799119,0.4086594104766846,0.00044045141995256487
539,0.07309973678356982,0.309148388216272,0.15566219138127052,0.10548542505130172,0.408546707034111,0.0004388921000300549
540,0.06859570557862753,0.3092271534726024,0.19254634956887456,0.11827297387644649,0.43872936964035036,0.0004373333832178476
541,0.07566127687923654,0.30623217546381054,0.17038163838151377,0.11054148781113327,0.4201069362461567,0.0004357752848998483
542,0.07011506325179653,0.3113885084632784,0.15532861641549972,0.1063692624680698,0.41112046763300897,0.0004342178204538584
543,0.0713038430351844,0.30974797294475137,0.1683348498918349,0.10868653426878154,0.41942601203918456,0.0004326610052514234
544,0.07309780927353131,0.3048281667288393,0.16067332430393436,0.10679624574258924,0.41396970152854917,0.0004311048546576807
545,0.07102356602626969,0.30850090575404465,0.1577119655921706,0.10639379024505616,0.4109887659549713,0.0004295493840312084
546,0.0754675474947362,0.30889852256514133,0.18041619514406193,0.11435216884128749,0.4333266369998455,0.0004279946087238736
547,0.069968554384468,0.30311720883473753,0.16528398646623826,0.1119892884977162,0.4218710921704769,0.0004264405440806811
548,0.07046620396249637,0.3115089986938983,0.1756461422875873,0.11231380016542972,0.41938527673482895,0.0004248872054396212
549,0.07029086187794746,0.30130657930858434,0.14899033237743425,0.10378739461302758,0.40646570175886154,0.0004233346081315195
550,0.06803975169987098,0.30621021762490275,0.14832419481681428,0.10336562222801149,0.41111326292157174,0.0004217827674798844
551,0.0700172350984758,0.30521647627465426,0.16544793550274334,0.1102977093309164,0.4185252755880356,0.00042023169880075665
552,0.07078069909894111,0.31188431289047003,0.1677323330906802,0.10927626225166023,0.41767705902457236,0.000418681417402558
553,0.06918511586718523,0.30497070900164547,0.1523938323458424,0.10547699388116598,0.4093758352100849,0.00041713193858594004
554,0.0691053827509677,0.31116276904940604,0.1664247197142686,0.10864721299149097,0.4169392488896847,0.0004155832776436329
555,0.06686561728756715,0.3080545843113214,0.15779747654451057,0.10567030678503216,0.4099210351705551,0.00041403544986029495
556,0.07479833245924965,0.30204981765709815,0.16794475062924902,0.11185607328079641,0.4199556089937687,0.0004124884705123618
557,0.0685647281704405,0.3085508647374809,0.15387189743632917,0.10537938592024147,0.410462237149477,0.00041094235486789464
558,0.06610603176604854,0.31286910064518453,0.15709764569910475,0.10739046088419854,0.4112507440149784,0.0004093971181864311
559,0.0732776028972694,0.3043638203758746,0.16562917683186243,0.10928676691837609,0.42224709689617157,0.00040785277571883313
560,0.06895594846564564,0.30289300200529395,0.17276180448534434,0.11109697800129652,0.42360967546701433,0.00040630934270713745
561,0.06731204811731004,0.29910476561635735,0.17677649129764178,0.11333554084412753,0.4204099766910076,0.00040476683438440486
562,0.06525234758510123,0.2985380843281746,0.16925232795620104,0.1093912685289979,0.41741661727428436,0.00040322526597456974
563,0.06465393978787688,0.3031750717666,0.17028559839673107,0.11114662778563797,0.41966884583234787,0.00040168465269228967
564,0.06869885027099372,0.30442337556742133,0.1587633772971458,0.10718916025944054,0.41105632334947584,0.0004001450097427963
565,0.06604398258987203,0.3104543149471283,0.16813499201089144,0.11004822812974453,0.4161690935492516,0.00039860635232174353
566,0.06935368744916559,0.30217768703587355,0.15930564970622071,0.1083643879275769,0.41474738866090777,0.000397068695615059
567,0.06508573338933274,0.2937926973681897,0.17342576578375885,0.11155438758432865,0.4230509214103222,0.0003955320547987939
568,0.06676611094208056,0.30005197287537155,0.1510657562466804,0.10479670544154943,0.40480375215411185,0.00039399644503897244
569,0.06660725347646804,0.3070848759263754,0.18388216983148595,0.11243485864251852,0.41985502764582633,0.0003924618814914431
570,0.0666138412514556,0.3039207483641803,0.14909497306944103,0.10370327108539641,0.4099636025726795,0.0003909283793017285
571,0.06699355163764267,0.29475298007018863,0.1659090613553417,0.10883356733247637,0.4166547439992428,0.00038939595360487633
572,0.06811046592674756,0.29479336757212876,0.17586423348548125,0.11044652834534645,0.42120782360434533,0.00038786461952530917
573,0.06496195189629361,0.30020044283010067,0.1506744327431079,0.10422972436062991,0.409741148352623,0.00038633439217667666
574,0.06684462171770064,0.2989468028303236,0.15456804606947117,0.10410160319879651,0.4071167066693306,0.0003848052866617046
575,0.0638274795102916,0.3028494175057858,0.1633848186567775,0.10780487009324133,0.4165209740400314,0.00038327731807204717
576,0.06793348112114472,0.2936609005089849,0.16826490989042214,0.109572061477229,0.4195199742913246,0.00038175050148813746
577,0.06795602180427522,0.2912781690247357,0.16788150005886565,0.1081317846197635,0.4155946858227253,0.0003802248519790389
578,0.06335417946274902,0.2920383203774691,0.16722739504184575,0.10865717595443129,0.4156126037240028,0.00037870038460229607
579,0.0658475349928267,0.3079970648512244,0.18860431911598424,0.11486841477453709,0.4303785480558872,0.0003771771144037866
580,0.06454300834429887,0.29502190337516365,0.15019722765136975,0.10181768951006234,0.40547220036387444,0.00037565505641757246
581,0.06690688438429788,0.30054160878062247,0.17531223640835378,0.11260715993121266,0.42391587048768997,0.00037413422566575115
582,0.06409488111703468,0.29947514035739004,0.15673066277377073,0.10682950043119491,0.4118547186255455,0.00037261463715830876
583,0.06553872893846346,0.3014919711276889,0.18333417342510075,0.11560772568918765,0.43551189079880714,0.0003710963058929699
584,0.06911885462368446,0.3070650732610375,0.15718960199155846,0.10571211851201952,0.41001617833971976,0.00036957924685505135
585,0.06677424537156185,0.30755254738032817,0.1497937133302912,0.10282576540485025,0.4048119649291039,0.00036806347501731337
586,0.06637368096598947,0.294734490243718,0.16586872798216062,0.10957263694144785,0.41700131818652153,0.0003665490053398121
587,0.06650068199924135,0.3013043205719441,0.15629937568010063,0.10572628797963261,0.40867499485611913,0.0003650358527697516
588,0.07069937675978508,0.3093483874574304,0.15236768249160376,0.10429411912336946,0.409873341023922,0.00036352403224133715
589,0.06737761823287655,0.29742445205338297,0.17334946167684392,0.11140363840386272,0.419144769012928,0.00036201355867562703
590,0.06306666683931325,0.2994912023190409,0.1679757963429438,0.1096829189453274,0.41825766041874884,0.0003605044469803851
591,0.06412022835356765,0.29705321160145104,0.15837926961103221,0.10581796984188259,0.412987957149744,0.0003589967120499351
592,0.06625646209577099,0.29987224033102394,0.1482408317096997,0.10390624478459358,0.4081344701349735,0.0003574903687650117
593,0.06431735795231361,0.2989722856320441,0.1701539980698726,0.10930163701996207,0.41659538447856903,0.00035598543199261525
594,0.06520657906676205,0.2966912177857012,0.19263745431089774,0.11647613584063947,0.42878074049949644,0.00035448191658586387
595,0.06631121604541476,0.3007849907036871,0.17251247374078957,0.10974754132330418,0.4158287294209003,0.0003529798373838479
596,0.07366723468221607,0.3031925902236253,0.16960541847947752,0.10904950532130897,0.4165773786604404,0.0003514792092114823
597,0.06987829873960436,0.30217087394557895,0.15346276681229937,0.10445325858891011,0.408342744410038,0.00034998004687936173
598,0.061385349389729525,0.296010420517996,0.19169593948172406,0.11515811709687114,0.4314466953277588,0.00034848236518361284
599,0.06438910133529134,0.2903836936689913,0.1660761945619015,0.1075849877204746,0.4175750888884068,0.00034698617890574935
600,0.062403284211632125,0.2951878941617906,0.16692619008535986,0.10848162407055498,0.4166701890528202,0.0003454915028125261
601,0.06378286473582193,0.30104109705425797,0.18386474993894808,0.11340192686766386,0.42597031220793724,0.0003439983516557924
602,0.06238211572608634,0.29159840806387366,0.15259389798884512,0.10532492683269083,0.409210205078125,0.00034250674017234737
603,0.06083815075025996,0.2943916144780815,0.16595515564404195,0.1083998067304492,0.4148865856230259,0.00034101668308379426
604,0.06298888743931456,0.30258439141325655,0.16015224944130751,0.10569093762896956,0.4123755767941475,0.00033952819509639506
605,0.06507346751013757,0.2989212735556066,0.15586126136768144,0.10437726713716984,0.41041239351034164,0.000338041290900925
606,0.060537378581284426,0.29930994575843217,0.16073027488746447,0.10603673891164363,0.4136125773191452,0.00033655598517252856
607,0.06405213469051887,0.2886464152485132,0.16165439334290568,0.10763062126934528,0.4201411955058575,0.00033507229257057335
608,0.06353096476286738,0.30084495889022944,0.15477021994738607,0.10481349844485521,0.4091345340013504,0.0003335902277385065
609,0.06267398678701283,0.2943883772473782,0.15857205529464408,0.10543055231682956,0.4117377556860447,0.00033210980530370943
610,0.061731311688345156,0.2909345394931734,0.15476810701802607,0.10430040103383362,0.41177342981100085,0.00033063103987735404
611,0.06140420634865222,0.29473562580533325,0.1605802307356498,0.10583671508356929,0.4129337288439274,0.00032915394605425804
612,0.0626343077439742,0.2965013085398823,0.15252138495707185,0.10436509661376477,0.4094535306096077,0.0003276785384127412
613,0.06320402577848654,0.2984579348936677,0.1635528623504797,0.10744038899429142,0.4139502264559269,0.00032620483151448126
614,0.06379204965905956,0.29497686196118594,0.15404103829932864,0.10672042253427208,0.4159589737653732,0.00032473283990437017
615,0.06347652862950781,0.30108917681500313,0.1548659687061445,0.10458680200390517,0.4129990980029106,0.0003232625781103712
616,0.06193289897973955,0.29348150701262055,0.158814330297173,0.10586855178698898,0.40690925866365435,0.00032179406064337436
617,0.06060365333678419,0.2949340702034533,0.17104808801959734,0.10866799359209836,0.42030341550707817,0.0003203273019970544
618,0.06240055379057594,0.30167591758072376,0.16198088750534226,0.1062959246803075,0.409541592001915,0.00031886231664772686
619,0.06184624020534102,0.2866231839172542,0.1542641192107112,0.10471476679667831,0.4089359477162361,0.00031739911905420584
620,0.06276188380807071,0.2929518305696547,0.15808931558713085,0.10502819675020873,0.40872052758932115,0.0003159377236576607
621,0.058766066247471827,0.28828024487011134,0.18904911523277407,0.11564575540833175,0.43193133920431137,0.00031447814488147415
622,0.0643798958088155,0.2994442945346236,0.18764791858411628,0.11446216097101569,0.42564139887690544,0.00031302039713109955
623,0.0611482769468239,0.2959966078400612,0.16307762265496423,0.10836568269878626,0.414352310448885,0.0003115644947939183
624,0.06017573764311237,0.2846851638518274,0.16795455695973943,0.10853117657825351,0.4139849305152893,0.0003101104522390992
625,0.05991536300916778,0.29515780811198056,0.19054608767473838,0.11481090323068202,0.42672724202275275,0.00030865828381745485
626,0.06065353549547581,0.2914694065693766,0.15100034364877502,0.10318308062851429,0.4047855816781521,0.0003072080038613015
627,0.06469310779993975,0.2993179296609014,0.14909198888635727,0.10278263408690691,0.4051129937171936,0.0003057596266843167
628,0.06272174690111569,0.2897407443728298,0.15263742309907685,0.10434046806767583,0.4055481880903244,0.0003043131665813986
629,0.06115335955255432,0.28728522355668246,0.1718077681027353,0.10914727519266307,0.4207277797162533,0.0003028686378285242
630,0.06149992820583065,0.29495332948863506,0.17784737889742247,0.11106473514810204,0.42186066806316375,0.00030142605468260934
631,0.06077801826895666,0.28983123754151163,0.1637867183322669,0.1062408358324319,0.4127912424504757,0.0002999854313813674
632,0.05840235246969314,0.29167234217748045,0.16134869564848486,0.106752146827057,0.4085433639585972,0.00029854678214316833
633,0.06272402500148928,0.30158019945956765,0.15773913731245556,0.10517429294995964,0.41130890026688577,0.00029711012116689976
634,0.06131821924664109,0.29110941495746373,0.17299966249411228,0.10976832183077931,0.41932138204574587,0.00029567546263182523
635,0.059612170587388394,0.28897728156298397,0.15261744209419703,0.10405604736879467,0.4079589657485485,0.0002942428206974453
636,0.06039487397420089,0.2939347139559686,0.1855887263722252,0.11332102050073445,0.42614823430776594,0.00029281220950335763
637,0.0603115616226205,0.2930150737054646,0.1538202879120945,0.10349226477555931,0.40955549106001854,0.0002913836431691171
638,0.06012215228784044,0.2965607169549912,0.16769740867894142,0.10979911009781063,0.41413227692246435,0.00028995713579409654
639,0.060393789021327395,0.29070747005753217,0.1783568886021385,0.11174140768125654,0.43153011724352835,0.0002885327014573481
640,0.059549361958670485,0.2797016268130392,0.15256404567771825,0.10446284664794803,0.401578751206398,0.0002871103542174633
641,0.05847383132413597,0.28984770621173084,0.15874957472260576,0.10517637343145907,0.414530847966671,0.0002856901081124355
642,0.05789100521251385,0.2804058483336121,0.15610521511698608,0.10438143447972834,0.4171175681054592,0.0002842719771595203
643,0.05850345560875212,0.2906455997843295,0.15263144580239896,0.10376323303207755,0.41317486986517904,0.00028285597535509735
644,0.05819323835285104,0.2885235831607133,0.16208931488072267,0.10545845227316022,0.4137002699077129,0.00028144211667453334
645,0.05997569521177866,0.2965517233591527,0.1534793890241417,0.10252417884767055,0.40537159368395803,0.00028003041507204207
646,0.059838325365126364,0.28935902579687534,0.15654296314460225,0.10425051175989211,0.4122689738869667,0.000278620884480549
647,0.05867773699028476,0.2903898547869176,0.1621666356615606,0.10632095746695995,0.40967646762728693,0.00027721353881155153
648,0.05788647287026834,0.29275215733796356,0.1740528769485536,0.1101592181250453,0.4212666355073452,0.00027580839195498366
649,0.05885833482107046,0.3028483691159636,0.16380988518358208,0.10677213938906789,0.41304313838481904,0.0002744054577790771
650,0.05749089705577717,0.29413445699028673,0.15473200583219296,0.10364248454570771,0.4046774350106716,0.0002730047501302263
651,0.05740241116291145,0.2958499874919653,0.1608470261329785,0.10600914456881583,0.4091411143541336,0.00027160628283285005
652,0.05844609314881381,0.2910544466227293,0.14859103968046838,0.1018055324908346,0.40633751899003984,0.0002702100696892558
653,0.05691531745933389,0.2864644085522741,0.14622247543738923,0.10199343948625028,0.4035904735326767,0.00026881612447950365
654,0.05945773760959128,0.299785480927676,0.16293979793263133,0.10612335721962154,0.41521393284201624,0.0002674244609612705
655,0.05616229958486656,0.2905360733624548,0.15679837789357406,0.10502442680299282,0.410236281901598,0.0002660350928697131
656,0.060016422407716166,0.29830806464888154,0.17501705187314656,0.11060403198935091,0.42156442180275916,0.0002646480339173336
657,0.05833729972173387,0.28701130677945913,0.15253197882702807,0.10406584651209413,0.4067949205636978,0.00026326329779384364
658,0.05609776236710786,0.2930017655249685,0.1482791243470274,0.10310362805612386,0.40535081923007965,0.0002618808981660301
659,0.06419949003602596,0.2895230180583894,0.14929455745586892,0.10169181409291923,0.40467695593833924,0.0002605008486776192
660,0.05855268733284902,0.28617993644438683,0.15733386350329964,0.1056111519690603,0.4145854629576206,0.0002591231629491422
661,0.05965949686942622,0.29099063030444083,0.15977630578709068,0.10576168652623892,0.411569369584322,0.0002577478545778007
662,0.05684352433208915,0.292775654559955,0.16027988411515254,0.10539292376488447,0.41396159678697586,0.00025637493713733363
663,0.056041656653269455,0.2915932103060186,0.16111940886476078,0.10517834820784629,0.41044451519846914,0.0002550044241778816
664,0.05692113611712557,0.2824641754385084,0.15651742447225842,0.10426989593543112,0.41026830598711966,0.00025363632922585384
665,0.05454929748111681,0.28170322529040276,0.1704576747797546,0.10975285889580846,0.42317231073975564,0.00025227066578379596
666,0.055473770313255955,0.28522934336215255,0.1445880601037061,0.10152763607911766,0.40097430273890494,0.00025090744733025436
667,0.05635655758678695,0.2856577339116484,0.1517588471469935,0.10418374263681471,0.4108459837734699,0.00024954668731964495
668,0.05720829112087813,0.2877351023256779,0.15631942035834073,0.10390131534077227,0.41216342747211454,0.00024818839918211937
669,0.05519995924860268,0.28869225159287454,0.15422880240366793,0.1040937973652035,0.4030414156615734,0.0002468325963234336
670,0.05841928653326249,0.2949384523089975,0.1737069586321013,0.10983263961970806,0.42127073407173155,0.0002454792921248141
671,0.05827946578910996,0.2885753662325442,0.15606168478843757,0.10372447655536235,0.4070987619459629,0.00024412849994282732
672,0.05494353161257095,0.28131893258541824,0.15217549137596506,0.10187097042798995,0.40883650407195093,0.00024278023310924645
673,0.05571257411502302,0.29205320118926464,0.15735364610591204,0.10443520578555762,0.40757195353507997,0.00024143450493092116
674,0.05580567604501994,0.28899316852912305,0.17364843954273965,0.10880137872882187,0.4211834445595741,0.0002400913286896451
675,0.055287435467744214,0.28941727709025145,0.16137201925885164,0.1045847934205085,0.4124525643885136,0.00023875071764202532
676,0.05401028601572762,0.28605331568978726,0.15949530689249514,0.10485563152469694,0.4105775780975819,0.00023741268501935179
677,0.05378588803741877,0.2864152296446264,0.16877982220466947,0.10677394578233361,0.417256311327219,0.00023607724402746654
678,0.055197316573503484,0.2872347145341337,0.1520697831569123,0.1030561066698283,0.4090129464864731,0.00023474440784663282
679,0.05427899857259035,0.28357450049370525,0.15240816899895435,0.10436857189051807,0.40935269072651864,0.00023341418963140543
680,0.055838339407091556,0.29352000341750684,0.16574037088284968,0.1068138362839818,0.4175473116338253,0.0002320866025105015
681,0.05558388186309458,0.283829627558589,0.15863746286486274,0.10361388018354774,0.409992802888155,0.00023076165958666977
682,0.05497878647129255,0.28379451353102925,0.1519111961359158,0.1026345282793045,0.4057058334350586,0.00022943937393656182
683,0.055088433396304023,0.2829669519327581,0.1552681040164316,0.1049159372691065,0.41106500551104547,0.00022811975861060341
684,0.055269518696150044,0.2899939843453467,0.16698427160154097,0.1071864165365696,0.4186054639518261,0.00022680282663286523
685,0.055145588534651326,0.28805748573504386,0.1589021194537054,0.10491803055629134,0.4101526990532875,0.00022548859100093394
686,0.05448200886257837,0.28395656757056714,0.15306917868729214,0.10360371856950223,0.40241380855441095,0.00022417706468578463
687,0.05479809384123655,0.2869022798258811,0.14557605840091128,0.10060018780641258,0.40754061117768287,0.0002228682606316528
688,0.053584941251210695,0.2718728040345013,0.151563034686842,0.10230652340687811,0.40469439029693605,0.00022156219175590571
689,0.0552331974914523,0.2797974911518395,0.1558328483166406,0.10337874060496688,0.40849148780107497,0.0002202588709489163
690,0.05313160726582282,0.27563746413215995,0.1644894408978871,0.10569633431732654,0.4134881019592285,0.00021895831107393438
691,0.05485516553189882,0.29162431783042847,0.15195049115864095,0.10262512657791376,0.40443616881966593,0.00021766052496696126
692,0.05269217421409848,0.2761716205161065,0.15279441101447447,0.10330725922249258,0.4058880880475044,0.00021636552543662156
693,0.05352198432219666,0.28567023850046097,0.15060292774869594,0.10223114639520645,0.405681923776865,0.000215073325264038
694,0.05451356003186447,0.2845134874805808,0.15386003302410245,0.10235741455107927,0.40867387503385544,0.0002137839372027042
695,0.0532551280163716,0.28222621479071675,0.15347737939446232,0.10209375028498471,0.40562278106808664,0.0002124973739783604
696,0.053885635112874294,0.28661234509199857,0.16003749680385226,0.10551362498663366,0.4131116189062595,0.00021121364828886597
697,0.05540250055510114,0.2746448227204382,0.15086719746905147,0.10144275785423815,0.4149084359407425,0.00020993277280407496
698,0.05314719143689217,0.27603276832960544,0.15114625424175757,0.10149985672906041,0.405129412561655,0.0002086547601657117
699,0.052928031157352964,0.278475149627775,0.15660670138458954,0.10332052372395992,0.4107165865600109,0.00020737962298724474
700,0.054380085858429086,0.28176101464778186,0.15468806529825088,0.10268176654353738,0.4113994427025318,0.00020610737385376313
701,0.05235619632776434,0.28606909099034966,0.1550846453916165,0.10278251441195607,0.4098811499774456,0.00020483802532185227
702,0.053730967849060104,0.28298978484235704,0.1492715133004822,0.10027639446780086,0.40817464515566826,0.00020357158991947004
703,0.05420248945592902,0.2853113798890263,0.15898313169454922,0.10331988846883178,0.4098782941699028,0.00020230808014582227
704,0.053382518573562264,0.2874948659911752,0.1652539538394194,0.1066925844643265,0.41542361825704577,0.0002010475084712404
705,0.05389614364648878,0.28535915170796217,0.16079046192317037,0.10470110629685223,0.4095522716641426,0.0001997898873370577
706,0.052603043563613026,0.27364446194842457,0.15324615714052925,0.10186982247978449,0.4065381035208702,0.00019853522915548724
707,0.053966142721310464,0.2818161475937814,0.15825091189763044,0.10525782341137528,0.40901886150240896,0.00019728354630949897
708,0.05254487650381634,0.28520531170070174,0.1582919708249392,0.10424039079807698,0.41334823742508886,0.00019603485115269687
709,0.052672603573228116,0.2828939962666482,0.1592554462287808,0.10487060672603547,0.4162325389683247,0.00019478915600919838
710,0.05233119791146237,0.2840613024774939,0.14942351138452067,0.10153076183050871,0.4046471886336803,0.00019354647317351147
711,0.05254791398219823,0.2814105984289199,0.1531924749200698,0.1017718370538205,0.4043236613273621,0.00019230681491041408
712,0.052017557972067155,0.2898314716760069,0.15839951405214378,0.10417496096342801,0.410128029435873,0.00019107019345483234
713,0.05287645037042239,0.2757845450658351,0.15826434465416242,0.10361938732676208,0.4100880041718483,0.0001898366210117216
714,0.050765357037471405,0.2777464705053717,0.15625658183707855,0.10300716571509838,0.4105742178857327,0.00018860610975594345
715,0.05219230311422507,0.2851023240480572,0.16365166427131045,0.10640797377564012,0.41429106071591376,0.00018737867183214702
716,0.052726188201631885,0.28285008533857764,0.1581209774609306,0.10512267984449863,0.41115264371037485,0.00018615431935464945
717,0.05253146603527057,0.27671104138717056,0.15772698198998114,0.10305614117532969,0.4140464931726456,0.00018493306440731517
718,0.0522757045680919,0.2703830497339368,0.1491252470033942,0.10051774377934634,0.4024946756660938,0.0001837149190434374
719,0.05166285158211394,0.2801098708529025,0.19576470712199806,0.11613729656673968,0.43149528428912165,0.00018249989528561922
720,0.05316255036368602,0.2836319607216865,0.14959994516830194,0.10059288339689373,0.40768272429704666,0.00018128800512565475
721,0.051211365709423265,0.2829459961038083,0.14879446053673745,0.10119932047091425,0.40521395951509476,0.00018007926052441048
722,0.05031591897059116,0.27875440143980085,0.15606350990419743,0.10307107311673462,0.4084233693778515,0.00017887367341170757
723,0.05029829249469912,0.27443771590478716,0.15275106416665948,0.10119664031080902,0.40557193011045456,0.00017767125568620402
724,0.05172152419600025,0.28078945437446234,0.1572050217728247,0.10405895905569196,0.41425629556179044,0.0001764720192152774
725,0.0518337486494147,0.27287414083257316,0.1604960915268748,0.10481995269656182,0.4108166702091694,0.00017527597583490785
726,0.051579587314336095,0.2741447507403791,0.16822824681294152,0.10818554316647351,0.4200157321989536,0.00017408313734956017
727,0.05211183242272455,0.28550478545948865,0.16784540248627308,0.10655414583161474,0.4179936148226261,0.00017289351553206913
728,0.05295394841241432,0.2878142142668366,0.16779009448218857,0.10635946160182357,0.41509056389331817,0.00017170712212352147
729,0.052146649127371346,0.2748359319288284,0.15356438908929704,0.1017257992643863,0.4074773952364922,0.00017052396883314132
730,0.05059191227419433,0.27174913538619877,0.15151530229049967,0.10086126867681741,0.40623455718159673,0.00016934406733817362
731,0.05256674683942038,0.2824750183150172,0.1737115754149272,0.10898756552487612,0.42245760560035706,0.00016816742928377036
732,0.050616214722504084,0.28130483720451593,0.15458291470276891,0.10267732962965966,0.40810768157243726,0.00016699406628287386
733,0.053586587753670756,0.28831810941919683,0.15553944500134093,0.10209027430973946,0.4095331378281116,0.00016582398991610322
734,0.052106560997708586,0.28213469656184315,0.15815274984342978,0.10365718863904476,0.4124423161149025,0.00016465721173163962
735,0.05039194215260068,0.2816022937651724,0.1539371672537527,0.1023348867893219,0.4090316899120808,0.00016349374324511307
736,0.05061055145897626,0.28139002588577566,0.164997783958097,0.1063263223040849,0.4203894317150116,0.0001623335959394874
737,0.05051963599516966,0.269791197264567,0.155732609028928,0.1031531386077404,0.410716512799263,0.00016117678126494842
738,0.05282931386482233,0.2798497109208256,0.15123332923976704,0.10186282163485885,0.40754319801926614,0.00016002331063879005
739,0.05109943860707063,0.27773983459919693,0.15151680176204535,0.10072174230590462,0.4050490692257881,0.00015887319544530149
740,0.049488279408888045,0.2727214554324746,0.15812346290331333,0.10393747924827039,0.409658807516098,0.00015772644703565547
741,0.05006881113840791,0.2717495701275766,0.14783120082720416,0.09979517636820674,0.40535563975572586,0.0001565830767277956
742,0.05017858297260318,0.2796699162106961,0.156034093631024,0.10187887428328395,0.4116783939301968,0.0001554430958063254
743,0.04953662160546628,0.2720198527909815,0.15024374581116717,0.10142103903926909,0.40662253722548486,0.00015430651552239652
744,0.05113211837306153,0.2803987231571227,0.15775514969427604,0.10276653277687728,0.41179185882210734,0.0001531733470935973
745,0.04982728651921207,0.2806031461805105,0.14996967767074237,0.10057710544206203,0.4028565250337124,0.00015204360170384255
746,0.04976365706679644,0.2786262364126742,0.1498862730062683,0.09999035936780273,0.4108136959373951,0.00015091729050326343
747,0.049592345038672644,0.27796855694614353,0.15321593271801248,0.10126977819018065,0.40682565569877627,0.00014979442460809662
748,0.050063036698156795,0.28061239174567165,0.1511997355220956,0.10060395603068173,0.4062166720628738,0.00014867501510057497
749,0.04934723903425038,0.27170766294002535,0.15828241695999168,0.10275513553060592,0.41234347596764565,0.00014755907302881896
750,0.04938240653727917,0.27596473167650404,0.15050573444896145,0.10023543811403215,0.4046610429883003,0.00014644660940672596
751,0.04915796479144774,0.2861068146303296,0.1488394696440082,0.09897530074231327,0.40529966428875924,0.00014533763521386284
752,0.04867378738172192,0.2806140560656786,0.148296018250403,0.09947224706411362,0.40527696534991264,0.000144232161395357
753,0.05004665249862228,0.27682807790115477,0.14871643988008146,0.09942673705518246,0.40464492663741114,0.0001431301988617891
754,0.050309346948597525,0.2792941983323544,0.15474182075704448,0.10148347560316325,0.41118692979216576,0.00014203175848908408
755,0.0487025075346537,0.2843887403141707,0.14822096416173736,0.1000560075044632,0.40694684386253355,0.00014093685111840533
756,0.050095071819487205,0.27520845187827947,0.15161831289879046,0.10054638837464154,0.40722857266664503,0.00013984548755604622
757,0.047655048576871195,0.2650078450795263,0.15056395126885036,0.10030941287986934,0.4065161161124706,0.0001387576785733248
758,0.04953121148882929,0.2809519749134779,0.147147415841755,0.0996776177547872,0.40782287493348124,0.00013767343490647647
759,0.048073539652523326,0.2776736723259091,0.1474509686566307,0.09909704537130892,0.4045556947588921,0.00013659276725654833
760,0.048032935481569436,0.2727054202463478,0.15226584550837288,0.10118705704808235,0.40841495543718337,0.00013551568628929387
761,0.04919343628889692,0.27707563652656975,0.15680498739675386,0.10264420215971767,0.4077094405889511,0.00013444220263506766
762,0.04867179484044755,0.27539296983741224,0.1590907259582309,0.10252377893775702,0.4091712422668934,0.0001333723268887198
763,0.049234666959773674,0.2761448794975877,0.15436107169807656,0.10182687914930284,0.4053073413670063,0.00013230606960949176
764,0.04940592945613389,0.2663527156691998,0.1537961405047099,0.10114801554009319,0.409726557135582,0.0001312434413209128
765,0.048830055078906295,0.2781836524605751,0.1513400166426436,0.1003766471054405,0.4066941350698471,0.000130184452510695
766,0.047732157586142424,0.2655857949052006,0.14327392774721376,0.09783540042117238,0.40236547589302063,0.00012912911363063018
767,0.04717321529460605,0.26453259168192744,0.1488193226745352,0.10025884145870805,0.40535264313220976,0.00012807743509648717
768,0.049141942765072597,0.2713614757172763,0.1480272835731739,0.09982323194853962,0.404860096424818,0.00012702942728790866
769,0.04853897996654268,0.282001175545156,0.1494901946702157,0.09966102731414139,0.4051996722817421,0.00012598510054830856
770,0.04866588475988465,0.28223098451271655,0.15249124165129616,0.10050169844180346,0.40809794068336486,0.00012494446518476992
771,0.047653632495712375,0.2710583110805601,0.1488811075745616,0.10011028777807951,0.4041531264781952,0.0001239075314679441
772,0.047286302839165725,0.269293470447883,0.1526985426302417,0.1005436971783638,0.40557521507143973,0.0001228743096319478
773,0.047147996816147494,0.27059844341129063,0.14958938718191347,0.09930195542983711,0.40637491419911387,0.00012184480987426384
774,0.04795624157095517,0.26917701554484663,0.14833190384088085,0.09949851548299193,0.4073256984353065,0.0001208190423556388
775,0.04844903676093963,0.2709342219866812,0.15121763922070386,0.09981736917980015,0.4080266408622265,0.00011979701719998427
776,0.04774491495409165,0.2818065699189901,0.15163031464617233,0.10008242325857282,0.40824688151478766,0.0001187787444942759
777,0.04713354801569949,0.26977470084093513,0.15115848966961493,0.09990684036165476,0.40773952528834345,0.00011776423428845408
778,0.04833743543886158,0.2736699033062905,0.1539277379284613,0.10204126494936645,0.410092268884182,0.00011675349659532477
779,0.04747912939701564,0.2709074992220849,0.1504679032412241,0.09957214794121683,0.40859338343143464,0.00011574654139046145
780,0.04781092168950636,0.27416640971787276,0.15453041812288576,0.10120673133060336,0.41103837043046954,0.00011474337861210518
781,0.04836577780633888,0.2738288010004908,0.16116569458827143,0.10393749829381704,0.4134355135262012,0.00011374401816106753
782,0.04667635726773369,0.27489411188289525,0.14669372203352396,0.09877997320145368,0.4055765077471733,0.00011274846990063289
783,0.04719036822243652,0.27522855293937026,0.152975355804665,0.10147848818451166,0.4101092956960201,0.00011175674365646057
784,0.04674260391375355,0.2770875590387732,0.1535858452130924,0.10084395096637308,0.41078938245773317,0.00011076884921648807
785,0.04796607579482952,0.2821879206690937,0.1532184911047807,0.10095076798461378,0.4110220424830914,0.00010978479633083484
786,0.0471306409740464,0.2674796776846051,0.14934955544304102,0.0992790493182838,0.4092851296067238,0.00010880459471170569
787,0.04631562330687302,0.271630020160228,0.14949442038487176,0.09969414216466248,0.4069506525993347,0.00010782825403329479
788,0.0466170095301095,0.2718409921042621,0.14635173260467127,0.09859088049270212,0.4068664565682411,0.00010685578393169046
789,0.04724076161819539,0.2717090490274131,0.15325570814165984,0.10104986284859478,0.40850597321987153,0.00010588719400477978
790,0.04873090926048462,0.2770063757896423,0.1475118403963279,0.09916920587420464,0.4070497818291187,0.00010492249381215455
791,0.046825453087967615,0.2722927758470178,0.15247645523631945,0.10084486939013004,0.4078987635672092,0.00010396169287501625
792,0.04696819393775513,0.2728066602256149,0.148999963933602,0.09859775095246733,0.40517482087016105,0.00010300480067608207
793,0.04676555635496697,0.26482304446399213,0.15268695115373704,0.1002173822838813,0.4101385556161404,0.00010205182665949184
794,0.04732565518888805,0.27287541148252786,0.16094923608470707,0.10444824877195061,0.41321814209222796,0.00010110278023071431
795,0.04681604584629895,0.2773682930972427,0.15634838104597293,0.1017459515016526,0.4111740492284298,0.00010015767075645463
796,0.045712147651192934,0.2655901681631804,0.15398704202234512,0.10058024642057717,0.4079779632389545,9.921650756456139e-05
797,0.04646105432289005,0.27256612833589317,0.15299514856742463,0.09950229157693684,0.40912154614925383,9.827929994393597e-05
798,0.04651294963514374,0.2711474766023457,0.14652662668668198,0.0984951704274863,0.4098110392689705,9.734605714443882e-05
799,0.04557141493569361,0.269532405026257,0.14916821025544777,0.0985148552339524,0.40361297950148584,9.641678837679972e-05
800,0.046999919952031635,0.26749260085634885,0.14887033590493956,0.09920824356377125,0.4049957595765591,9.54915028125261e-05
801,0.04511867224464368,0.27500906377099454,0.15204650653759016,0.10077801099978387,0.410500118881464,9.457020958381311e-05
802,0.04561435934592737,0.2779111091978848,0.1490524403125164,0.09916683943010866,0.40785091817379,9.36529177834528e-05
803,0.04571297903676168,0.27098429696634413,0.15031396663398483,0.09909185664728284,0.40844415575265886,9.273963646474502e-05
804,0.045916171443332134,0.27929223268292847,0.1540870422075386,0.10183394020423293,0.4093389369547367,9.18303746414078e-05
805,0.04591607333195498,0.26633744053542613,0.15162152706179768,0.09977611848153174,0.40871484130620955,9.092514128748813e-05
806,0.04581775753804322,0.26547537473961713,0.1521023306340794,0.10066617312841117,0.40694838762283325,9.00239453372737e-05
807,0.04574934521551768,0.2649901059921831,0.1507416407504934,0.09994838745333254,0.4075532414019108,8.912679568520471e-05
808,0.045607528465188805,0.27429958498105406,0.1489405029671616,0.099879887746647,0.41039478555321696,8.823370118578605e-05
809,0.04527467701127534,0.2723270740825683,0.14898792020394466,0.09925760882906616,0.40633285641670225,8.734467065349999e-05
810,0.044936464155125574,0.27352665569633244,0.14973499346233438,0.0991807311307639,0.4098341308534145,8.645971286271892e-05
811,0.046062116606844936,0.26874481327831745,0.1497016217923374,0.09962577559053898,0.40671023800969125,8.557883654761883e-05
812,0.0460353508312437,0.2726288377773017,0.1508357527098269,0.09962393390014768,0.4084367506206036,8.47020504020935e-05
813,0.04594354899390964,0.28281733142212034,0.1500261798631982,0.09968340904451907,0.4089447595179081,8.382936307966815e-05
814,0.04628199906401278,0.2702697780448943,0.15164448990981327,0.10028051557019353,0.40880543887615206,8.29607831934141e-05
815,0.046169055368500266,0.27040129341185093,0.14817612949555042,0.09862939002923668,0.40634709522128104,8.209631931586465e-05
816,0.044839114480146235,0.2673456910997629,0.1483902919833781,0.09889043238945305,0.4045067124068737,8.123597997892897e-05
817,0.04526111296054296,0.2612648527137935,0.14745761971425964,0.09854378937743605,0.40377597957849504,8.037977367380902e-05
818,0.044429734620280215,0.2742125751916319,0.15073835392977344,0.09956084601581097,0.40799992606043817,7.952770885091529e-05
819,0.046174519193209564,0.2689736383967102,0.15290588815842057,0.1008876057807356,0.4112073555588722,7.867979391978378e-05
820,0.046001526814598036,0.27185669327154754,0.15296436599310254,0.10071241562254726,0.41470612213015556,7.783603724899227e-05
821,0.04458893481569248,0.2726177508942783,0.15143516722600908,0.09918832513503731,0.40599102824926375,7.699644716607876e-05
822,0.0451113993502986,0.2703159150201827,0.15038040490762797,0.09898734739981592,0.406963736563921,7.616103195745818e-05
823,0.04462187765311683,0.26617143843322993,0.15252370664238696,0.10010475041344762,0.4086979150772095,7.532979986834157e-05
824,0.044974608006441485,0.26328074242919686,0.1505053242231952,0.09965651645325124,0.4072799481451511,7.450275910265394e-05
825,0.043806803940742614,0.27028320338577033,0.14577716745698127,0.09806835670024157,0.40441191866993903,7.367991782295372e-05
826,0.044182119841480016,0.2690384740941226,0.15035216518008382,0.09962649182416498,0.40683923065662386,7.286128415035218e-05
827,0.04379741656866827,0.2705033015925437,0.15082666243833956,0.09963269191794097,0.40729056522250173,7.204686616443333e-05
828,0.04422982477899495,0.26453181365504863,0.148720525126555,0.09903849246911704,0.4077326528728008,7.123667190317379e-05
829,0.04505533705705602,0.27279179650358854,0.14820835273276317,0.09829873088747262,0.4060119718313217,7.04307093628636e-05
830,0.04419470663242464,0.2737805117852986,0.15249595171189867,0.10053979479707778,0.40689541175961497,6.962898649802806e-05
831,0.04452249895193745,0.27417107434011995,0.14813316760701128,0.09812014615163207,0.40792477801442145,6.883151122134795e-05
832,0.04465012322752955,0.2707209290005267,0.15318183815397787,0.10034626116976142,0.4107488825917244,6.803829140358208e-05
833,0.04476456997317655,0.26851324513554575,0.1592516754142707,0.10283800838515163,0.4145950794219971,6.724933487349033e-05
834,0.04528117821646447,0.27242993847467006,0.14842868014093255,0.09887084970250726,0.40842215269804,6.646464941775482e-05
835,0.04455507016946285,0.2689040794502944,0.15309984334744514,0.10000393171794712,0.4102954208850861,6.56842427809043e-05
836,0.045399506986814234,0.2692609766498208,0.1488754758713185,0.09858779041096569,0.40774971470236776,6.4908122665237e-05
837,0.04508939636134528,0.2616172312758863,0.14820932343864116,0.09868454462848604,0.4061602480709553,6.413629673074545e-05
838,0.044796762499026956,0.2701142781879753,0.150361723738024,0.09957786919549108,0.408319678157568,6.336877259503976e-05
839,0.04429068571089374,0.2683042129967362,0.1515207433141768,0.10002497974783182,0.4083868935704231,6.26055578332735e-05
840,0.04433737514700624,0.2711295002605766,0.15158167764311656,0.09975307937711478,0.4083971336483955,6.184665997806806e-05
841,0.04360281571371161,0.25967793380841614,0.15413830654870253,0.10117473066784441,0.41123474985361097,6.109208651943906e-05
842,0.04423853473335839,0.27381317587569354,0.15278307625703746,0.09973295079544187,0.40964291989803314,6.0341844904721806e-05
843,0.0444061633182173,0.2595543989446014,0.15292571589816362,0.10039071971550584,0.41139097809791564,5.9595942538498064e-05
844,0.04394646573964565,0.2697228823788464,0.1517004006440402,0.09947985103353858,0.40840828195214274,5.885438678252317e-05
845,0.044241834028071025,0.26705246437340974,0.15046033051621635,0.09922411385923624,0.40727531909942627,5.811718495565313e-05
846,0.04390112043101908,0.27232492635957894,0.152607050203369,0.09977325731888413,0.4099706545472145,5.738434433377229e-05
847,0.04315186387043468,0.2568727657198906,0.1474324732349487,0.09821687648072838,0.40764710754156114,5.665587214972159e-05
848,0.04398123996061258,0.26709366156719627,0.14929492782684975,0.09899175320751966,0.409063146263361,5.593177559322762e-05
849,0.04476387906461241,0.2677829854656011,0.15183826873690123,0.10006362474523485,0.4105750747025013,5.521206181083096e-05
850,0.04416589723559809,0.27139608971774576,0.15045786750270054,0.09924162179231644,0.40881521850824354,5.449673790581596e-05
851,0.04424462417464383,0.2617288947105408,0.15075580034172162,0.09989768480882048,0.41022066697478293,5.378581093814085e-05
852,0.04383851601633069,0.26526497704908253,0.1515700140836998,0.10017064670100809,0.4094078570604324,5.3079287924367966e-05
853,0.04362210780845999,0.2739312225021422,0.15136266978515778,0.09982305346056819,0.4094147399067879,5.237717583759407e-05
854,0.04344717920175754,0.27316990750841796,0.14962964622245636,0.0992746374104172,0.40714477449655534,5.1679481607381916e-05
855,0.04367463409062111,0.2719156764447689,0.15124866517580812,0.09962336895987392,0.40994822308421136,5.098621211969209e-05
856,0.04327141615922301,0.26339769787155093,0.15038943637919147,0.09966138773597777,0.40901579782366754,5.029737421681432e-05
857,0.04215593461749449,0.26497676079161464,0.1516735198776587,0.0999339866451919,0.4099023759365082,4.961297469730083e-05
858,0.04417580210783854,0.2650774187408388,0.15007719050045126,0.09935799012891948,0.4080172203481197,4.893302031589844e-05
859,0.04320817994457684,0.26125046573579314,0.1526796932477737,0.100010339403525,0.40873617902398107,4.825751778348245e-05
860,0.04255914912937442,0.2727001027204096,0.15079896424576872,0.09946911307051778,0.40946185365319254,4.7586473766990186e-05
861,0.04447123813806684,0.26982305459678174,0.15119337898649973,0.10025712642818689,0.41311346739530563,4.6919894889355024e-05
862,0.04262017940836813,0.2699154326226562,0.1505764917426859,0.09934989414177835,0.40624791458249093,4.625778772944136e-05
863,0.04425583164111231,0.2641258898191154,0.15051338239281903,0.09949098294600844,0.40819107592105863,4.5600158821979796e-05
864,0.043813405576293006,0.2693240938708186,0.15253123841102934,0.10003740736283362,0.41079172790050505,4.4947014657502034e-05
865,0.043694319125006584,0.2658129913266748,0.1506315915074083,0.09907324453815818,0.4086361758410931,4.4298361682277215e-05
866,0.04270885586438453,0.27494215555489065,0.14938380880339536,0.0990369763225317,0.40771509855985644,4.365420629824849e-05
867,0.043476748606644834,0.2664281212724745,0.1544208956809598,0.10076966914348304,0.41136804446578024,4.3014554862969324e-05
868,0.04285632737064589,0.2626989364158362,0.14709699327941053,0.09774699793197214,0.40685810819268226,4.237941368954111e-05
869,0.042962972413397436,0.26615272792987527,0.15082515958783915,0.09888320658355951,0.4088429965078831,4.174878904655087e-05
870,0.0426857446395843,0.26048636906780304,0.15252816849970258,0.10008965744636952,0.4095301903784275,4.11226871580093e-05
871,0.042528732784558085,0.26376218763180076,0.15025714170187712,0.09903090791776777,0.40994634926319123,4.0501114203289265e-05
872,0.04319623562105335,0.26754954089410604,0.15121106515580324,0.09942959900945425,0.40847722738981246,3.9884076317064796e-05
873,0.04385297694361725,0.266055167093873,0.14988448705989868,0.09913050346076488,0.40944153293967245,3.9271579589250695e-05
874,0.04355017113321082,0.27546829846687615,0.15199761189724087,0.09968367870897055,0.4097447022795677,3.866363006494244e-05
875,0.042572672630194576,0.2673023925628513,0.15275932745134924,0.09950127727352083,0.41207457035779954,3.806023374435652e-05
876,0.04214655710020452,0.25863395403139294,0.1505675643653376,0.09900947371497751,0.40950986817479135,3.746139658277081e-05
877,0.042708251675139766,0.2610004523769021,0.150472996730241,0.09894927060231566,0.40940829589962957,3.686712449046659e-05
878,0.04287689569564464,0.25780034461058676,0.1501934066764079,0.0991878294851631,0.40870311409235,3.6277423332669265e-05
879,0.04233989640197251,0.2759134240914136,0.14859772001218516,0.0984305209480226,0.40720935016870496,3.569229892949134e-05
880,0.043508686186942216,0.25837251730263233,0.14752571345015894,0.09809872754849494,0.40710423812270163,3.511175705587417e-05
881,0.04283668798134386,0.2696689875330776,0.14766824384278152,0.09787339279428124,0.4088031820952892,3.453580344153202e-05
882,0.04234765620876715,0.26569748925976455,0.14921532554435543,0.09864924759604037,0.4071586482226849,3.396444377089443e-05
883,0.042754702796355556,0.26254357513971627,0.14901526188477873,0.09866337217390538,0.4075739733874798,3.3397683683050696e-05
884,0.04282755946414909,0.2613436091691256,0.15082196687872057,0.09925735210999846,0.4096848487854004,3.283552877169389e-05
885,0.042451934397377045,0.25998746156692504,0.14795937281014632,0.09815221908502281,0.4080445319414139,3.2277984585066264e-05
886,0.042179644099451255,0.26373793254606426,0.15045262122002895,0.09895247011445463,0.40927712321281434,3.172505662590376e-05
887,0.0426286388020344,0.2626811713445932,0.14825278544449247,0.09819069355726243,0.40780476331710813,3.117675035138202e-05
888,0.042788116535393786,0.2667699134442955,0.14788938482379307,0.09823306952603161,0.4073726341128349,3.063307117306287e-05
889,0.042808007751318655,0.2686502085532993,0.14888000020437175,0.09859271873719991,0.4086659252643585,3.009402445684008e-05
890,0.04299958380561293,0.2573051052633673,0.1521307566901669,0.0998703639023006,0.40860751941800116,2.9559615522887237e-05
891,0.04197824516040782,0.2766432831995189,0.14978816327347885,0.09834821103140712,0.4094416081905365,2.902984964560464e-05
892,0.04281960946682375,0.26891561415977777,0.15003481171588645,0.09896281603723764,0.41136682629585264,2.8504732053567647e-05
893,0.04413447271390396,0.2631535123102367,0.15058975540305256,0.09940837793983519,0.4089833587408066,2.798426792947508e-05
894,0.042841898834922176,0.26367295109666883,0.15158819987700553,0.09983198144473135,0.41120931059122084,2.746846241009756e-05
895,0.04249502212178413,0.2626930772792548,0.15042102662846446,0.09884956208989024,0.41028191819787024,2.6957320586227266e-05
896,0.04207613514045079,0.25765893049538136,0.1505467270471854,0.09883237057365477,0.4095830529928207,2.64508475026278e-05
897,0.042075006240611404,0.26798840505070987,0.15074162887467538,0.09915278237313033,0.409849239885807,2.594904815798396e-05
898,0.04188611507852329,0.25962176085449756,0.15240124835981989,0.09972397699020803,0.4088857337832451,2.545192750485256e-05
899,0.042873077531203306,0.26936054416000843,0.15213147079048212,0.09935263954102994,0.4102251909673214,2.4959490449614016e-05
900,0.042395941164795656,0.25947681050747634,0.15095956616278272,0.0991038141772151,0.40693282186985014,2.4471741852423154e-05
901,0.04358753795327175,0.2686817060224712,0.15121215220278827,0.09944276246242226,0.40888402983546257,2.3988686527161662e-05
902,0.04204463565893093,0.2671981290448457,0.15111617734655738,0.09900829107500612,0.40874845907092094,2.351032924139055e-05
903,0.04140517549967626,0.2711949755437672,0.1512841408184613,0.09893024815246462,0.4087670907378197,2.3036674716303198e-05
904,0.041927805920204265,0.2559468979947269,0.14905241042142733,0.09817378604784607,0.40949238613247874,2.256772762667845e-05
905,0.04238265008516464,0.25868030497804284,0.15224734370276566,0.09921221509575844,0.4109924897551537,2.2103492600834867e-05
906,0.041552267539645985,0.2634392354171723,0.14972956593119308,0.09840016951784492,0.4081105016171932,2.1643974220584656e-05
907,0.04244822482887685,0.26658529047854246,0.15102815091813682,0.09879310121759773,0.40906775593757627,2.1189177021188818e-05
908,0.042165411667292575,0.2595173998735845,0.15179897253401578,0.09922410668805241,0.4121734522283077,2.0739105491312015e-05
909,0.04328267690016219,0.2620069277472794,0.15123580576328094,0.09929794855415822,0.4079054929316044,2.029376407297855e-05
910,0.04223695479813614,0.26184112755581734,0.1553510254030698,0.10037252819165587,0.41123042851686475,1.9853157161528404e-05
911,0.042649425694435195,0.2642801861278713,0.1474981847088202,0.09817449972033501,0.40973168462514875,1.9417289105573995e-05
912,0.04237125028466835,0.2659454869572073,0.1508985954525997,0.0989543467760086,0.40824127942323685,1.898616420695703e-05
913,0.04182777099913437,0.2591848324518651,0.15116748280415776,0.09947060169652104,0.4083338350057602,1.8559786720706125e-05
914,0.042387525798585554,0.26918228566646574,0.15057119587581838,0.09894874966703356,0.4073380418121815,1.8138160854995087e-05
915,0.04209442120118183,0.2683148172684014,0.14999814253096702,0.09859830904752016,0.4084813043475151,1.772129077110096e-05
916,0.04181884465406256,0.26591545762494206,0.14946772365365177,0.09859609911218285,0.40780225917696955,1.7309180583363e-05
917,0.0414697762709693,0.2564281037542969,0.15086080180917633,0.09913661433383822,0.4106325522065163,1.690183435914255e-05
918,0.041595290030636535,0.2600077895913273,0.15203682700375792,0.0996570745948702,0.4085987344384193,1.6499256118782445e-05
919,0.04177586659034205,0.2556722203269601,0.1512999058191781,0.09903070498257875,0.4092404268682003,1.6101449835567274e-05
920,0.041933324375168016,0.2588044164702296,0.15066136066161562,0.09897414967417717,0.4070759080350399,1.570841943568441e-05
921,0.043518407211468005,0.2652810798492283,0.15130679000285455,0.09902425170876086,0.4080649890005589,1.532016879818532e-05
922,0.04173012936007581,0.26352472314611075,0.1521123536149389,0.09940517502836883,0.4085943318903446,1.493670175494705e-05
923,0.043047666491202105,0.26941813314333557,0.14975222887005657,0.09888237719424069,0.4100784532725811,1.4558022090634454e-05
924,0.04195819743690663,0.26987037174403666,0.15064445927855558,0.09872287227772177,0.40977220237255096,1.4184133542662964e-05
925,0.04229729704229612,0.2617208063136786,0.14920216964965222,0.09813116872683167,0.4082294575870037,1.3815039801161674e-05
926,0.04164846701014539,0.2547089389991015,0.1521390300040366,0.09955369089730084,0.40798552632331847,1.3450744508936696e-05
927,0.04143362681852523,0.25835215440019965,0.15189037460804683,0.09938268610276282,0.40878172144293784,1.3091251261435578e-05
928,0.04247551366934203,0.25910160392522813,0.14940658325795084,0.09857167862355709,0.4071237802505493,1.273656360671134e-05
929,0.04255814786829433,0.27073180880397557,0.1486097802495351,0.09814092409797012,0.4072481893002987,1.2386685045388272e-05
930,0.04191576998309756,0.24974047667346894,0.150976052704209,0.09888916285708546,0.4082365304231644,1.20416190306263e-05
931,0.041987944660195356,0.2604140580166131,0.14977614356321284,0.09828119175508618,0.41065181121230127,1.1701368968087673e-05
932,0.04140269913332304,0.26377507555298507,0.14988871300738538,0.09862960302270948,0.410253743827343,1.1365938215903223e-05
933,0.041999560651584035,0.2667768294457346,0.1514115337151452,0.09887467916123568,0.40910698398947715,1.1035330084639103e-05
934,0.0415036094153038,0.2689209067262709,0.15065783651953096,0.09854048672132194,0.40825837180018426,1.0709547837263932e-05
935,0.04214694426800634,0.26812320221215485,0.15108797869615956,0.09863474913872779,0.4101397044956684,1.0388594689117037e-05
936,0.041935172025387144,0.26260366584174333,0.14850768566539047,0.09812605120241642,0.4079474709928036,1.0072473807876537e-05
937,0.04088460000584746,0.2583674933295697,0.1514353808699525,0.09904908323660493,0.41047006845474243,9.761188313527815e-06
938,0.041250826823488754,0.2612289563752711,0.15116717886121478,0.0988306099548936,0.4102847158908844,9.454741278332982e-06
939,0.04120394738329196,0.26252683307975533,0.15027435373340267,0.09875013730488717,0.40988139286637304,9.15313572680057e-06
940,0.04189029262270196,0.2618475548457354,0.1480296943016583,0.09800417181104422,0.409227430075407,8.856374635655612e-06
941,0.041554296019694445,0.26231678323820234,0.1519828678428894,0.09940619417466223,0.4100458167493343,8.564460933810388e-06
942,0.04203390868633505,0.2651038544718176,0.15034350368805463,0.09868088643997908,0.4086964912712574,8.277397502335114e-06
943,0.04099863510582509,0.2572833329439163,0.15079654907167422,0.09865099587477744,0.41015834286808966,7.995187174430129e-06
944,0.041516078514086986,0.26273050541058185,0.1489888949523447,0.09835348008200526,0.40885673835873604,7.717832735397312e-06
945,0.04182384818832361,0.2644169150851667,0.15162243458180455,0.09900489705614746,0.41047973856329917,7.445336922613044e-06
946,0.04091594333367539,0.25687586241401733,0.15080069748073582,0.09887594287283719,0.40770363733172416,7.1777024255009545e-06
947,0.04188448221811995,0.26499329921789466,0.14846801323874387,0.09805559129454196,0.4078544117510319,6.91493188550555e-06
948,0.04106179095042535,0.25134486113674936,0.14858549348573433,0.09816267327405512,0.4101000763475895,6.657027896065961e-06
949,0.04125622069404926,0.26173353805206717,0.15038457986956927,0.0985978287179023,0.40883850380778314,6.4039930025904055e-06
950,0.041692193497055996,0.26306520658545196,0.15322349306079558,0.0997405807953328,0.4102740742266178,6.1558297024311524e-06
951,0.04144300739808386,0.26210483522154393,0.1516368400887586,0.09913024599663914,0.4090472921729088,5.912540444859765e-06
952,0.042104929880952116,0.26500433874316515,0.15038393620197893,0.09852974251843989,0.40989216417074203,5.6741276310430085e-06
953,0.041887285763732504,0.26397229577414694,0.1512411237170454,0.09907911568880082,0.4092889308929443,5.440593614019091e-06
954,0.041939463273047296,0.2634631090797484,0.1527624305934296,0.09950997298583389,0.4106444761157036,5.211940698674518e-06
955,0.041273964309493746,0.2602716268971562,0.15133841617789584,0.09917512713000179,0.40790586173534393,4.9881711417212166e-06
956,0.0422362405873173,0.2644957606680691,0.15156635160674342,0.09912055805325508,0.4114707991480827,4.7692871516743914e-06
957,0.040880938856571444,0.25844128485769036,0.15094873800408096,0.09885691329836846,0.40841007232666016,4.5552908888306516e-06
958,0.04170185652756118,0.2551517175976187,0.1515528424832155,0.09902394572272896,0.40892739668488504,4.346184465246692e-06
959,0.04156456305536267,0.269281683396548,0.14987810616585193,0.09819706035777927,0.41037109196186067,4.141969944718592e-06
960,0.04141115975980938,0.2628662050701678,0.15382255937583977,0.09996576639823615,0.41220803260803224,3.9426493427611055e-06
961,0.04120637249388892,0.2599079961422831,0.1511267350622802,0.09872468044050038,0.4101201772689819,3.748224626588125e-06
962,0.04092580566784818,0.2615546105895191,0.15186457282252377,0.09926411830820144,0.4100003182888031,3.5586977150931954e-06
963,0.04215050086031624,0.2584100903943181,0.15252880958869355,0.09984006253071129,0.4096704989671707,3.374070478830305e-06
964,0.04154655381353223,0.2607015945482999,0.15113419554691063,0.09906961186788976,0.41094188317656516,3.1943447399957925e-06
965,0.04198143270086803,0.27154272366315124,0.14875324866879963,0.09809240968897939,0.40959791988134386,3.0195222724101375e-06
966,0.041421814864588666,0.2618743259459734,0.15141511060501217,0.09908490465022624,0.408868994563818,2.8496048015005297e-06
967,0.040746874262276835,0.26418060031719504,0.1510126382650924,0.09872019495815039,0.40989885702729223,2.6845940042838276e-06
968,0.04100013937131734,0.2600096341222525,0.15265851291042054,0.0994249027222395,0.41054599583148954,2.5244915093499056e-06
969,0.04203564258950791,0.2629773635417223,0.15236327943275682,0.09916844312101603,0.41064572930335996,2.3692988968458324e-06
970,0.04152171964533409,0.26862197001464666,0.14863393786508822,0.0982076849322766,0.4101782500743866,2.2190176984599955e-06
971,0.04095513483525792,0.26352153359912334,0.15111576895869802,0.09887796021066605,0.4088787272572517,2.0736493974071678e-06
972,0.042175014799431663,0.2600756944157183,0.1506487584527349,0.09892327869310975,0.4114887036383152,1.9331954284137425e-06
973,0.04163915875160455,0.2614893833640963,0.14985799575224518,0.09854777553118765,0.41017852947115896,1.7976571777037994e-06
974,0.04148171799879492,0.26026322292163967,0.150813452663715,0.0987782459706068,0.40782851055264474,1.6670359829850612e-06
975,0.041196131478272946,0.2542186423204839,0.1511571904498851,0.09880212158896029,0.41057582646608354,1.5413331334360138e-06
976,0.04156281504165236,0.2645884117111564,0.15200911299034486,0.09905857527628541,0.4097776971757412,1.420549869693029e-06
977,0.04120323717884276,0.2631411598995328,0.15117036041629034,0.09893900025635957,0.4105979613959789,1.3046873838381508e-06
978,0.042889996930534836,0.2604439869057387,0.15132935742440168,0.09896574066951871,0.41056773290038107,1.1937468193873833e-06
979,0.04099394232025588,0.26092984052374957,0.14995840912888525,0.09849711833521724,0.4094298526644707,1.0877292712792555e-06
980,0.042510440600381116,0.2654993805103004,0.15165555661660618,0.09910358963534235,0.4090515114367008,9.866357858642177e-07
981,0.04122103714253171,0.2679932828061283,0.15052463186002568,0.098575231526047,0.4099219486117363,8.904673608940958e-07
982,0.04183015693160996,0.2715047047007829,0.15030351367895492,0.09864586093463004,0.4097184926271439,7.992249455124867e-07
983,0.04119204156240812,0.26507002059370277,0.14979103389778176,0.09879090967588126,0.41017297506332395,7.129094402450999e-07
984,0.04121699706884101,0.26934451605193316,0.15078331986587729,0.09855716964229941,0.4117386110126972,6.315216969912644e-07
985,0.04177245548726205,0.25957618704997004,0.15136077644419857,0.09909370285458863,0.4101016953587532,5.550625190150466e-07
986,0.041890091053937796,0.2648894166108221,0.15233950673427898,0.09934613206423819,0.41037373766303065,4.835326609376453e-07
987,0.0408562566175533,0.2648732149042189,0.15172063713980605,0.09934614258818328,0.4080729685723782,4.1693282872995325e-07
988,0.04223607398580498,0.26091799535788596,0.15296986359462608,0.09976055244915187,0.4088976591825485,3.5526367970539657e-07
989,0.04093454533713157,0.2630508319474757,0.15101916207058821,0.09871310996823013,0.41044445633888244,2.985258225135503e-07
990,0.04109733653349394,0.25472252489998937,0.148346921778284,0.09793474776670337,0.4116860628128052,2.4671981713419924e-07
991,0.04121969328543855,0.2593960344325751,0.15134317477641163,0.09896863298490644,0.40985403656959535,1.9984617487173113e-07
992,0.041929176777648534,0.26034885249100626,0.14989161369303475,0.0983789776917547,0.40856346786022185,1.5790535835002957e-07
993,0.040562750657591094,0.25822683912701905,0.15110015385580483,0.09910543160513044,0.4089449144899845,1.2089778150797776e-07
994,0.04126570860207721,0.2695032165385783,0.15086669656157028,0.09888464552350343,0.4089983992278576,8.88238095955171e-08
995,0.041008996059554194,0.27037058118730783,0.15035693703248398,0.09885197938419879,0.40970215424895284,6.168375916970595e-08
996,0.04207756138471268,0.26694666035473347,0.15066425210243323,0.09868084634654224,0.40973137468099596,3.9477898091944e-08
997,0.04150968304684284,0.25951873972080647,0.149981707338884,0.09860678049735724,0.40772934108972547,2.220644552508581e-08
998,0.041482155055200566,0.26175498380325735,0.151290390160284,0.09887500163167715,0.4090502314269543,9.8695719314423e-09
999,0.04116310234267075,0.256305213784799,0.14934284088958522,0.0981444691773504,0.4095305159687996,2.4673990708934305e-09
1000,0.04211355805423409,0.26062311525456605,0.1512580375740072,0.09895463595166802,0.4087748885154724,0.0
